split,investor,context,weight
0,foreign,kospi_return_1d,-0.0006377589888870716
0,foreign,fx_level_z_252,-0.02395538054406643
0,institution,kospi_return_1d,-0.010921050794422626
0,institution,fx_level_z_252,0.0003754514327738434
0,retail,kospi_return_1d,0.016863727942109108
0,retail,fx_level_z_252,0.01974516734480858
1,foreign,kospi_return_1d,0.0063728089444339275
1,foreign,fx_level_z_252,-0.014132143929600716
1,institution,kospi_return_1d,-0.01272132433950901
1,institution,fx_level_z_252,-0.0035958257503807545
1,retail,kospi_return_1d,0.01884179562330246
1,retail,fx_level_z_252,0.021615589037537575
2,foreign,kospi_return_1d,0.010467701591551304
2,foreign,fx_level_z_252,-0.006387391593307257
2,institution,kospi_return_1d,-0.01471643801778555
2,institution,fx_level_z_252,-0.0026790641713887453
2,retail,kospi_return_1d,0.01738566718995571
2,retail,fx_level_z_252,0.013324187137186527
3,foreign,kospi_return_1d,0.0010714263189584017
3,foreign,fx_level_z_252,-0.01449607964605093
3,institution,kospi_return_1d,-0.013266106136143208
3,institution,fx_level_z_252,-0.000965095532592386
3,retail,kospi_return_1d,0.025453785434365273
3,retail,fx_level_z_252,0.022120628505945206
4,foreign,kospi_return_1d,0.008834268897771835
4,foreign,fx_level_z_252,-0.017944373190402985
4,institution,kospi_return_1d,-0.013812419958412647
4,institution,fx_level_z_252,-0.0002192909159930423
4,retail,kospi_return_1d,0.01907489076256752
4,retail,fx_level_z_252,0.019192853942513466
5,foreign,kospi_return_1d,0.009558028541505337
5,foreign,fx_level_z_252,-0.029901891946792603
5,institution,kospi_return_1d,-0.016745589673519135
5,institution,fx_level_z_252,-0.0006096916040405631
5,retail,kospi_return_1d,0.020450370386242867
5,retail,fx_level_z_252,0.034991417080163956
6,foreign,kospi_return_1d,0.01089764479547739
6,foreign,fx_level_z_252,-0.007772214710712433
6,institution,kospi_return_1d,-0.01525402907282114
6,institution,fx_level_z_252,-0.003371189581230283
6,retail,kospi_return_1d,0.017652949318289757
6,retail,fx_level_z_252,0.02259824238717556
7,foreign,kospi_return_1d,0.008638772182166576
7,foreign,fx_level_z_252,-0.019929900765419006
7,institution,kospi_return_1d,-0.014495888724923134
7,institution,fx_level_z_252,-0.0011268806410953403
7,retail,kospi_return_1d,0.016196781769394875
7,retail,fx_level_z_252,0.02649635076522827
8,foreign,kospi_return_1d,0.017374223098158836
8,foreign,fx_level_z_252,-0.016050491482019424
8,institution,kospi_return_1d,-0.010863388888537884
8,institution,fx_level_z_252,-0.0027159189339727163
8,retail,kospi_return_1d,0.009228885173797607
8,retail,fx_level_z_252,0.01616916060447693
9,foreign,kospi_return_1d,-1.2797287126886658e-05
9,foreign,fx_level_z_252,-0.020134437829256058
9,institution,kospi_return_1d,-0.012897444888949394
9,institution,fx_level_z_252,-0.001793587813153863
9,retail,kospi_return_1d,0.03002062812447548
9,retail,fx_level_z_252,0.02561512589454651
10,foreign,kospi_return_1d,0.003085152246057987
10,foreign,fx_level_z_252,-0.016604004427790642
10,institution,kospi_return_1d,-0.015002655796706676
10,institution,fx_level_z_252,-0.0015298181679099798
10,retail,kospi_return_1d,0.028986185789108276
10,retail,fx_level_z_252,0.02281520515680313
11,foreign,kospi_return_1d,-5.816006159875542e-05
11,foreign,fx_level_z_252,-0.02420949377119541
11,institution,kospi_return_1d,-0.013502996414899826
11,institution,fx_level_z_252,-0.00043495086720213294
11,retail,kospi_return_1d,0.03637291491031647
11,retail,fx_level_z_252,0.027724549174308777
12,foreign,kospi_return_1d,0.0007517847116105258
12,foreign,fx_level_z_252,-0.026256047189235687
12,institution,kospi_return_1d,-0.014003120362758636
12,institution,fx_level_z_252,-0.00028546081739477813
12,retail,kospi_return_1d,0.030106937512755394
12,retail,fx_level_z_252,0.02717471867799759
13,foreign,kospi_return_1d,0.0016975323669612408
13,foreign,fx_level_z_252,-0.03866402804851532
13,institution,kospi_return_1d,-0.017066409811377525
13,institution,fx_level_z_252,-0.00019767851335927844
13,retail,kospi_return_1d,0.03233198821544647
13,retail,fx_level_z_252,0.04377983883023262
14,foreign,kospi_return_1d,0.0015010600909590721
14,foreign,fx_level_z_252,-0.018564948812127113
14,institution,kospi_return_1d,-0.015287928283214569
14,institution,fx_level_z_252,-0.0031637984793633223
14,retail,kospi_return_1d,0.027704281732439995
14,retail,fx_level_z_252,0.032842449843883514
15,foreign,kospi_return_1d,0.0006282086251303554
15,foreign,fx_level_z_252,-0.028182538226246834
15,institution,kospi_return_1d,-0.014928065240383148
15,institution,fx_level_z_252,-0.00021892559016123414
15,retail,kospi_return_1d,0.028609570115804672
15,retail,fx_level_z_252,0.035947106778621674
16,foreign,kospi_return_1d,0.005517477635294199
16,foreign,fx_level_z_252,-0.02557920478284359
16,institution,kospi_return_1d,-0.011713354848325253
16,institution,fx_level_z_252,-0.001563743338920176
16,retail,kospi_return_1d,0.019984491169452667
16,retail,fx_level_z_252,0.026976466178894043
17,foreign,kospi_return_1d,0.013613163493573666
17,foreign,fx_level_z_252,-0.010871974751353264
17,institution,kospi_return_1d,-0.01765265502035618
17,institution,fx_level_z_252,-0.0077518317848443985
17,retail,kospi_return_1d,0.03278416022658348
17,retail,fx_level_z_252,0.02350788190960884
18,foreign,kospi_return_1d,0.00015884812455624342
18,foreign,fx_level_z_252,-0.018206223845481873
18,institution,kospi_return_1d,-0.016492320224642754
18,institution,fx_level_z_252,-0.005275730509310961
18,retail,kospi_return_1d,0.039304062724113464
18,retail,fx_level_z_252,0.030950916931033134
19,foreign,kospi_return_1d,0.00633094971999526
19,foreign,fx_level_z_252,-0.020046886056661606
19,institution,kospi_return_1d,-0.016753826290369034
19,institution,fx_level_z_252,-0.0052815647795796394
19,retail,kospi_return_1d,0.03304586559534073
19,retail,fx_level_z_252,0.03065052069723606
20,foreign,kospi_return_1d,0.006422132719308138
20,foreign,fx_level_z_252,-0.03406558185815811
20,institution,kospi_return_1d,-0.019682370126247406
20,institution,fx_level_z_252,-0.005428563803434372
20,retail,kospi_return_1d,0.03648080676794052
20,retail,fx_level_z_252,0.04816786199808121
21,foreign,kospi_return_1d,0.0075288997031748295
21,foreign,fx_level_z_252,-0.016220947727560997
21,institution,kospi_return_1d,-0.018029388040304184
21,institution,fx_level_z_252,-0.008712929673492908
21,retail,kospi_return_1d,0.032312627881765366
21,retail,fx_level_z_252,0.03510183468461037
22,foreign,kospi_return_1d,0.005915804300457239
22,foreign,fx_level_z_252,-0.023264162242412567
22,institution,kospi_return_1d,-0.01733357086777687
22,institution,fx_level_z_252,-0.005947524216026068
22,retail,kospi_return_1d,0.03348131105303764
22,retail,fx_level_z_252,0.034654587507247925
23,foreign,kospi_return_1d,0.00980313215404749
23,foreign,fx_level_z_252,-0.01938989758491516
23,institution,kospi_return_1d,-0.01364817749708891
23,institution,fx_level_z_252,-0.006790331564843655
23,retail,kospi_return_1d,0.02074059471487999
23,retail,fx_level_z_252,0.024910785257816315
24,foreign,kospi_return_1d,0.003635157598182559
24,foreign,fx_level_z_252,-0.0047147260047495365
24,institution,kospi_return_1d,-0.017975948750972748
24,institution,fx_level_z_252,-0.0029676056001335382
24,retail,kospi_return_1d,0.03582186996936798
24,retail,fx_level_z_252,0.01593168079853058
25,foreign,kospi_return_1d,0.01016303338110447
25,foreign,fx_level_z_252,-0.010996222496032715
25,institution,kospi_return_1d,-0.018382245674729347
25,institution,fx_level_z_252,-0.004212952218949795
25,retail,kospi_return_1d,0.03380867838859558
25,retail,fx_level_z_252,0.02162722311913967
26,foreign,kospi_return_1d,0.01123692374676466
26,foreign,fx_level_z_252,-0.024540763348340988
26,institution,kospi_return_1d,-0.02165956236422062
26,institution,fx_level_z_252,-0.004443753510713577
26,retail,kospi_return_1d,0.03463391587138176
26,retail,fx_level_z_252,0.04033377021551132
27,foreign,kospi_return_1d,0.011437980458140373
27,foreign,fx_level_z_252,-0.008863375522196293
27,institution,kospi_return_1d,-0.01970764808356762
27,institution,fx_level_z_252,-0.007803058717399836
27,retail,kospi_return_1d,0.0315324030816555
27,retail,fx_level_z_252,0.024383623152971268
28,foreign,kospi_return_1d,0.009385744109749794
28,foreign,fx_level_z_252,-0.013316746801137924
28,institution,kospi_return_1d,-0.01915447600185871
28,institution,fx_level_z_252,-0.005171355791389942
28,retail,kospi_return_1d,0.0328654982149601
28,retail,fx_level_z_252,0.026745514944195747
29,foreign,kospi_return_1d,0.013384544290602207
29,foreign,fx_level_z_252,-0.012169125489890575
29,institution,kospi_return_1d,-0.01599416881799698
29,institution,fx_level_z_252,-0.005559578072279692
29,retail,kospi_return_1d,0.018468312919139862
29,retail,fx_level_z_252,0.014143478125333786
30,foreign,kospi_return_1d,-0.014276930131018162
30,foreign,fx_level_z_252,-0.011464016512036324
30,institution,kospi_return_1d,-0.016605528071522713
30,institution,fx_level_z_252,-0.0025529435370117426
30,retail,kospi_return_1d,0.04137369245290756
30,retail,fx_level_z_252,0.02875439263880253
31,foreign,kospi_return_1d,0.0016791676171123981
31,foreign,fx_level_z_252,-0.0331142358481884
31,institution,kospi_return_1d,-0.02067183144390583
31,institution,fx_level_z_252,-0.0026650296058505774
31,retail,kospi_return_1d,0.042747028172016144
31,retail,fx_level_z_252,0.044895466417074203
32,foreign,kospi_return_1d,0.0014149609487503767
32,foreign,fx_level_z_252,-0.01654118485748768
32,institution,kospi_return_1d,-0.01865280419588089
32,institution,fx_level_z_252,-0.00573952030390501
32,retail,kospi_return_1d,0.03854449465870857
32,retail,fx_level_z_252,0.03503134846687317
33,foreign,kospi_return_1d,0.0005312969442456961
33,foreign,fx_level_z_252,-0.02303771674633026
33,institution,kospi_return_1d,-0.018331805244088173
33,institution,fx_level_z_252,-0.002858996158465743
33,retail,kospi_return_1d,0.040989238768815994
33,retail,fx_level_z_252,0.034371741116046906
34,foreign,kospi_return_1d,0.003368695732206106
34,foreign,fx_level_z_252,-0.020351123064756393
34,institution,kospi_return_1d,-0.014048496261239052
34,institution,fx_level_z_252,-0.004003811627626419
34,retail,kospi_return_1d,0.030078189447522163
34,retail,fx_level_z_252,0.025251533836126328
35,foreign,kospi_return_1d,0.008252915926277637
35,foreign,fx_level_z_252,-0.04416819289326668
35,institution,kospi_return_1d,-0.020471680909395218
35,institution,fx_level_z_252,-0.002214013133198023
35,retail,kospi_return_1d,0.03421064838767052
35,retail,fx_level_z_252,0.04995483532547951
36,foreign,kospi_return_1d,0.009047004394233227
36,foreign,fx_level_z_252,-0.01846022717654705
36,institution,kospi_return_1d,-0.018887333571910858
36,institution,fx_level_z_252,-0.004844529554247856
36,retail,kospi_return_1d,0.035793717950582504
36,retail,fx_level_z_252,0.03329133242368698
37,foreign,kospi_return_1d,0.00858610775321722
37,foreign,fx_level_z_252,-0.025361163541674614
37,institution,kospi_return_1d,-0.018497474491596222
37,institution,fx_level_z_252,-0.0026227757334709167
37,retail,kospi_return_1d,0.03474285081028938
37,retail,fx_level_z_252,0.03487172722816467
38,foreign,kospi_return_1d,0.01121608354151249
38,foreign,fx_level_z_252,-0.022519249469041824
38,institution,kospi_return_1d,-0.015763161703944206
38,institution,fx_level_z_252,-0.0033752976451069117
38,retail,kospi_return_1d,0.022255128249526024
38,retail,fx_level_z_252,0.025020193308591843
39,foreign,kospi_return_1d,0.01275676116347313
39,foreign,fx_level_z_252,-0.020705318078398705
39,institution,kospi_return_1d,-0.022378617897629738
39,institution,fx_level_z_252,-0.005475365091115236
39,retail,kospi_return_1d,0.03643462061882019
39,retail,fx_level_z_252,0.05028233677148819
40,foreign,kospi_return_1d,0.009246420115232468
40,foreign,fx_level_z_252,-0.03931063041090965
40,institution,kospi_return_1d,-0.021358733996748924
40,institution,fx_level_z_252,-0.0029609869234263897
40,retail,kospi_return_1d,0.033774327486753464
40,retail,fx_level_z_252,0.05425649881362915
41,foreign,kospi_return_1d,0.010045258328318596
41,foreign,fx_level_z_252,-0.0334223248064518
41,institution,kospi_return_1d,-0.01729331724345684
41,institution,fx_level_z_252,-0.004258319269865751
41,retail,kospi_return_1d,0.025140291079878807
41,retail,fx_level_z_252,0.04083091393113136
42,foreign,kospi_return_1d,-0.0022358389105647802
42,foreign,fx_level_z_252,-0.02460447885096073
42,institution,kospi_return_1d,-0.019484005868434906
42,institution,fx_level_z_252,-0.0059816064313054085
42,retail,kospi_return_1d,0.032213300466537476
42,retail,fx_level_z_252,0.038482099771499634
43,foreign,kospi_return_1d,0.013822193257510662
43,foreign,fx_level_z_252,-0.017423762008547783
43,institution,kospi_return_1d,-0.016374263912439346
43,institution,fx_level_z_252,-0.008461047895252705
43,retail,kospi_return_1d,0.02272087149322033
43,retail,fx_level_z_252,0.031272441148757935
44,foreign,kospi_return_1d,0.01578795351088047
44,foreign,fx_level_z_252,-0.029011135920882225
44,institution,kospi_return_1d,-0.015774060040712357
44,institution,fx_level_z_252,-0.0034583962988108397
44,retail,kospi_return_1d,0.01713748648762703
44,retail,fx_level_z_252,0.034081291407346725
