split,investor,feature,context,weight
0,foreign,momentum,kospi_return_1d,-0.008696064352989197
0,foreign,momentum,fx_level_z_252,-0.0019242000998929143
0,foreign,persist,kospi_return_1d,0.010484782978892326
0,foreign,persist,fx_level_z_252,0.0008847170975059271
0,foreign,underwater,kospi_return_1d,-0.0018584314966574311
0,foreign,underwater,fx_level_z_252,-0.006762058008462191
0,institution,momentum,kospi_return_1d,-0.002954894443973899
0,institution,momentum,fx_level_z_252,-0.00016600589151494205
0,institution,persist,kospi_return_1d,-5.2028524805791676e-05
0,institution,persist,fx_level_z_252,-0.00016695214435458183
0,institution,underwater,kospi_return_1d,0.0023391423746943474
0,institution,underwater,fx_level_z_252,0.00012647220864892006
0,retail,momentum,kospi_return_1d,0.0018198966281488538
0,retail,momentum,fx_level_z_252,0.0074662757106125355
0,retail,persist,kospi_return_1d,0.0020823399536311626
0,retail,persist,fx_level_z_252,-0.00027550983941182494
0,retail,underwater,kospi_return_1d,-0.0003386341268196702
0,retail,underwater,fx_level_z_252,-0.02590758353471756
1,foreign,momentum,kospi_return_1d,-0.009961958974599838
1,foreign,momentum,fx_level_z_252,-0.00544991297647357
1,foreign,persist,kospi_return_1d,0.002338539808988571
1,foreign,persist,fx_level_z_252,-0.0030957076232880354
1,foreign,underwater,kospi_return_1d,-0.002116610761731863
1,foreign,underwater,fx_level_z_252,-0.01172944251447916
1,institution,momentum,kospi_return_1d,-0.0017396833281964064
1,institution,momentum,fx_level_z_252,0.00013235103688202798
1,institution,persist,kospi_return_1d,-0.00025586006813682616
1,institution,persist,fx_level_z_252,-0.00016389063966926187
1,institution,underwater,kospi_return_1d,0.003553945804014802
1,institution,underwater,fx_level_z_252,0.0012622564099729061
1,retail,momentum,kospi_return_1d,0.003197701182216406
1,retail,momentum,fx_level_z_252,0.0030083192978054285
1,retail,persist,kospi_return_1d,-0.005325460806488991
1,retail,persist,fx_level_z_252,-0.0054055750370025635
1,retail,underwater,kospi_return_1d,0.0028704057913273573
1,retail,underwater,fx_level_z_252,-0.028210638090968132
2,foreign,momentum,kospi_return_1d,-0.009118674322962761
2,foreign,momentum,fx_level_z_252,-0.0005587845807895064
2,foreign,persist,kospi_return_1d,0.002534603700041771
2,foreign,persist,fx_level_z_252,-0.010259471833705902
2,foreign,underwater,kospi_return_1d,-0.0014969324693083763
2,foreign,underwater,fx_level_z_252,-0.010762766934931278
2,institution,momentum,kospi_return_1d,-0.0015084203332662582
2,institution,momentum,fx_level_z_252,-6.726414721924812e-05
2,institution,persist,kospi_return_1d,-0.00030081128352321684
2,institution,persist,fx_level_z_252,0.0001593391934875399
2,institution,underwater,kospi_return_1d,0.00482390308752656
2,institution,underwater,fx_level_z_252,0.0021859456319361925
2,retail,momentum,kospi_return_1d,0.0011839475482702255
2,retail,momentum,fx_level_z_252,0.006095381919294596
2,retail,persist,kospi_return_1d,-0.008272828534245491
2,retail,persist,fx_level_z_252,-0.0022329725325107574
2,retail,underwater,kospi_return_1d,0.0022348056081682444
2,retail,underwater,fx_level_z_252,-0.021440917626023293
3,foreign,momentum,kospi_return_1d,-0.01107595395296812
3,foreign,momentum,fx_level_z_252,-0.0012124126078560948
3,foreign,persist,kospi_return_1d,0.002795336302369833
3,foreign,persist,fx_level_z_252,-0.01085019763559103
3,foreign,underwater,kospi_return_1d,-0.001491422881372273
3,foreign,underwater,fx_level_z_252,-0.012675529345870018
3,institution,momentum,kospi_return_1d,-0.0011583872837945819
3,institution,momentum,fx_level_z_252,0.0008162736194208264
3,institution,persist,kospi_return_1d,-3.426611510803923e-05
3,institution,persist,fx_level_z_252,0.0004307508934289217
3,institution,underwater,kospi_return_1d,0.004406558349728584
3,institution,underwater,fx_level_z_252,0.0024647358804941177
3,retail,momentum,kospi_return_1d,0.003393767401576042
3,retail,momentum,fx_level_z_252,0.0016214522765949368
3,retail,persist,kospi_return_1d,-0.00489823566749692
3,retail,persist,fx_level_z_252,-0.0008732440182939172
3,retail,underwater,kospi_return_1d,0.00034649542067199945
3,retail,underwater,fx_level_z_252,-0.03187375143170357
4,foreign,momentum,kospi_return_1d,-0.010830272920429707
4,foreign,momentum,fx_level_z_252,-0.0047021410427987576
4,foreign,persist,kospi_return_1d,0.005435260944068432
4,foreign,persist,fx_level_z_252,-0.008605551905930042
4,foreign,underwater,kospi_return_1d,-0.003164032008498907
4,foreign,underwater,fx_level_z_252,-0.004548945464193821
4,institution,momentum,kospi_return_1d,-0.0020749163813889027
4,institution,momentum,fx_level_z_252,0.0006384037551470101
4,institution,persist,kospi_return_1d,-0.0001292479719268158
4,institution,persist,fx_level_z_252,0.00014812746667303145
4,institution,underwater,kospi_return_1d,0.0020778411999344826
4,institution,underwater,fx_level_z_252,6.243507959879935e-05
4,retail,momentum,kospi_return_1d,0.005502965301275253
4,retail,momentum,fx_level_z_252,0.0011440241942182183
4,retail,persist,kospi_return_1d,4.4394764699973166e-05
4,retail,persist,fx_level_z_252,-8.840863301884383e-05
4,retail,underwater,kospi_return_1d,0.0026114543434232473
4,retail,underwater,fx_level_z_252,-0.0343526154756546
5,foreign,momentum,kospi_return_1d,-0.014722163788974285
5,foreign,momentum,fx_level_z_252,-8.317743777297437e-05
5,foreign,persist,kospi_return_1d,0.010453476570546627
5,foreign,persist,fx_level_z_252,-0.005483084358274937
5,foreign,underwater,kospi_return_1d,-0.00020262194448150694
5,foreign,underwater,fx_level_z_252,-0.003279679222032428
5,institution,momentum,kospi_return_1d,0.0006856584222987294
5,institution,momentum,fx_level_z_252,9.894602953863796e-06
5,institution,persist,kospi_return_1d,-0.00018119321612175554
5,institution,persist,fx_level_z_252,0.0014885588316246867
5,institution,underwater,kospi_return_1d,0.0032413972076028585
5,institution,underwater,fx_level_z_252,0.0011805781396105886
5,retail,momentum,kospi_return_1d,0.0006025180337019265
5,retail,momentum,fx_level_z_252,-8.912861812859774e-05
5,retail,persist,kospi_return_1d,0.0022052559070289135
5,retail,persist,fx_level_z_252,-0.0002650662208907306
5,retail,underwater,kospi_return_1d,-0.0011609483044594526
5,retail,underwater,fx_level_z_252,-0.022458551451563835
6,foreign,momentum,kospi_return_1d,-0.012578632682561874
6,foreign,momentum,fx_level_z_252,-0.003652851330116391
6,foreign,persist,kospi_return_1d,0.008954492397606373
6,foreign,persist,fx_level_z_252,-0.006441914476454258
6,foreign,underwater,kospi_return_1d,-0.004065253306180239
6,foreign,underwater,fx_level_z_252,-0.009344516322016716
6,institution,momentum,kospi_return_1d,-0.0020158460829406977
6,institution,momentum,fx_level_z_252,0.00039309944259002805
6,institution,persist,kospi_return_1d,-9.962390322471038e-06
6,institution,persist,fx_level_z_252,1.2500822776928544e-05
6,institution,underwater,kospi_return_1d,0.006028643809258938
6,institution,underwater,fx_level_z_252,0.00021376056247390807
6,retail,momentum,kospi_return_1d,0.00026994047220796347
6,retail,momentum,fx_level_z_252,0.002125130733475089
6,retail,persist,kospi_return_1d,0.0003316142538096756
6,retail,persist,fx_level_z_252,-0.002496322151273489
6,retail,underwater,kospi_return_1d,0.003148135030642152
6,retail,underwater,fx_level_z_252,-0.02577592246234417
7,foreign,momentum,kospi_return_1d,-0.01419564988464117
7,foreign,momentum,fx_level_z_252,-0.004944684915244579
7,foreign,persist,kospi_return_1d,0.007453432772308588
7,foreign,persist,fx_level_z_252,-0.0103378901258111
7,foreign,underwater,kospi_return_1d,-0.0040838876739144325
7,foreign,underwater,fx_level_z_252,-0.005661718547344208
7,institution,momentum,kospi_return_1d,-0.0018079043366014957
7,institution,momentum,fx_level_z_252,6.89015505486168e-05
7,institution,persist,kospi_return_1d,-0.00040202957461588085
7,institution,persist,fx_level_z_252,-0.00019030176918022335
7,institution,underwater,kospi_return_1d,0.004361053463071585
7,institution,underwater,fx_level_z_252,0.0014454390620812774
7,retail,momentum,kospi_return_1d,0.005221616011112928
7,retail,momentum,fx_level_z_252,0.0013186467112973332
7,retail,persist,kospi_return_1d,0.0006290486780926585
7,retail,persist,fx_level_z_252,-0.00041342194890603423
7,retail,underwater,kospi_return_1d,0.0016979302745312452
7,retail,underwater,fx_level_z_252,-0.03740217164158821
8,foreign,momentum,kospi_return_1d,-0.006554084364324808
8,foreign,momentum,fx_level_z_252,0.00313308322802186
8,foreign,persist,kospi_return_1d,0.003727864008396864
8,foreign,persist,fx_level_z_252,-0.00021424522856250405
8,foreign,underwater,kospi_return_1d,0.016602331772446632
8,foreign,underwater,fx_level_z_252,-0.011038370430469513
8,institution,momentum,kospi_return_1d,-0.0003957984736189246
8,institution,momentum,fx_level_z_252,9.802345448406413e-05
8,institution,persist,kospi_return_1d,-0.006202798802405596
8,institution,persist,fx_level_z_252,-5.62745553907007e-05
8,institution,underwater,kospi_return_1d,0.004630673676729202
8,institution,underwater,fx_level_z_252,0.002338114893063903
8,retail,momentum,kospi_return_1d,-0.005038491915911436
8,retail,momentum,fx_level_z_252,0.0005185372428968549
8,retail,persist,kospi_return_1d,-0.01896463707089424
8,retail,persist,fx_level_z_252,0.002566919894888997
8,retail,underwater,kospi_return_1d,0.0014430470764636993
8,retail,underwater,fx_level_z_252,-0.03273656964302063
9,foreign,momentum,kospi_return_1d,-0.002760509727522731
9,foreign,momentum,fx_level_z_252,-0.0021529002115130424
9,foreign,persist,kospi_return_1d,-0.004838509485125542
9,foreign,persist,fx_level_z_252,0.004904392175376415
9,foreign,underwater,kospi_return_1d,0.0008548387559130788
9,foreign,underwater,fx_level_z_252,-0.010792390443384647
9,institution,momentum,kospi_return_1d,-0.0025100812781602144
9,institution,momentum,fx_level_z_252,0.00014093883510213345
9,institution,persist,kospi_return_1d,-0.00015406141756102443
9,institution,persist,fx_level_z_252,-0.0015814346261322498
9,institution,underwater,kospi_return_1d,0.003052363870665431
9,institution,underwater,fx_level_z_252,0.0005329997511580586
9,retail,momentum,kospi_return_1d,0.0016078150365501642
9,retail,momentum,fx_level_z_252,-0.0008465346181765199
9,retail,persist,kospi_return_1d,-0.004773636814206839
9,retail,persist,fx_level_z_252,-2.4658493202878162e-05
9,retail,underwater,kospi_return_1d,-0.001979032065719366
9,retail,underwater,fx_level_z_252,-0.028540294617414474
10,foreign,momentum,kospi_return_1d,-0.004521082621067762
10,foreign,momentum,fx_level_z_252,-0.00011410102888476104
10,foreign,persist,kospi_return_1d,0.00045465645962394774
10,foreign,persist,fx_level_z_252,-0.0019308497430756688
10,foreign,underwater,kospi_return_1d,-4.728930798592046e-05
10,foreign,underwater,fx_level_z_252,-0.006767162121832371
10,institution,momentum,kospi_return_1d,-0.0025957426987588406
10,institution,momentum,fx_level_z_252,0.00017157004913315177
10,institution,persist,kospi_return_1d,1.6016827430576086e-05
10,institution,persist,fx_level_z_252,-0.0002611227100715041
10,institution,underwater,kospi_return_1d,0.0049720825627446175
10,institution,underwater,fx_level_z_252,0.0014016747009009123
10,retail,momentum,kospi_return_1d,0.00012711409362964332
10,retail,momentum,fx_level_z_252,0.0005549610359594226
10,retail,persist,kospi_return_1d,-0.009004349820315838
10,retail,persist,fx_level_z_252,0.001130951102823019
10,retail,underwater,kospi_return_1d,-0.003461863612756133
10,retail,underwater,fx_level_z_252,-0.02548956498503685
11,foreign,momentum,kospi_return_1d,-0.00630987947806716
11,foreign,momentum,fx_level_z_252,-0.000190115679288283
11,foreign,persist,kospi_return_1d,0.0001315577537752688
11,foreign,persist,fx_level_z_252,-0.0023833599407225847
11,foreign,underwater,kospi_return_1d,-2.920157385233324e-06
11,foreign,underwater,fx_level_z_252,-0.009583340026438236
11,institution,momentum,kospi_return_1d,-0.0022904505021870136
11,institution,momentum,fx_level_z_252,0.0008697669836692512
11,institution,persist,kospi_return_1d,-5.314689042279497e-05
11,institution,persist,fx_level_z_252,8.097128011286259e-05
11,institution,underwater,kospi_return_1d,0.004337298218160868
11,institution,underwater,fx_level_z_252,0.0016242151614278555
11,retail,momentum,kospi_return_1d,0.0017930112080648541
11,retail,momentum,fx_level_z_252,-0.0011070509208366275
11,retail,persist,kospi_return_1d,-0.007162793539464474
11,retail,persist,fx_level_z_252,0.0005601691664196551
11,retail,underwater,kospi_return_1d,-0.0025798880960792303
11,retail,underwater,fx_level_z_252,-0.030047936365008354
12,foreign,momentum,kospi_return_1d,-0.004019975196570158
12,foreign,momentum,fx_level_z_252,-0.0014473055489361286
12,foreign,persist,kospi_return_1d,-8.311702549690381e-05
12,foreign,persist,fx_level_z_252,-0.0009463659371249378
12,foreign,underwater,kospi_return_1d,-0.00029324422939680517
12,foreign,underwater,fx_level_z_252,-0.00020627713820431381
12,institution,momentum,kospi_return_1d,-0.0029950651805847883
12,institution,momentum,fx_level_z_252,0.0013080266071483493
12,institution,persist,kospi_return_1d,-9.122202754952013e-06
12,institution,persist,fx_level_z_252,-0.00013936689356341958
12,institution,underwater,kospi_return_1d,0.0021598043385893106
12,institution,underwater,fx_level_z_252,0.0002540989371482283
12,retail,momentum,kospi_return_1d,0.0029176194220781326
12,retail,momentum,fx_level_z_252,0.000138500879984349
12,retail,persist,kospi_return_1d,0.00027264561504125595
12,retail,persist,fx_level_z_252,0.006212590727955103
12,retail,underwater,kospi_return_1d,-0.0006716862553730607
12,retail,underwater,fx_level_z_252,-0.031768254935741425
13,foreign,momentum,kospi_return_1d,-0.007843788713216782
13,foreign,momentum,fx_level_z_252,0.004638831131160259
13,foreign,persist,kospi_return_1d,0.004370407201349735
13,foreign,persist,fx_level_z_252,0.00010405993089079857
13,foreign,underwater,kospi_return_1d,8.054049976635724e-05
13,foreign,underwater,fx_level_z_252,0.00013365712948143482
13,institution,momentum,kospi_return_1d,0.00019988750864285976
13,institution,momentum,fx_level_z_252,-1.2275704648345709e-05
13,institution,persist,kospi_return_1d,-0.0007923002704046667
13,institution,persist,fx_level_z_252,1.3432916603051126e-05
13,institution,underwater,kospi_return_1d,0.002960383426398039
13,institution,underwater,fx_level_z_252,0.00021780912356916815
13,retail,momentum,kospi_return_1d,-0.002448831219226122
13,retail,momentum,fx_level_z_252,-0.000891492236405611
13,retail,persist,kospi_return_1d,0.004095902666449547
13,retail,persist,fx_level_z_252,0.00304701691493392
13,retail,underwater,kospi_return_1d,-0.009045252576470375
13,retail,underwater,fx_level_z_252,-0.014810431748628616
14,foreign,momentum,kospi_return_1d,-0.005235362332314253
14,foreign,momentum,fx_level_z_252,1.9814175175270066e-05
14,foreign,persist,kospi_return_1d,0.00270518334582448
14,foreign,persist,fx_level_z_252,0.00098410586360842
14,foreign,underwater,kospi_return_1d,-0.0018374385545030236
14,foreign,underwater,fx_level_z_252,-0.002962048863992095
14,institution,momentum,kospi_return_1d,-0.0028806456830352545
14,institution,momentum,fx_level_z_252,0.0013753290986642241
14,institution,persist,kospi_return_1d,-0.0003052287211176008
14,institution,persist,fx_level_z_252,-0.0008061802363954484
14,institution,underwater,kospi_return_1d,0.0059814671985805035
14,institution,underwater,fx_level_z_252,9.045075785252266e-06
14,retail,momentum,kospi_return_1d,0.0004572700127027929
14,retail,momentum,fx_level_z_252,0.00039120978908613324
14,retail,persist,kospi_return_1d,3.0556824640370905e-05
14,retail,persist,fx_level_z_252,-0.00012243718083482236
14,retail,underwater,kospi_return_1d,-0.0016965452814474702
14,retail,underwater,fx_level_z_252,-0.014722425490617752
15,foreign,momentum,kospi_return_1d,-0.007546344771981239
15,foreign,momentum,fx_level_z_252,-0.0009767897427082062
15,foreign,persist,kospi_return_1d,0.0011533237993717194
15,foreign,persist,fx_level_z_252,-0.0034777172841131687
15,foreign,underwater,kospi_return_1d,-0.0022408850491046906
15,foreign,underwater,fx_level_z_252,-0.0006306902505457401
15,institution,momentum,kospi_return_1d,-0.0025293428916484118
15,institution,momentum,fx_level_z_252,8.76291305758059e-05
15,institution,persist,kospi_return_1d,-0.001040610484778881
15,institution,persist,fx_level_z_252,-0.0012742843246087432
15,institution,underwater,kospi_return_1d,0.004211449529975653
15,institution,underwater,fx_level_z_252,0.0005891724140383303
15,retail,momentum,kospi_return_1d,0.005083668977022171
15,retail,momentum,fx_level_z_252,0.00039222746272571385
15,retail,persist,kospi_return_1d,0.00011304694635327905
15,retail,persist,fx_level_z_252,0.00035637160181067884
15,retail,underwater,kospi_return_1d,-0.001014692592434585
15,retail,underwater,fx_level_z_252,-0.03253140300512314
16,foreign,momentum,kospi_return_1d,0.0009806150337681174
16,foreign,momentum,fx_level_z_252,-0.001360083930194378
16,foreign,persist,kospi_return_1d,-1.4681692846352234e-05
16,foreign,persist,fx_level_z_252,0.00025612913304939866
16,foreign,underwater,kospi_return_1d,0.0007081759395077825
16,foreign,underwater,fx_level_z_252,-0.008801779709756374
16,institution,momentum,kospi_return_1d,-0.0016818157164379954
16,institution,momentum,fx_level_z_252,-7.55610890337266e-05
16,institution,persist,kospi_return_1d,-0.0068999482318758965
16,institution,persist,fx_level_z_252,-0.0010607668664306402
16,institution,underwater,kospi_return_1d,0.004325677640736103
16,institution,underwater,fx_level_z_252,0.0013819279847666621
16,retail,momentum,kospi_return_1d,-0.006510020233690739
16,retail,momentum,fx_level_z_252,-0.0009628107072785497
16,retail,persist,kospi_return_1d,-0.01774262823164463
16,retail,persist,fx_level_z_252,0.010255126282572746
16,retail,underwater,kospi_return_1d,-0.002066652989014983
16,retail,underwater,fx_level_z_252,-0.02953278087079525
17,foreign,momentum,kospi_return_1d,-0.009365081787109375
17,foreign,momentum,fx_level_z_252,-0.003347776597365737
17,foreign,persist,kospi_return_1d,-0.007195612415671349
17,foreign,persist,fx_level_z_252,0.0008071312331594527
17,foreign,underwater,kospi_return_1d,-9.12664836505428e-05
17,foreign,underwater,fx_level_z_252,-0.004338759928941727
17,institution,momentum,kospi_return_1d,-0.0012794937938451767
17,institution,momentum,fx_level_z_252,6.332567863864824e-05
17,institution,persist,kospi_return_1d,-0.0006657246267423034
17,institution,persist,fx_level_z_252,-0.00014407475828193128
17,institution,underwater,kospi_return_1d,0.004964474588632584
17,institution,underwater,fx_level_z_252,0.002970396773889661
17,retail,momentum,kospi_return_1d,0.0002844699483830482
17,retail,momentum,fx_level_z_252,0.00040780261042527854
17,retail,persist,kospi_return_1d,-0.02381867542862892
17,retail,persist,fx_level_z_252,-0.005583006888628006
17,retail,underwater,kospi_return_1d,-0.0012283765245229006
17,retail,underwater,fx_level_z_252,-0.019102828577160835
18,foreign,momentum,kospi_return_1d,-0.00957399606704712
18,foreign,momentum,fx_level_z_252,-0.0007778819417580962
18,foreign,persist,kospi_return_1d,-0.005655671004205942
18,foreign,persist,fx_level_z_252,-0.0003109017270617187
18,foreign,underwater,kospi_return_1d,-0.0005928396712988615
18,foreign,underwater,fx_level_z_252,-0.01787230558693409
18,institution,momentum,kospi_return_1d,-0.0010034249862655997
18,institution,momentum,fx_level_z_252,0.0005968910991214216
18,institution,persist,kospi_return_1d,-0.0009779658867046237
18,institution,persist,fx_level_z_252,7.622278644703329e-06
18,institution,underwater,kospi_return_1d,0.0040790787898004055
18,institution,underwater,fx_level_z_252,0.002623716602101922
18,retail,momentum,kospi_return_1d,0.0015317024663090706
18,retail,momentum,fx_level_z_252,-0.0003023562312591821
18,retail,persist,kospi_return_1d,-0.02066318318247795
18,retail,persist,fx_level_z_252,-0.0019121189834550023
18,retail,underwater,kospi_return_1d,0.00015545074711553752
18,retail,underwater,fx_level_z_252,-0.027907712385058403
19,foreign,momentum,kospi_return_1d,-0.00896385870873928
19,foreign,momentum,fx_level_z_252,-0.00235836673527956
19,foreign,persist,kospi_return_1d,-0.0022464506328105927
19,foreign,persist,fx_level_z_252,0.00036048333276994526
19,foreign,underwater,kospi_return_1d,-0.0021632020361721516
19,foreign,underwater,fx_level_z_252,-0.001006480073556304
19,institution,momentum,kospi_return_1d,-0.0018010969506576657
19,institution,momentum,fx_level_z_252,0.0002866031718440354
19,institution,persist,kospi_return_1d,-0.0004221071721985936
19,institution,persist,fx_level_z_252,-0.0004972232272848487
19,institution,underwater,kospi_return_1d,0.001411023666150868
19,institution,underwater,fx_level_z_252,0.0002914796641562134
19,retail,momentum,kospi_return_1d,0.004597698338329792
19,retail,momentum,fx_level_z_252,-0.0011994539527222514
19,retail,persist,kospi_return_1d,-0.009640004485845566
19,retail,persist,fx_level_z_252,0.00045624797348864377
19,retail,underwater,kospi_return_1d,-9.828123438637704e-05
19,retail,underwater,fx_level_z_252,-0.03001965582370758
20,foreign,momentum,kospi_return_1d,-0.013457953929901123
20,foreign,momentum,fx_level_z_252,0.0004019234620500356
20,foreign,persist,kospi_return_1d,0.00017616560216993093
20,foreign,persist,fx_level_z_252,0.000994927599094808
20,foreign,underwater,kospi_return_1d,0.00021410721819847822
20,foreign,underwater,fx_level_z_252,-0.003937278408557177
20,institution,momentum,kospi_return_1d,0.0017715153517201543
20,institution,momentum,fx_level_z_252,0.00016133859753608704
20,institution,persist,kospi_return_1d,-0.0014673618134111166
20,institution,persist,fx_level_z_252,0.00013780832523480058
20,institution,underwater,kospi_return_1d,0.0018145886715501547
20,institution,underwater,fx_level_z_252,0.0005182459717616439
20,retail,momentum,kospi_return_1d,-0.0003370267804712057
20,retail,momentum,fx_level_z_252,-0.0014086294686421752
20,retail,persist,kospi_return_1d,-0.004827060736715794
20,retail,persist,fx_level_z_252,0.0001502381346654147
20,retail,underwater,kospi_return_1d,-0.001672427519224584
20,retail,underwater,fx_level_z_252,-0.013573238626122475
21,foreign,momentum,kospi_return_1d,-0.0100108552724123
21,foreign,momentum,fx_level_z_252,-0.0030879515688866377
21,foreign,persist,kospi_return_1d,-0.0002973078517243266
21,foreign,persist,fx_level_z_252,0.002809263300150633
21,foreign,underwater,kospi_return_1d,-0.0038116148207336664
21,foreign,underwater,fx_level_z_252,-0.009809394367039204
21,institution,momentum,kospi_return_1d,-0.0017248943913727999
21,institution,momentum,fx_level_z_252,5.3160591050982475e-05
21,institution,persist,kospi_return_1d,-0.001242807717062533
21,institution,persist,fx_level_z_252,-0.0009566864464432001
21,institution,underwater,kospi_return_1d,0.006470834370702505
21,institution,underwater,fx_level_z_252,5.519003025256097e-06
21,retail,momentum,kospi_return_1d,0.0016217625234276056
21,retail,momentum,fx_level_z_252,-0.0012247066479176283
21,retail,persist,kospi_return_1d,-0.012439844198524952
21,retail,persist,fx_level_z_252,-0.0014522370183840394
21,retail,underwater,kospi_return_1d,-0.00034383530146442354
21,retail,underwater,fx_level_z_252,-0.024814844131469727
22,foreign,momentum,kospi_return_1d,-0.012140537612140179
22,foreign,momentum,fx_level_z_252,-0.006598365493118763
22,foreign,persist,kospi_return_1d,-0.00035950858728028834
22,foreign,persist,fx_level_z_252,-8.626958151580766e-05
22,foreign,underwater,kospi_return_1d,-0.004071699921041727
22,foreign,underwater,fx_level_z_252,-0.005660935305058956
22,institution,momentum,kospi_return_1d,-0.0013699334813281894
22,institution,momentum,fx_level_z_252,1.910724677145481e-06
22,institution,persist,kospi_return_1d,-0.0022511547431349754
22,institution,persist,fx_level_z_252,-0.002197957132011652
22,institution,underwater,kospi_return_1d,0.004227234981954098
22,institution,underwater,fx_level_z_252,0.0018923423485830426
22,retail,momentum,kospi_return_1d,0.005524725653231144
22,retail,momentum,fx_level_z_252,-0.0005115806125104427
22,retail,persist,kospi_return_1d,-0.01158798485994339
22,retail,persist,fx_level_z_252,-0.0026220730505883694
22,retail,underwater,kospi_return_1d,-0.00013295610551722348
22,retail,underwater,fx_level_z_252,-0.03244648873806
23,foreign,momentum,kospi_return_1d,-0.0005434856866486371
23,foreign,momentum,fx_level_z_252,-0.006538047455251217
23,foreign,persist,kospi_return_1d,-0.005689277779310942
23,foreign,persist,fx_level_z_252,0.004922030493617058
23,foreign,underwater,kospi_return_1d,0.0004186084261164069
23,foreign,underwater,fx_level_z_252,-0.012462002225220203
23,institution,momentum,kospi_return_1d,-0.0004231292987242341
23,institution,momentum,fx_level_z_252,5.803360545542091e-05
23,institution,persist,kospi_return_1d,-0.007635884918272495
23,institution,persist,fx_level_z_252,-0.0016519170021638274
23,institution,underwater,kospi_return_1d,0.0055833240039646626
23,institution,underwater,fx_level_z_252,0.003213857300579548
23,retail,momentum,kospi_return_1d,-0.00826197024434805
23,retail,momentum,fx_level_z_252,-0.0009226310066878796
23,retail,persist,kospi_return_1d,-0.03433717414736748
23,retail,persist,fx_level_z_252,0.0005188720533624291
23,retail,underwater,kospi_return_1d,0.0004210026527289301
23,retail,underwater,fx_level_z_252,-0.024011531844735146
24,foreign,momentum,kospi_return_1d,-1.7098584066843614e-05
24,foreign,momentum,fx_level_z_252,0.0007994455518200994
24,foreign,persist,kospi_return_1d,-0.01009423565119505
24,foreign,persist,fx_level_z_252,-0.0016248621977865696
24,foreign,underwater,kospi_return_1d,0.006222978699952364
24,foreign,underwater,fx_level_z_252,-0.018043389543890953
24,institution,momentum,kospi_return_1d,-0.0005770248826593161
24,institution,momentum,fx_level_z_252,0.001921328017488122
24,institution,persist,kospi_return_1d,-0.0014375412138178945
24,institution,persist,fx_level_z_252,-4.212885687593371e-05
24,institution,underwater,kospi_return_1d,0.005263879895210266
24,institution,underwater,fx_level_z_252,0.0035822822246700525
24,retail,momentum,kospi_return_1d,0.001145634800195694
24,retail,momentum,fx_level_z_252,-0.00048754672752693295
24,retail,persist,kospi_return_1d,-0.02456783875823021
24,retail,persist,fx_level_z_252,0.00023091572802513838
24,retail,underwater,kospi_return_1d,-0.0011655577691271901
24,retail,underwater,fx_level_z_252,-0.016047144308686256
25,foreign,momentum,kospi_return_1d,-0.008633012883365154
25,foreign,momentum,fx_level_z_252,-0.00021511834347620606
25,foreign,persist,kospi_return_1d,-0.0014114594087004662
25,foreign,persist,fx_level_z_252,-0.002077478915452957
25,foreign,underwater,kospi_return_1d,-0.0007734963437542319
25,foreign,underwater,fx_level_z_252,7.711118087172508e-06
25,institution,momentum,kospi_return_1d,-0.0014398177154362202
25,institution,momentum,fx_level_z_252,0.0014742797939106822
25,institution,persist,kospi_return_1d,-0.0001042010699165985
25,institution,persist,fx_level_z_252,-0.00012641971989069134
25,institution,underwater,kospi_return_1d,0.003347989171743393
25,institution,underwater,fx_level_z_252,0.0009745381539687514
25,retail,momentum,kospi_return_1d,0.0004473016015253961
25,retail,momentum,fx_level_z_252,-0.0014666097704321146
25,retail,persist,kospi_return_1d,-0.015512640587985516
25,retail,persist,fx_level_z_252,0.001511860522441566
25,retail,underwater,kospi_return_1d,-0.0007575891213491559
25,retail,underwater,fx_level_z_252,-0.023696674033999443
26,foreign,momentum,kospi_return_1d,-0.01455756276845932
26,foreign,momentum,fx_level_z_252,0.0026935457717627287
26,foreign,persist,kospi_return_1d,-0.00030714692547917366
26,foreign,persist,fx_level_z_252,-0.0003125318617094308
26,foreign,underwater,kospi_return_1d,0.0005661327159032226
26,foreign,underwater,fx_level_z_252,-0.00034334941301494837
26,institution,momentum,kospi_return_1d,0.0024132446851581335
26,institution,momentum,fx_level_z_252,0.0012102171313017607
26,institution,persist,kospi_return_1d,-0.0009443160379305482
26,institution,persist,fx_level_z_252,0.00035354861756786704
26,institution,underwater,kospi_return_1d,0.004659957718104124
26,institution,underwater,fx_level_z_252,0.003037890652194619
26,retail,momentum,kospi_return_1d,-0.002415519440546632
26,retail,momentum,fx_level_z_252,-0.000917569559533149
26,retail,persist,kospi_return_1d,-0.009726284071803093
26,retail,persist,fx_level_z_252,0.0021674868185073137
26,retail,underwater,kospi_return_1d,-0.0020423470996320248
26,retail,underwater,fx_level_z_252,-0.0005596830742433667
27,foreign,momentum,kospi_return_1d,-0.009670247323811054
27,foreign,momentum,fx_level_z_252,-0.000435379653936252
27,foreign,persist,kospi_return_1d,7.014750735834241e-07
27,foreign,persist,fx_level_z_252,-0.00018410930351819843
27,foreign,underwater,kospi_return_1d,-0.00232021720148623
27,foreign,underwater,fx_level_z_252,-0.007874900475144386
27,institution,momentum,kospi_return_1d,-0.0013289997586980462
27,institution,momentum,fx_level_z_252,0.0016946272226050496
27,institution,persist,kospi_return_1d,-0.0007259873091243207
27,institution,persist,fx_level_z_252,5.188778231968172e-05
27,institution,underwater,kospi_return_1d,0.007789534516632557
27,institution,underwater,fx_level_z_252,7.214419019874185e-05
27,retail,momentum,kospi_return_1d,0.0008569959318265319
27,retail,momentum,fx_level_z_252,-0.0004344186163507402
27,retail,persist,kospi_return_1d,-0.017251690849661827
27,retail,persist,fx_level_z_252,-0.00012219836935400963
27,retail,underwater,kospi_return_1d,-0.00010911611025221646
27,retail,underwater,fx_level_z_252,-0.018575452268123627
28,foreign,momentum,kospi_return_1d,-0.011259847320616245
28,foreign,momentum,fx_level_z_252,-0.0011866401182487607
28,foreign,persist,kospi_return_1d,-0.0009985801298171282
28,foreign,persist,fx_level_z_252,-0.0058014667592942715
28,foreign,underwater,kospi_return_1d,-0.002274896949529648
28,foreign,underwater,fx_level_z_252,-0.001852177083492279
28,institution,momentum,kospi_return_1d,-0.0012682998785749078
28,institution,momentum,fx_level_z_252,0.00029707260546274483
28,institution,persist,kospi_return_1d,-0.0015841402346268296
28,institution,persist,fx_level_z_252,-8.064088615356013e-05
28,institution,underwater,kospi_return_1d,0.0056548090651631355
28,institution,underwater,fx_level_z_252,0.0030535198748111725
28,retail,momentum,kospi_return_1d,0.0012632192810997367
28,retail,momentum,fx_level_z_252,-7.758966239634901e-05
28,retail,persist,kospi_return_1d,-0.020090222358703613
28,retail,persist,fx_level_z_252,0.000510403246153146
28,retail,underwater,kospi_return_1d,-0.0012435175012797117
28,retail,underwater,fx_level_z_252,-0.027643974870443344
29,foreign,momentum,kospi_return_1d,0.00018497672863304615
29,foreign,momentum,fx_level_z_252,-0.0037603178061544895
29,foreign,persist,kospi_return_1d,-0.005746197421103716
29,foreign,persist,fx_level_z_252,2.7969123038928956e-05
29,foreign,underwater,kospi_return_1d,8.732999413041398e-05
29,foreign,underwater,fx_level_z_252,-0.007680062670260668
29,institution,momentum,kospi_return_1d,-0.0005192684475332499
29,institution,momentum,fx_level_z_252,0.0013743829913437366
29,institution,persist,kospi_return_1d,-0.006952687632292509
29,institution,persist,fx_level_z_252,-7.80244154157117e-05
29,institution,underwater,kospi_return_1d,0.006726283114403486
29,institution,underwater,fx_level_z_252,0.003950288984924555
29,retail,momentum,kospi_return_1d,-0.008678329177200794
29,retail,momentum,fx_level_z_252,-0.00012644383241422474
29,retail,persist,kospi_return_1d,-0.03516677767038345
29,retail,persist,fx_level_z_252,0.005563925486057997
29,retail,underwater,kospi_return_1d,0.0003926843637600541
29,retail,underwater,fx_level_z_252,-0.02141675353050232
30,foreign,momentum,kospi_return_1d,-0.012088358402252197
30,foreign,momentum,fx_level_z_252,-0.006953980773687363
30,foreign,persist,kospi_return_1d,-0.0015803875867277384
30,foreign,persist,fx_level_z_252,-0.00512282270938158
30,foreign,underwater,kospi_return_1d,-0.00022954783344175667
30,foreign,underwater,fx_level_z_252,-0.005393079482018948
30,institution,momentum,kospi_return_1d,-0.0005780505598522723
30,institution,momentum,fx_level_z_252,0.0035560394171625376
30,institution,persist,kospi_return_1d,-0.0011599650606513023
30,institution,persist,fx_level_z_252,-0.00014240153541322798
30,institution,underwater,kospi_return_1d,0.0028299104887992144
30,institution,underwater,fx_level_z_252,0.0014456058852374554
30,retail,momentum,kospi_return_1d,0.00019583827815949917
30,retail,momentum,fx_level_z_252,-0.008852113969624043
30,retail,persist,kospi_return_1d,-0.01225377805531025
30,retail,persist,fx_level_z_252,0.001426303992047906
30,retail,underwater,kospi_return_1d,3.563362406566739e-05
30,retail,underwater,fx_level_z_252,-0.033984288573265076
31,foreign,momentum,kospi_return_1d,-0.015372083522379398
31,foreign,momentum,fx_level_z_252,0.00015708089631516486
31,foreign,persist,kospi_return_1d,-0.0002463941927999258
31,foreign,persist,fx_level_z_252,-0.0004872223944403231
31,foreign,underwater,kospi_return_1d,0.0003956293221563101
31,foreign,underwater,fx_level_z_252,-0.005028777755796909
31,institution,momentum,kospi_return_1d,0.0031282934360206127
31,institution,momentum,fx_level_z_252,0.0031740788836032152
31,institution,persist,kospi_return_1d,-0.0010040750494226813
31,institution,persist,fx_level_z_252,0.0017666148487478495
31,institution,underwater,kospi_return_1d,0.004156327340751886
31,institution,underwater,fx_level_z_252,0.003268774598836899
31,retail,momentum,kospi_return_1d,-0.0018252519657835364
31,retail,momentum,fx_level_z_252,-0.006611383054405451
31,retail,persist,kospi_return_1d,-0.005101746879518032
31,retail,persist,fx_level_z_252,0.004375265911221504
31,retail,underwater,kospi_return_1d,-0.005878961645066738
31,retail,underwater,fx_level_z_252,-0.014682870358228683
32,foreign,momentum,kospi_return_1d,-0.011486778035759926
32,foreign,momentum,fx_level_z_252,-0.0012801203411072493
32,foreign,persist,kospi_return_1d,-0.00011135909880977124
32,foreign,persist,fx_level_z_252,-0.00018097218708135188
32,foreign,underwater,kospi_return_1d,-0.002519450383260846
32,foreign,underwater,fx_level_z_252,-0.009552862495183945
32,institution,momentum,kospi_return_1d,-0.0007506660185754299
32,institution,momentum,fx_level_z_252,0.003633255371823907
32,institution,persist,kospi_return_1d,-0.0011078729294240475
32,institution,persist,fx_level_z_252,1.7944908904610202e-05
32,institution,underwater,kospi_return_1d,0.0058774156495928764
32,institution,underwater,fx_level_z_252,0.001575483474880457
32,retail,momentum,kospi_return_1d,0.0015261400258168578
32,retail,momentum,fx_level_z_252,-0.0060423812828958035
32,retail,persist,kospi_return_1d,-0.011455885134637356
32,retail,persist,fx_level_z_252,4.7413777792826295e-05
32,retail,underwater,kospi_return_1d,-0.00029402930522337556
32,retail,underwater,fx_level_z_252,-0.026593275368213654
33,foreign,momentum,kospi_return_1d,-0.013538744300603867
33,foreign,momentum,fx_level_z_252,-0.0034822379238903522
33,foreign,persist,kospi_return_1d,-0.0010381488827988505
33,foreign,persist,fx_level_z_252,-0.004948328714817762
33,foreign,underwater,kospi_return_1d,-0.002397688804194331
33,foreign,underwater,fx_level_z_252,-0.0062622614204883575
33,institution,momentum,kospi_return_1d,-0.0008170249057002366
33,institution,momentum,fx_level_z_252,0.0013209445169195533
33,institution,persist,kospi_return_1d,-0.0020406083203852177
33,institution,persist,fx_level_z_252,-5.31130499439314e-05
33,institution,underwater,kospi_return_1d,0.004853919148445129
33,institution,underwater,fx_level_z_252,0.003084684954956174
33,retail,momentum,kospi_return_1d,0.005547784268856049
33,retail,momentum,fx_level_z_252,-0.0017090871697291732
33,retail,persist,kospi_return_1d,-0.015708081424236298
33,retail,persist,fx_level_z_252,0.0013198208762332797
33,retail,underwater,kospi_return_1d,-0.0015066261403262615
33,retail,underwater,fx_level_z_252,-0.03374961391091347
34,foreign,momentum,kospi_return_1d,-0.002047875663265586
34,foreign,momentum,fx_level_z_252,-0.004376109689474106
34,foreign,persist,kospi_return_1d,-0.007010731380432844
34,foreign,persist,fx_level_z_252,-9.025506733451039e-05
34,foreign,underwater,kospi_return_1d,0.0005575931863859296
34,foreign,underwater,fx_level_z_252,-0.012778764590620995
34,institution,momentum,kospi_return_1d,4.488767444854602e-06
34,institution,momentum,fx_level_z_252,0.0032072376925498247
34,institution,persist,kospi_return_1d,-0.007726919371634722
34,institution,persist,fx_level_z_252,6.580602348549291e-05
34,institution,underwater,kospi_return_1d,0.005753443576395512
34,institution,underwater,fx_level_z_252,0.004626021254807711
34,retail,momentum,kospi_return_1d,-0.0034067744854837656
34,retail,momentum,fx_level_z_252,-0.000833001104183495
34,retail,persist,kospi_return_1d,-0.03093479759991169
34,retail,persist,fx_level_z_252,0.0095587819814682
34,retail,underwater,kospi_return_1d,-0.0004510151338763535
34,retail,underwater,fx_level_z_252,-0.030791431665420532
35,foreign,momentum,kospi_return_1d,-0.012021632865071297
35,foreign,momentum,fx_level_z_252,-0.0005658708978444338
35,foreign,persist,kospi_return_1d,0.003524145344272256
35,foreign,persist,fx_level_z_252,-0.007489414419978857
35,foreign,underwater,kospi_return_1d,-0.010568862780928612
35,foreign,underwater,fx_level_z_252,0.0041288286447525024
35,institution,momentum,kospi_return_1d,0.0017386669060215354
35,institution,momentum,fx_level_z_252,0.0027965186163783073
35,institution,persist,kospi_return_1d,-0.00039088845369406044
35,institution,persist,fx_level_z_252,0.00019209481251891702
35,institution,underwater,kospi_return_1d,0.0013450024416670203
35,institution,underwater,fx_level_z_252,1.5253105630108621e-05
35,retail,momentum,kospi_return_1d,-0.0020942124538123608
35,retail,momentum,fx_level_z_252,-0.006490050349384546
35,retail,persist,kospi_return_1d,-0.0007195951184257865
35,retail,persist,fx_level_z_252,0.006612883415073156
35,retail,underwater,kospi_return_1d,-0.0014788737753406167
35,retail,underwater,fx_level_z_252,-0.020048782229423523
36,foreign,momentum,kospi_return_1d,-0.01012544333934784
36,foreign,momentum,fx_level_z_252,-0.0036660791374742985
36,foreign,persist,kospi_return_1d,-2.9144455766072497e-05
36,foreign,persist,fx_level_z_252,-5.671077815350145e-06
36,foreign,underwater,kospi_return_1d,-0.005070826504379511
36,foreign,underwater,fx_level_z_252,-0.0008998480625450611
36,institution,momentum,kospi_return_1d,-0.0015816715313121676
36,institution,momentum,fx_level_z_252,0.0038605572190135717
36,institution,persist,kospi_return_1d,-0.00039694327278994024
36,institution,persist,fx_level_z_252,-5.013593181502074e-06
36,institution,underwater,kospi_return_1d,0.00457988353446126
36,institution,underwater,fx_level_z_252,1.2901946320198476e-06
36,retail,momentum,kospi_return_1d,0.003826814005151391
36,retail,momentum,fx_level_z_252,-0.008715605363249779
36,retail,persist,kospi_return_1d,-0.0020502787083387375
36,retail,persist,fx_level_z_252,0.005076614208519459
36,retail,underwater,kospi_return_1d,0.00027965029585175216
36,retail,underwater,fx_level_z_252,-0.02976803481578827
37,foreign,momentum,kospi_return_1d,-0.012715009972453117
37,foreign,momentum,fx_level_z_252,-0.007425152231007814
37,foreign,persist,kospi_return_1d,0.0001322226889897138
37,foreign,persist,fx_level_z_252,-0.0014937006635591388
37,foreign,underwater,kospi_return_1d,-0.004020939581096172
37,foreign,underwater,fx_level_z_252,0.00010039050539489836
37,institution,momentum,kospi_return_1d,-0.0016943562077358365
37,institution,momentum,fx_level_z_252,0.0009856243850663304
37,institution,persist,kospi_return_1d,-0.0013551326701417565
37,institution,persist,fx_level_z_252,-0.00028951215790584683
37,institution,underwater,kospi_return_1d,0.002904856577515602
37,institution,underwater,fx_level_z_252,0.00011822558008134365
37,retail,momentum,kospi_return_1d,0.00683887954801321
37,retail,momentum,fx_level_z_252,-0.002886923961341381
37,retail,persist,kospi_return_1d,-0.003733656369149685
37,retail,persist,fx_level_z_252,0.003460520412772894
37,retail,underwater,kospi_return_1d,-0.0009952244581654668
37,retail,underwater,fx_level_z_252,-0.03661392256617546
38,foreign,momentum,kospi_return_1d,-0.00017326290253549814
38,foreign,momentum,fx_level_z_252,-0.004837738815695047
38,foreign,persist,kospi_return_1d,-0.0025954546872526407
38,foreign,persist,fx_level_z_252,0.0009553380077704787
38,foreign,underwater,kospi_return_1d,-0.00020048866281285882
38,foreign,underwater,fx_level_z_252,-0.00260007381439209
38,institution,momentum,kospi_return_1d,-0.0006647715345025063
38,institution,momentum,fx_level_z_252,0.0026672454550862312
38,institution,persist,kospi_return_1d,-0.006866375915706158
38,institution,persist,fx_level_z_252,9.457646228838712e-06
38,institution,underwater,kospi_return_1d,0.003332903143018484
38,institution,underwater,fx_level_z_252,0.0009234713506884873
38,retail,momentum,kospi_return_1d,-0.004974559415131807
38,retail,momentum,fx_level_z_252,-0.004970370326191187
38,retail,persist,kospi_return_1d,-0.0217660591006279
38,retail,persist,fx_level_z_252,0.010616707615554333
38,retail,underwater,kospi_return_1d,0.0011213466059416533
38,retail,underwater,fx_level_z_252,-0.03369960933923721
39,foreign,momentum,kospi_return_1d,-0.009090257808566093
39,foreign,momentum,fx_level_z_252,-0.016075098887085915
39,foreign,persist,kospi_return_1d,0.004797950387001038
39,foreign,persist,fx_level_z_252,0.0017972292844206095
39,foreign,underwater,kospi_return_1d,0.00027523376047611237
39,foreign,underwater,fx_level_z_252,0.002711022738367319
39,institution,momentum,kospi_return_1d,0.002900505205616355
39,institution,momentum,fx_level_z_252,0.0025701704435050488
39,institution,persist,kospi_return_1d,-0.00149245944339782
39,institution,persist,fx_level_z_252,1.2211196008138359e-05
39,institution,underwater,kospi_return_1d,0.004520257003605366
39,institution,underwater,fx_level_z_252,0.001138538122177124
39,retail,momentum,kospi_return_1d,-0.0018736140336841345
39,retail,momentum,fx_level_z_252,-0.003957890905439854
39,retail,persist,kospi_return_1d,-0.0015631569549441338
39,retail,persist,fx_level_z_252,0.0021656868048012257
39,retail,underwater,kospi_return_1d,-0.0011818533530458808
39,retail,underwater,fx_level_z_252,-0.011739254929125309
40,foreign,momentum,kospi_return_1d,-0.01563957892358303
40,foreign,momentum,fx_level_z_252,-1.1725751392077655e-06
40,foreign,persist,kospi_return_1d,0.0013181361136958003
40,foreign,persist,fx_level_z_252,7.285687752300873e-05
40,foreign,underwater,kospi_return_1d,-0.0033954926766455173
40,foreign,underwater,fx_level_z_252,2.7582660550251603e-05
40,institution,momentum,kospi_return_1d,0.0022047855891287327
40,institution,momentum,fx_level_z_252,0.0005461963010020554
40,institution,persist,kospi_return_1d,-0.002500321948900819
40,institution,persist,fx_level_z_252,9.766747825779021e-05
40,institution,underwater,kospi_return_1d,0.003979474306106567
40,institution,underwater,fx_level_z_252,0.001996162813156843
40,retail,momentum,kospi_return_1d,8.536852692486718e-05
40,retail,momentum,fx_level_z_252,-0.0016274192603304982
40,retail,persist,kospi_return_1d,7.226980233099312e-05
40,retail,persist,fx_level_z_252,0.001367393764667213
40,retail,underwater,kospi_return_1d,-0.003292329143732786
40,retail,underwater,fx_level_z_252,-0.020296301692724228
41,foreign,momentum,kospi_return_1d,-0.010263331234455109
41,foreign,momentum,fx_level_z_252,-0.0003559819015208632
41,foreign,persist,kospi_return_1d,-3.308938175905496e-06
41,foreign,persist,fx_level_z_252,0.0005542715662159026
41,foreign,underwater,kospi_return_1d,0.003601611591875553
41,foreign,underwater,fx_level_z_252,-0.005349813494831324
41,institution,momentum,kospi_return_1d,0.005079975351691246
41,institution,momentum,fx_level_z_252,0.0021118801087141037
41,institution,persist,kospi_return_1d,-0.007913952693343163
41,institution,persist,fx_level_z_252,0.00011013136827386916
41,institution,underwater,kospi_return_1d,0.004996797535568476
41,institution,underwater,fx_level_z_252,0.0032014097087085247
41,retail,momentum,kospi_return_1d,-0.014843709766864777
41,retail,momentum,fx_level_z_252,-0.005169933196157217
41,retail,persist,kospi_return_1d,-0.01859835721552372
41,retail,persist,fx_level_z_252,0.010756520554423332
41,retail,underwater,kospi_return_1d,-0.006088742054998875
41,retail,underwater,fx_level_z_252,-0.019652152433991432
42,foreign,momentum,kospi_return_1d,-0.005696916487067938
42,foreign,momentum,fx_level_z_252,-0.012958614155650139
42,foreign,persist,kospi_return_1d,0.0028749790508300066
42,foreign,persist,fx_level_z_252,0.0030031169299036264
42,foreign,underwater,kospi_return_1d,0.00027627870440483093
42,foreign,underwater,fx_level_z_252,-0.001987561583518982
42,institution,momentum,kospi_return_1d,-0.0015293763717636466
42,institution,momentum,fx_level_z_252,0.0006491714739240706
42,institution,persist,kospi_return_1d,-0.0021182894706726074
42,institution,persist,fx_level_z_252,-0.00024169261450879276
42,institution,underwater,kospi_return_1d,0.0068667130544781685
42,institution,underwater,fx_level_z_252,0.00013726999168284237
42,retail,momentum,kospi_return_1d,0.0044894288294017315
42,retail,momentum,fx_level_z_252,-0.0009416835964657366
42,retail,persist,kospi_return_1d,-0.00400726031512022
42,retail,persist,fx_level_z_252,0.0012475179973989725
42,retail,underwater,kospi_return_1d,0.0006975994911044836
42,retail,underwater,fx_level_z_252,-0.028925685212016106
43,foreign,momentum,kospi_return_1d,-0.0005264037172310054
43,foreign,momentum,fx_level_z_252,-0.004118452314287424
43,foreign,persist,kospi_return_1d,-0.0008348835981450975
43,foreign,persist,fx_level_z_252,0.00378443393856287
43,foreign,underwater,kospi_return_1d,-0.000579016690608114
43,foreign,underwater,fx_level_z_252,-0.010102090425789356
43,institution,momentum,kospi_return_1d,-0.0005594879621639848
43,institution,momentum,fx_level_z_252,0.002190385013818741
43,institution,persist,kospi_return_1d,-0.0074039846658706665
43,institution,persist,fx_level_z_252,-0.0002785355318337679
43,institution,underwater,kospi_return_1d,0.010141244158148766
43,institution,underwater,fx_level_z_252,-1.868675826699473e-05
43,retail,momentum,kospi_return_1d,-0.006831364706158638
43,retail,momentum,fx_level_z_252,-0.004650202579796314
43,retail,persist,kospi_return_1d,-0.024357622489333153
43,retail,persist,fx_level_z_252,0.008808847516775131
43,retail,underwater,kospi_return_1d,-0.00024512497475370765
43,retail,underwater,fx_level_z_252,-0.027037134394049644
44,foreign,momentum,kospi_return_1d,-0.001962764887139201
44,foreign,momentum,fx_level_z_252,-0.009646830148994923
44,foreign,persist,kospi_return_1d,-0.0008632633835077286
44,foreign,persist,fx_level_z_252,-0.0012929189251735806
44,foreign,underwater,kospi_return_1d,-0.0013430394465103745
44,foreign,underwater,fx_level_z_252,0.003007737221196294
44,institution,momentum,kospi_return_1d,-0.0001753163815010339
44,institution,momentum,fx_level_z_252,0.001020538853481412
44,institution,persist,kospi_return_1d,-0.008808037266135216
44,institution,persist,fx_level_z_252,-0.0008321987115778029
44,institution,underwater,kospi_return_1d,0.00563998194411397
44,institution,underwater,fx_level_z_252,0.0026646344922482967
44,retail,momentum,kospi_return_1d,-0.007144255563616753
44,retail,momentum,fx_level_z_252,-0.0012090059462934732
44,retail,persist,kospi_return_1d,-0.029000964015722275
44,retail,persist,fx_level_z_252,0.008523363620042801
44,retail,underwater,kospi_return_1d,-0.00010532974556554109
44,retail,underwater,fx_level_z_252,-0.03578954562544823
