split,investor,train_size,test_size,train_mse,train_rmse,mae,rmse,mse,direction_accuracy,correlation,saturation_rate,actual_mean,predicted_mean
0,foreign,773,194,0.05375001433981344,0.23184049331342754,0.1876140260339019,0.23196584060432485,0.05380815120727104,0.6752577319587629,0.4183270745937114,0.0,-0.103180324225757,-0.09082726579754777
0,institution,773,194,0.014676476828753948,0.12114650976711606,0.09788782840574246,0.1321845350391271,0.017472751303510222,0.5463917525773195,0.19405898325413296,0.0,-0.04528642603683468,-0.003151432176741061
0,retail,773,194,0.09507661952816654,0.30834496838470793,0.2578661023325901,0.30701729228002844,0.09425961775896043,0.634020618556701,0.30831402068412195,0.0,0.14721717421726332,0.06423042120517607
1,foreign,766,194,0.0530548165831958,0.23033631190760132,0.1796258418627573,0.22763397586411793,0.05181722696770582,0.6958762886597938,0.536327915977933,0.0,-0.04263519651206095,-0.01652254740294722
1,institution,766,194,0.014295092783868313,0.11956208756904638,0.10280498937051383,0.1353543852407232,0.01832080960389411,0.5309278350515464,0.14017346413406204,0.0,-0.02827962139530165,-0.0051155298667451
1,retail,766,194,0.08640693221484401,0.2939505608343757,0.2895553501859336,0.34596079495081755,0.11968887164300163,0.6288659793814433,0.30795611152880203,0.0,0.057044845151825396,0.015538477859719051
2,foreign,766,194,0.050787255372219856,0.22536027904717337,0.19649641216656352,0.2523947731328379,0.06370312150477674,0.7061855670103093,0.505198225842888,0.0,0.012807647440193663,0.0061657381999803244
2,institution,766,194,0.014972813427448273,0.12236344808580818,0.0927607910586077,0.12350020931902278,0.01525230170184244,0.520618556701031,0.18207306183500716,0.0,-0.0287449085561693,-0.003453624343857188
2,retail,766,194,0.08956305110734686,0.29927086578440415,0.27947528371959446,0.329387209577316,0.10849593383313069,0.6701030927835051,0.4740278656643886,0.0,-0.009478956210719825,-0.015454541010897337
3,foreign,766,194,0.05507408811980688,0.23467869123507332,0.1645959446581138,0.21545486268056283,0.04642079785270019,0.6804123711340206,0.5109305425987004,0.0,-0.045495672270862056,-0.020077329399616255
3,institution,766,194,0.014103997498750687,0.11876025218376175,0.10085347898858185,0.13605582441510966,0.01851118735727515,0.6030927835051546,0.30599436474542646,0.0,-0.019208961167941636,-0.0017918749044744716
3,retail,766,194,0.09216053056343418,0.3035795292232897,0.2673959825637981,0.3162256288890879,0.09999864836629913,0.6907216494845361,0.4783773768630767,0.0,0.050782937324274635,0.015215020525970102
4,foreign,766,194,0.0524792244302853,0.2290834442518387,0.18471689000257685,0.23596830420882536,0.055681040591188745,0.6855670103092784,0.5032105514843999,0.0,-0.04055708715843383,-0.026992294664936353
4,institution,766,194,0.014122921042144299,0.11883989667676549,0.09815949917553093,0.13503225901640303,0.018233710975072957,0.5670103092783505,0.1432247400556291,0.0,-0.03754181132925501,-0.005934479408153361
4,retail,766,194,0.0942616593044047,0.30702061706733097,0.251006081624115,0.30279350861727145,0.09168390886075763,0.6391752577319587,0.285024441654951,0.0,0.09674925995167326,0.04097775924715607
5,foreign,766,194,0.050608677804158814,0.2249637255296036,0.20392402127737985,0.25635377927056424,0.06571726014630117,0.6958762886597938,0.4103169679091353,0.0,-0.10358689424819457,-0.0639398553823937
5,institution,766,194,0.013620030134916306,0.1167048847945805,0.10393915446649171,0.14434174451321596,0.02083453920911851,0.5670103092783505,0.1435807345792952,0.0,-0.03189227295293564,-0.004657297500483596
5,retail,766,194,0.09853313437252069,0.31389987953569,0.23309620507913595,0.2812224588685572,0.07908607137207734,0.7164948453608248,0.40558609641643634,0.0,0.13837820848692498,0.08249193428986773
6,foreign,766,194,0.05402748216692524,0.23243812545906758,0.1780465968204038,0.22745895933643545,0.051737578182414194,0.711340206185567,0.29809183275949797,0.0,-0.13733631177726155,-0.06505820679732781
6,institution,766,194,0.014707827940583229,0.12127583411621307,0.09485035717184895,0.12781710691006629,0.016337212818859317,0.5670103092783505,0.1481500847629864,0.0,-0.024078968430649654,-0.008713051617342364
6,retail,766,194,0.09995006814637944,0.31614880696656034,0.21786885250770227,0.26646292670078453,0.07100249130594766,0.6804123711340206,0.2965953986268811,0.0,0.1295310582217914,0.0810463562386936
7,foreign,766,194,0.05228008263727392,0.2286483821007136,0.19072641878774071,0.2367754301321777,0.056062604314277766,0.6907216494845361,0.4423437875593119,0.0,-0.07270552117417124,-0.021420955211500226
7,institution,766,194,0.014886924996972084,0.12201198710361243,0.09639107483422946,0.12555707597289206,0.015764579326862586,0.5721649484536082,0.15726177909088762,0.0,-0.027478165734924145,-0.005473594864729561
7,retail,766,194,0.09053939221032917,0.30089764407573744,0.2747087281925805,0.32777658510063173,0.10743748974023166,0.6804123711340206,0.38123666393565864,0.0,0.0948412051795233,0.01945647362321999
8,foreign,769,197,0.051711116872621296,0.22740078467899202,0.20082391363386595,0.25475703884441947,0.06490114884077706,0.649746192893401,0.36204832429470024,0.0,-0.04545616229279865,-0.0039045306603391157
8,institution,769,197,0.013295932672917843,0.1153079904990016,0.11491074210530984,0.14781946527038595,0.021850594312822835,0.5279187817258884,0.12323159622310709,0.0,-0.008186378686447737,-0.01050480327132834
8,retail,769,197,0.09139523093233803,0.3023164417168508,0.2700689164856638,0.32425294529633986,0.10513997253335117,0.6446700507614214,0.40896135594053695,0.0,0.03217954353871401,0.0028063416053176987
9,foreign,772,194,0.05456765698645399,0.23359721099887726,0.17848813411400602,0.2206020191434427,0.04866525085016387,0.6391752577319587,0.4654650925793194,0.0,-0.009060699257124443,-0.022260029747429275
9,institution,772,194,0.015480543486773968,0.12442083220576033,0.09013392129965779,0.11810111469135756,0.013947873291341194,0.5927835051546392,0.21117700600055128,0.0,-0.023341545026830984,-0.0038447983715366382
9,retail,772,194,0.08824128232934932,0.297054342384267,0.2802067533514664,0.339369963214397,0.11517197193214117,0.5670103092783505,0.2547240714819948,0.0,0.024241641132621883,0.002018617826139497
10,foreign,765,194,0.05226682680689432,0.22861939289328523,0.19149494639597983,0.23995482928845643,0.05757832009885227,0.654639175257732,0.471515109347073,0.0,0.04638214469513017,0.006505587066226092
10,institution,765,194,0.0162502508610487,0.1274764717940087,0.08021758237347179,0.10439969965068274,0.010899297287152766,0.5721649484536082,0.2758131010930997,0.0,-0.023806832187698634,-0.002677439302734109
10,retail,765,194,0.09126065843829921,0.30209379079732707,0.2675096266158885,0.3185945667154606,0.10150249794061209,0.6030927835051546,0.4277101197024606,0.0,-0.042282160229923337,-0.032476157650889195
11,foreign,765,194,0.05616210821796866,0.23698545992944095,0.163386514242692,0.20662069602199062,0.04269211202461185,0.6237113402061856,0.4453567953174801,0.0,-0.011921175015925552,-0.024721475740529828
11,institution,765,194,0.015378523617982864,0.1240101754614631,0.08864035587259761,0.11917749137059488,0.01420327444938822,0.6288659793814433,0.39673658619266855,0.0,-0.014270884799470971,-0.0012572165176550829
11,retail,765,194,0.09370393373218237,0.3061109827042839,0.25788514437297955,0.3087780428959438,0.0953438797746493,0.6391752577319587,0.42526461439823093,0.0,0.017979733305071126,0.0038932424216271983
12,foreign,765,194,0.05365513162870033,0.23163577363762344,0.18495534017197363,0.22812843088749374,0.052042580979190005,0.6288659793814433,0.4527400635259381,0.0,-0.006982589903497317,-0.03609102024677565
12,institution,765,194,0.015376102179288864,0.12400041201257705,0.08565089569220646,0.11799203741422583,0.013922120893160068,0.6030927835051546,0.21280871795095171,0.0,-0.03260373496078435,-0.0048404273357405565
12,retail,765,194,0.09572798499679254,0.3093993939825877,0.24050528033919746,0.294470541586383,0.08671289986217771,0.5618556701030928,0.23721640028767405,0.0,0.06394605593246974,0.03544780331514968
13,foreign,765,194,0.05136864348953846,0.22664651660578958,0.20661055807000386,0.2543884872236958,0.06471350243196043,0.6237113402061856,0.3482560634308627,0.0,-0.07001239699325806,-0.08079492618550652
13,institution,765,194,0.014906151220202446,0.12209074993709575,0.09098165894551899,0.1280910977421246,0.01640732932078252,0.6185567010309279,0.21462825557791784,0.0,-0.026954196584464973,-0.001970050917979157
13,retail,765,194,0.0995696380442264,0.3155465703255645,0.22800134172778308,0.27785031307038816,0.07720079647331272,0.6649484536082474,0.3404298245655278,0.0,0.10557500446772146,0.07806849181556057
14,foreign,765,194,0.05509767455894963,0.23472893847787415,0.17292150432402514,0.21572295500990854,0.04653639331820702,0.6804123711340206,0.30215951494287796,0.0,-0.10376181452232502,-0.09687959928468791
14,institution,765,194,0.015960410237312317,0.12633451720457206,0.08260890905047436,0.10962705892355765,0.01201809204822918,0.6237113402061856,0.2049733862575443,0.0,-0.019140892062178987,-0.009630923715993743
14,retail,765,194,0.10138405095907597,0.3184086226204874,0.20573455951723857,0.2564787107993843,0.06578132909331419,0.6391752577319587,0.2751902651952826,0.0,0.09672785420258789,0.09716165211704589
15,foreign,765,194,0.05341205846737413,0.2311104897389431,0.19033424368914434,0.22995147282796657,0.05287767985575105,0.6237113402061856,0.3849476976618765,0.0,-0.03913102391923474,-0.034540334946869575
15,institution,765,194,0.01614898070693016,0.127078639853164,0.08389688545919609,0.10701779934254202,0.011452809376120586,0.5927835051546392,0.2303654940815627,0.0,-0.022540089366453478,-0.0037723744867763183
15,retail,765,194,0.09207895603639628,0.3034451450203089,0.2634439971850052,0.3195017278705676,0.10208135411227823,0.6391752577319587,0.3382407190309701,0.0,0.06203800116031978,0.012522392704622033
16,foreign,768,197,0.051806160559256874,0.22760966710413877,0.20026023421814898,0.24742461175969718,0.061218938504436875,0.5888324873096447,0.33638200650663613,0.0,-0.012392951798089602,0.0036202368662139484
16,institution,768,197,0.014564864337444305,0.12068497975077223,0.10234182804298757,0.1324745154098554,0.01754949723307601,0.5786802030456852,0.1740266627845054,0.0,-0.0033235014504918517,-0.008072884457137407
16,retail,768,197,0.09307655940453212,0.3050845119053606,0.25741170834617566,0.3134954683866069,0.09827940869893806,0.5888324873096447,0.37633166209415064,0.0,-0.00012411930253209197,-0.006135626398216044
17,foreign,772,194,0.05332725883070669,0.23092695561736984,0.18310409393785618,0.2346582933838042,0.05506451465379953,0.6752577319587629,0.2928695786242665,0.0,0.10692727240882621,0.06637290428445396
17,institution,772,194,0.015755178406834602,0.12551963355122817,0.08763983643064083,0.11151935996309342,0.012436567646578005,0.4793814432989691,0.10453498447732942,0.0,-0.006800027546165607,0.007575821098463475
17,retail,772,194,0.08547990475757135,0.2923694661854609,0.2976194262389362,0.35681168008785347,0.12731457504711668,0.6237113402061856,0.1490654942659103,0.0,-0.13245448929536127,-0.09710555707978219
18,foreign,765,194,0.05653536887048117,0.2377716738185631,0.15905714845020785,0.2040995752976513,0.04165663663668163,0.6649484536082474,0.3223008781026884,0.0,0.0486239526977705,0.053166244016989064
18,institution,765,194,0.015075359493494034,0.12278175554003956,0.09422310015886359,0.12358712183871073,0.015273776684376331,0.5670103092783505,0.2599656010006153,0.0,0.002735919842062057,0.0047225508492046335
18,retail,765,194,0.08687435528811287,0.29474455938678984,0.2895689236849892,0.3479653984032106,0.12107991848590507,0.6288659793814433,0.22638243700600863,0.0,-0.07219259576036681,-0.0655764033489851
19,foreign,765,194,0.05415903999427565,0.23272094876541657,0.17450703066634493,0.22086112686309445,0.0487796373592359,0.654639175257732,0.386143530921563,0.0,0.053562537810198735,0.04029443906980192
19,institution,765,194,0.015063631348311901,0.12273398611758644,0.09178451137448009,0.12324565585648431,0.015189491687494965,0.5773195876288659,0.12674315268274736,0.0,-0.01559693031925132,-0.00030013750404474736
19,retail,765,194,0.08851521043411267,0.29751505917198995,0.27458313614437263,0.3381695554589768,0.114358648239322,0.5773195876288659,0.12321537249816973,0.0,-0.026226273132968193,-0.035334153403288
20,foreign,765,194,0.05144468572209863,0.2268142097005799,0.1963910720210292,0.24680059145198563,0.060910531941049915,0.6597938144329897,0.42566236946442,0.0,-0.009467269279562013,0.005319698048832337
20,institution,765,194,0.014546502381563187,0.1206088818518901,0.09805740856012862,0.13421616756522517,0.0180139796358966,0.5515463917525774,0.09794862566491881,0.0,-0.009947391942931944,0.00218074888617434
20,retail,765,194,0.09199100486398522,0.3033001893569887,0.2652300506393358,0.3232402675725027,0.10448427058034314,0.6288659793814433,0.2866206395671724,0.0,0.015402675402283515,-0.004930447710236323
21,foreign,765,194,0.05477404506280531,0.23403855465030823,0.16631225227335103,0.2123973440566351,0.04511263176231262,0.6804123711340206,0.43354911616538655,0.0,-0.04321668680862898,-0.02416744910675034
21,institution,765,194,0.015610250644385815,0.12494098864818469,0.09036084403900176,0.11662891629161848,0.01360230411535735,0.5051546391752577,0.10229785881721036,0.0,-0.002134087420645957,-0.0048973766028324196
21,retail,765,194,0.09358685499702404,0.30591968716809326,0.24209006212546116,0.3048546881217126,0.09293638086978667,0.5927835051546392,0.23537583678180143,0.0,0.00655552513714995,0.010429688719744534
22,foreign,765,194,0.0537049884402674,0.23174336762951253,0.18056543448732293,0.22436800747831612,0.050341002779789715,0.6391752577319587,0.3813745688306507,0.0,0.02141410379446131,0.04836867391083812
22,institution,765,194,0.01579251140356064,0.1256682593321028,0.09085035317825854,0.11344413039509894,0.012869570721100213,0.5567010309278351,0.10932165177759051,0.0,-0.00553328472492045,0.0025237922850136945
22,retail,765,194,0.0848746523163677,0.2913325459271032,0.2968399377069292,0.3600401790816708,0.12962893055316158,0.6030927835051546,0.21721175837644707,0.0,-0.028134327905118158,-0.06456744295938574
23,foreign,768,197,0.05232532570759455,0.22874729661264753,0.19285555070308674,0.24388035446526057,0.059477627294101144,0.6040609137055838,0.22296101219671685,0.0,0.04723016889458569,0.08006532101887208
23,institution,768,197,0.014225480146706104,0.11927061728148347,0.1099019590564318,0.1373676030177606,0.01886985835884507,0.467005076142132,0.09628950945668142,0.0,0.013424316318327476,-0.005627167307142982
23,retail,768,197,0.08639367421468098,0.29392800855767554,0.29222514306143077,0.3544698967188476,0.12564890767987047,0.5888324873096447,0.14436677134245693,0.0,-0.08892326569184661,-0.06711535456443801
24,foreign,772,194,0.055231323938604464,0.23501345480334623,0.16841022315622337,0.22407049301832,0.05020758584147299,0.6391752577319587,0.22774654184313814,0.0,0.1040667966500251,0.06242181841264834
24,institution,772,194,0.015711477026343346,0.12534543081557997,0.08478935208224413,0.11127025891814839,0.01238107051971178,0.5309278350515464,0.28889127381877466,0.0,0.002270632681194405,0.004119015881160428
24,retail,772,194,0.09141153838350365,0.30234341134462256,0.27812277362681925,0.3292783343607506,0.10842422147939026,0.6752577319587629,0.29355481168952446,0.0,-0.13871639712291203,-0.07839629282579594
25,foreign,765,194,0.05244143303313287,0.22900094548523783,0.1881448633011104,0.24115983059174906,0.058158063891041105,0.6701030927835051,0.2778847704324683,0.0,0.10900538176245335,0.06181819633503934
25,institution,765,194,0.01573161967098713,0.1254257536193709,0.0819896299172356,0.11004495169073361,0.012109891392615896,0.5567010309278351,0.15829950111943544,0.0,-0.016062217480118973,0.0003247150770849404
25,retail,765,194,0.09220977932993883,0.30366063184077524,0.2607192274653497,0.3142154616709593,0.09873135635309412,0.6237113402061856,0.26464980777105224,0.0,-0.09275007449551341,-0.06648078321277634
26,foreign,765,194,0.04957430709908211,0.22265288477601655,0.20884882792057566,0.26368343783638626,0.06952895538921539,0.6855670103092784,0.42110014726634615,0.0,0.0459755746726926,0.026785701342867976
26,institution,765,194,0.015171716921031475,0.12317352362026295,0.08805859767031957,0.12289392174127772,0.015102916000951292,0.5309278350515464,0.09939417377442643,0.0,-0.010412679103799597,0.0033292647177526323
26,retail,765,194,0.09521783222170437,0.30857386833901596,0.25719484844072193,0.30651534762565336,0.09395165833007511,0.654639175257732,0.4271848552631262,0.0,-0.05112112596026171,-0.03807226266980786
27,foreign,765,194,0.05266213784225626,0.2294823257731546,0.18159590739896042,0.2365149392776612,0.05593931650151576,0.6855670103092784,0.43742251954382144,0.0,0.012226157143625632,-0.0005824624599178427
27,institution,765,194,0.01627786085009575,0.1275847202845848,0.0803112616405772,0.10290744319179375,0.010589941864272256,0.4948453608247423,0.09564746690017911,0.0,-0.0025993745815136096,-0.0015971008346166422
27,retail,765,194,0.09704633326896656,0.3115226047479806,0.2295060679196505,0.282227971098161,0.0796526276701844,0.634020618556701,0.42309762580600474,0.0,-0.05996827622539527,-0.026253441041431475
28,foreign,765,194,0.05202931139399024,0.22809934544840377,0.19427367925767536,0.24379326245848512,0.05943515482015181,0.6494845360824743,0.3047573201053947,0.0,0.07685694774671592,0.06509570787257525
28,institution,765,194,0.01646219938993454,0.12830510274316662,0.08088724932647742,0.09924045990144173,0.009848668881449663,0.5412371134020618,0.11694958360792301,0.0,-0.005998571885788103,0.00459942050979079
28,retail,765,194,0.08864566433468675,0.29773421760806523,0.281763401645783,0.3367244348011317,0.11338334499214159,0.654639175257732,0.31842171410090725,0.0,-0.09465812926766337,-0.09287317624296416
29,foreign,768,197,0.050864674150943756,0.2255319803286083,0.2037153080221606,0.2594318838693374,0.06730490236799337,0.6243654822335025,0.10968604282521982,0.0,0.10182870557853187,0.09719023712069212
29,institution,768,197,0.014895652420818806,0.12204774647988714,0.09922137112016341,0.12586543143812784,0.015842106831106057,0.47715736040609136,0.08356325785762476,0.0,0.012966114748742073,-0.003089276158964725
29,retail,768,197,0.08982817580302556,0.2997134895246218,0.2818574551339285,0.3373424888560824,0.11379995478761609,0.6395939086294417,0.13927295031164072,0.0,-0.15443401424176423,-0.09555461722766498
30,foreign,772,194,0.05645769848029848,0.2376082879032179,0.16087103305989398,0.20868613171954417,0.043549901572066944,0.6134020618556701,0.3411650130346805,0.0,0.05070206205139762,0.029866389721420777
30,institution,772,194,0.015015752986073494,0.12253878155944548,0.08979497434821618,0.12337628991041244,0.01522170891205814,0.6082474226804123,0.29801511473419695,0.0,-0.006526270091891308,0.0004903746841741802
30,retail,772,194,0.09403043024126112,0.3066438165710522,0.2519030263251385,0.3049342490044418,0.09298489621590293,0.634020618556701,0.30044875563468,0.0,-0.032488180960518954,-0.03162467324285355
31,foreign,765,194,0.053491492004565946,0.23128227775721585,0.18063497147042804,0.23429051000046705,0.05489204307627896,0.6288659793814433,0.40020586279905634,0.0,-0.012327745038363123,0.0009302948625547063
31,institution,765,194,0.014303196221590042,0.11959597075817413,0.09652261243195191,0.13548308476952228,0.018355666258665557,0.5876288659793815,0.16180705974310358,0.0,-0.0008767317155719322,0.004065133646831454
31,retail,765,194,0.0974999284724784,0.3122497853841991,0.2454026420552706,0.2944391405894329,0.0866944075110438,0.6701030927835051,0.4444160901099148,0.0,0.009140767574732759,-0.004451080614259255
32,foreign,765,194,0.05691343094496166,0.2385653599015617,0.15003993954586306,0.1979298538381271,0.039176227040382365,0.6701030927835051,0.39883519671013257,0.0,-0.04607716256743009,-0.029233390616598662
32,institution,765,194,0.015434942208230495,0.12423744285935097,0.08724728569569314,0.1161911734724601,0.013500388792907315,0.5463917525773195,0.24696343791680708,0.0,0.006936572806714054,-0.0008077565863393679
32,retail,765,194,0.09927590788384669,0.3150807958029919,0.22037697628802938,0.27114606096825383,0.07352018637860001,0.654639175257732,0.4239403902765415,0.0,0.0002936173095991931,0.011646950346196895
33,foreign,765,194,0.05571228113828921,0.23603449141659194,0.16661464273971602,0.2119737595642831,0.0449328747438165,0.6185567010309279,0.3311006606182133,0.0,0.0185536280356602,0.042185811877980366
33,institution,765,194,0.015624653548002243,0.12499861418432703,0.08815192764345317,0.11324488421971304,0.012824403801936213,0.5979381443298969,0.26292379985115527,0.0,0.0035373755024395615,0.0018610822909377208
33,retail,765,194,0.09050316299293555,0.30083743615603353,0.27472634709286553,0.3309571305987002,0.10953262229412508,0.6494845360824743,0.34765165576694085,0.0,-0.034396235732668916,-0.0592674215506647
34,foreign,768,197,0.05448421090841293,0.23341853163023055,0.17625348908628152,0.22871461470207335,0.052310374978317864,0.5888324873096447,0.1849558909211619,0.0,0.04441325368033486,0.07189564564180215
34,institution,768,197,0.01400397066026926,0.11833837357454792,0.10854014883977291,0.13964292295008604,0.019500145930043664,0.5279187817258884,0.15450835430030102,0.0,0.022356844664052564,-0.007584499064029246
34,retail,768,197,0.09184127549330394,0.3030532552098788,0.2719410903146727,0.32602939722849716,0.1062951678571772,0.6395939086294417,0.2753083151052615,0.0,-0.09508981451694735,-0.06847179605422286
35,foreign,772,194,0.05114710302010101,0.22615725285761015,0.20444426029565332,0.2590618721349593,0.06711305359407,0.6391752577319587,0.3488048234591712,0.0,-0.007389159925934887,-0.0023312249998610046
35,institution,772,194,0.014342974871397018,0.11976215959724933,0.09381759661317625,0.1341675406761839,0.018000928971095457,0.5618556701030928,0.10307488724858471,0.0,-0.01920958187688531,-0.0005160078076890564
35,retail,772,194,0.09956572556125068,0.31554037073130703,0.2245533893139284,0.2767815624350333,0.07660803330397825,0.6237113402061856,0.27988798785909996,0.0,0.05510709020213138,0.037684141158980805
36,foreign,765,194,0.05434454199340608,0.23311915835770788,0.17088024284373776,0.2198679883430412,0.0483419322980157,0.6701030927835051,0.4039848599177859,0.0,-0.04113857745500185,-0.03472250802730469
36,institution,765,194,0.015440505929291248,0.12425983232441305,0.08427127140118697,0.11484997017885837,0.013190515650084658,0.5567010309278351,0.13816021038407383,0.0,-0.011396277354599322,-0.005677065844155522
36,retail,765,194,0.10128976610166575,0.31826053180007374,0.20321838704379486,0.25523598207629655,0.06514540654645158,0.5927835051546392,0.20850737656780036,0.0,0.04625993993699781,0.044326365402102774
37,foreign,765,194,0.053089800886079376,0.2304122411810609,0.18624821210312464,0.23189170233004236,0.053773761609524975,0.6134020618556701,0.33887751942230093,0.0,0.023492213148088435,0.035827516522930605
37,institution,765,194,0.015624332241714,0.12499732893831772,0.08567961409313547,0.11250583664666981,0.01265756327956715,0.5824742268041238,0.13532720378251448,0.0,-0.014795474658873816,-0.002549446820396661
37,retail,765,194,0.09241919991822024,0.3040052629778311,0.25870272867650407,0.318331618471245,0.1013350193185223,0.5979381443298969,0.24300309960622926,0.0,0.011570086894729702,-0.028823537377582996
38,foreign,768,197,0.05195011074344317,0.2279256693385876,0.1962905055890569,0.2472277180559886,0.06112154457517139,0.5786802030456852,0.2237301491956761,0.0,0.0492766319128784,0.06462578943382173
38,institution,768,197,0.01410470437258482,0.11876322820041908,0.10290067536424878,0.13537946230223172,0.018327598813241378,0.5482233502538071,0.16304973297750935,0.0,0.0043031749620485275,-0.005646179709258504
38,retail,768,197,0.0937654400865237,0.3062114303655624,0.25484026620296885,0.31177217152295866,0.09720188693614117,0.5888324873096447,0.2241621720199751,0.0,-0.04982348665037207,-0.050000045164890095
39,foreign,772,194,0.05299383232012932,0.23020389293000523,0.18628534407009245,0.23738905876932212,0.05635356522338467,0.6855670103092784,0.34551621005115185,0.0,-0.1041683845447626,-0.07064748326911754
39,institution,772,194,0.014824924059212208,0.12175764476702154,0.08969743397133664,0.12714502604802685,0.016165857648753425,0.5824742268041238,0.11120431082808788,0.0,-0.005746738978279946,-0.0017918355513325671
39,retail,772,194,0.10452025549708253,0.3232959255807016,0.1943992868536296,0.2395197714201353,0.057369720901153866,0.6597938144329897,0.32395313897007,0.0,0.08788888847224952,0.07549344629202921
40,foreign,765,194,0.05059810161493183,0.22494021786895252,0.20835579993274092,0.256435749421647,0.06575929358144172,0.5979381443298969,0.35666290812745566,0.0,-0.03953759394167231,0.00027982222117944476
40,institution,765,194,0.015069958753883839,0.12275976032024435,0.0918023472292692,0.12520549908404557,0.01567641700088494,0.5876288659793815,0.09385622084883322,0.0,-0.00914593628255444,-0.0008098339144687754
40,retail,765,194,0.09608046334553388,0.3099684876653333,0.24796489389258025,0.30329516169450504,0.09198795510729596,0.6649484536082474,0.37520160677608594,0.0,0.05319903542998141,0.007372382327376567
41,foreign,768,197,0.04942019532124201,0.22230653458961122,0.2110365845515927,0.2654749898896708,0.0704769702569208,0.6243654822335025,0.32872972388161426,0.0,-0.012793330398865687,0.008304763880799416
41,institution,768,197,0.013505789451301098,0.11621441154736833,0.10965664337757328,0.14776432924142957,0.0218342969961696,0.5279187817258884,0.05377218924706908,0.0,0.009866679759033091,-0.001104781191989893
41,retail,768,197,0.09703263640403748,0.31150062023058234,0.24214861124309564,0.2988392352189983,0.0893048885062758,0.6294416243654822,0.39390022436298505,0.0,-0.008828481493829773,-0.012411331145688513
42,foreign,772,194,0.054711211492051735,0.2339042784817151,0.17489860202371835,0.21911572872179239,0.04801170257328211,0.6804123711340206,0.36295523369148497,0.0,-0.07328701147073928,-0.03543960274024338
42,institution,772,194,0.01612921990454197,0.1270008657629623,0.0831846808551117,0.10490403525468558,0.011004856612716317,0.5721649484536082,0.1209644869466154,0.0,-0.001332631760268453,-0.00398064310393613
42,retail,772,194,0.09760551864927915,0.3124188192943555,0.22610809761771605,0.2833922892133007,0.08031118958555507,0.634020618556701,0.325074070268048,0.0,0.044351885164847844,0.019708906482789935
43,foreign,768,197,0.052442518373330436,0.22900331520161546,0.18811612313514017,0.2416133060750901,0.05837698967253518,0.6243654822335025,0.317666177518619,0.0,-0.04602879740718544,0.004266271020195962
43,institution,768,197,0.014555160887539387,0.12064477148861191,0.1055572171555773,0.13398690112405412,0.017952489672827053,0.47715736040609136,0.09622010251834986,0.0,0.017560999948492386,-0.01359930256769288
43,retail,768,197,0.09860509882370631,0.3140144882385307,0.2231133327710674,0.27998883328545937,0.07839374676455275,0.6040609137055838,0.3493714742007786,0.0,-0.01754090358233694,-0.005103305502213197
44,foreign,775,197,0.05152884908260838,0.22699966758259443,0.2097405906170394,0.2593716572480272,0.0672736565835881,0.5685279187817259,0.2543979982632006,0.0,0.017617767958294336,0.09028298568647108
44,institution,775,197,0.014733233489096165,0.12138053175487477,0.1031071655446342,0.12839809178104064,0.016486069973012538,0.5482233502538071,0.09918155794059848,0.0,0.014213567070171313,-0.006699526872188042
44,retail,775,197,0.08980371212767016,0.29967267497666544,0.27810794684497003,0.33953793956900563,0.11528601240676573,0.6243654822335025,0.2673608648204478,0.0,-0.051702484750864926,-0.08014678650152714
