experiment,epochs,learning_rate,lambda_l1,split,investor,train_size,test_size,train_nll,accuracy,macro_f1,nll
ep_100_lr_0p001_l1_0,100,0.001,0.0,0,foreign,773,194,0.6290635459635884,0.634020618556701,0.5967208315034402,0.6430850625038147
ep_100_lr_0p001_l1_0,100,0.001,0.0,0,institution,773,194,0.6867284437046323,0.5154639175257731,0.4916369313113291,0.6954957842826843
ep_100_lr_0p001_l1_0,100,0.001,0.0,0,retail,773,194,0.6565349708861861,0.5618556701030928,0.5137844611528821,0.6941900253295898
ep_100_lr_0p001_l1_0,100,0.001,0.0,1,foreign,766,194,0.6301249410402682,0.6701030927835051,0.6672384219554031,0.6125614643096924
ep_100_lr_0p001_l1_0,100,0.001,0.0,1,institution,766,194,0.6855879061838355,0.5360824742268041,0.5360824742268041,0.689056396484375
ep_100_lr_0p001_l1_0,100,0.001,0.0,1,retail,766,194,0.6572813279634979,0.5824742268041238,0.5792433127158808,0.6732815504074097
ep_100_lr_0p001_l1_0,100,0.001,0.0,2,foreign,766,194,0.6272154837924568,0.6494845360824743,0.6485507246376812,0.6269011497497559
ep_100_lr_0p001_l1_0,100,0.001,0.0,2,institution,766,194,0.6819123795387327,0.520618556701031,0.5169089886737891,0.6995877027511597
ep_100_lr_0p001_l1_0,100,0.001,0.0,2,retail,766,194,0.6626860091642673,0.6237113402061856,0.6224976675996268,0.6585842967033386
ep_100_lr_0p001_l1_0,100,0.001,0.0,3,foreign,766,194,0.6266090911922505,0.6597938144329897,0.6462201591511936,0.6308326721191406
ep_100_lr_0p001_l1_0,100,0.001,0.0,3,institution,766,194,0.6847878554471167,0.5670103092783505,0.5457181088314005,0.6889102458953857
ep_100_lr_0p001_l1_0,100,0.001,0.0,3,retail,766,194,0.6635563887130498,0.6391752577319587,0.6314989688483664,0.6549561619758606
ep_100_lr_0p001_l1_0,100,0.001,0.0,4,foreign,766,194,0.6278644596316485,0.634020618556701,0.6186072269140246,0.6300027370452881
ep_100_lr_0p001_l1_0,100,0.001,0.0,4,institution,766,194,0.6842009932503065,0.520618556701031,0.5137844611528821,0.6972939372062683
ep_100_lr_0p001_l1_0,100,0.001,0.0,4,retail,766,194,0.6511973824264486,0.520618556701031,0.4958504484868807,0.7059773206710815
ep_100_lr_0p001_l1_0,100,0.001,0.0,5,foreign,766,194,0.639966330235683,0.6907216494845361,0.6580091667646022,0.5907031297683716
ep_100_lr_0p001_l1_0,100,0.001,0.0,5,institution,766,194,0.6781432960114342,0.5,0.4811260925910607,0.7282077670097351
ep_100_lr_0p001_l1_0,100,0.001,0.0,5,retail,766,194,0.6651307433143298,0.6185567010309279,0.5914162112932605,0.6600176692008972
ep_100_lr_0p001_l1_0,100,0.001,0.0,6,foreign,766,194,0.6304506421400424,0.6649484536082474,0.6308007612355438,0.6339669227600098
ep_100_lr_0p001_l1_0,100,0.001,0.0,6,institution,766,194,0.6820914289347497,0.5154639175257731,0.4961317418213969,0.7111262083053589
ep_100_lr_0p001_l1_0,100,0.001,0.0,6,retail,766,194,0.6588214416416756,0.6237113402061856,0.5793506994980248,0.6703747510910034
ep_100_lr_0p001_l1_0,100,0.001,0.0,7,foreign,766,194,0.6277501142678622,0.654639175257732,0.6505444280145181,0.620836615562439
ep_100_lr_0p001_l1_0,100,0.001,0.0,7,institution,766,194,0.6826673405288716,0.5103092783505154,0.5006367355786165,0.6982929110527039
ep_100_lr_0p001_l1_0,100,0.001,0.0,7,retail,766,194,0.6538700403806124,0.5721649484536082,0.5609543285616905,0.6837008595466614
ep_100_lr_0p001_l1_0,100,0.001,0.0,8,foreign,769,197,0.6258648731618616,0.6395939086294417,0.6394452607429175,0.6874118447303772
ep_100_lr_0p001_l1_0,100,0.001,0.0,8,institution,769,197,0.6857275993058213,0.5177664974619289,0.5175676024024953,0.6946160197257996
ep_100_lr_0p001_l1_0,100,0.001,0.0,8,retail,769,197,0.6568100450485364,0.5685279187817259,0.5678152019615434,0.7121794819831848
ep_100_lr_0p001_l1_0,100,0.001,0.0,9,foreign,772,194,0.6252174454649495,0.6185567010309279,0.617540494458653,0.6591057777404785
ep_100_lr_0p001_l1_0,100,0.001,0.0,9,institution,772,194,0.6883126960517211,0.5670103092783505,0.5613695090439277,0.6835699677467346
ep_100_lr_0p001_l1_0,100,0.001,0.0,9,retail,772,194,0.6569090454689579,0.5360824742268041,0.5360331632653061,0.7010659575462341
ep_100_lr_0p001_l1_0,100,0.001,0.0,10,foreign,765,194,0.6180469872125613,0.6134020618556701,0.5988088344776243,0.6669178009033203
ep_100_lr_0p001_l1_0,100,0.001,0.0,10,institution,765,194,0.684598754901512,0.5463917525773195,0.5393416082029142,0.6907537579536438
ep_100_lr_0p001_l1_0,100,0.001,0.0,10,retail,765,194,0.6608087768741683,0.5876288659793815,0.5775261324041812,0.680081844329834
ep_100_lr_0p001_l1_0,100,0.001,0.0,11,foreign,765,194,0.6187691944097382,0.5979381443298969,0.5958333333333333,0.6590031385421753
ep_100_lr_0p001_l1_0,100,0.001,0.0,11,institution,765,194,0.6870295883004183,0.6134020618556701,0.5847010132724418,0.6828135848045349
ep_100_lr_0p001_l1_0,100,0.001,0.0,11,retail,765,194,0.6625137779447767,0.6237113402061856,0.6220140390210052,0.6712493896484375
ep_100_lr_0p001_l1_0,100,0.001,0.0,12,foreign,765,194,0.6202892775629081,0.6134020618556701,0.6110769559755153,0.6566643714904785
ep_100_lr_0p001_l1_0,100,0.001,0.0,12,institution,765,194,0.6874536045236526,0.5670103092783505,0.5497347480106101,0.6835358738899231
ep_100_lr_0p001_l1_0,100,0.001,0.0,12,retail,765,194,0.6494887633261338,0.4896907216494845,0.4824157167111326,0.7272832989692688
ep_100_lr_0p001_l1_0,100,0.001,0.0,13,foreign,765,194,0.6339529315630595,0.6649484536082474,0.6508376021043888,0.6060855388641357
ep_100_lr_0p001_l1_0,100,0.001,0.0,13,institution,765,194,0.6821159803010279,0.5463917525773195,0.5262515262515263,0.7063060402870178
ep_100_lr_0p001_l1_0,100,0.001,0.0,13,retail,765,194,0.6655233902868882,0.6082474226804123,0.6048456260720412,0.6611142754554749
ep_100_lr_0p001_l1_0,100,0.001,0.0,14,foreign,765,194,0.6254110467979331,0.634020618556701,0.6151116327157906,0.6402986645698547
ep_100_lr_0p001_l1_0,100,0.001,0.0,14,institution,765,194,0.6851691970638201,0.5567010309278351,0.5223863506240696,0.6996055841445923
ep_100_lr_0p001_l1_0,100,0.001,0.0,14,retail,765,194,0.6561359985201967,0.5721649484536082,0.5454879047054506,0.7345699071884155
ep_100_lr_0p001_l1_0,100,0.001,0.0,15,foreign,765,194,0.6172737248582778,0.6082474226804123,0.6082474226804123,0.6692330837249756
ep_100_lr_0p001_l1_0,100,0.001,0.0,15,institution,765,194,0.6854401896981632,0.5567010309278351,0.5326610644257703,0.6888910531997681
ep_100_lr_0p001_l1_0,100,0.001,0.0,15,retail,765,194,0.6529776683040693,0.5463917525773195,0.545619078036836,0.6983060836791992
ep_100_lr_0p001_l1_0,100,0.001,0.0,16,foreign,768,197,0.6064700881640116,0.6040609137055838,0.5964810924369748,0.753126323223114
ep_100_lr_0p001_l1_0,100,0.001,0.0,16,institution,768,197,0.6840283870697021,0.5431472081218274,0.5417183622828784,0.7075701355934143
ep_100_lr_0p001_l1_0,100,0.001,0.0,16,retail,768,197,0.6475245952606201,0.5532994923857868,0.5491052850603413,0.7566831707954407
ep_100_lr_0p001_l1_0,100,0.001,0.0,17,foreign,772,194,0.6293168248599057,0.654639175257732,0.5900589775128521,0.6454100608825684
ep_100_lr_0p001_l1_0,100,0.001,0.0,17,institution,772,194,0.6854316533538344,0.5257731958762887,0.5245098039215687,0.6902278661727905
ep_100_lr_0p001_l1_0,100,0.001,0.0,17,retail,772,194,0.665818528190178,0.6082474226804123,0.5372253609541745,0.6630999445915222
ep_100_lr_0p001_l1_0,100,0.001,0.0,18,foreign,765,194,0.6242273536382937,0.6443298969072165,0.6362005707297187,0.6311673521995544
ep_100_lr_0p001_l1_0,100,0.001,0.0,18,institution,765,194,0.6855623362111111,0.5051546391752577,0.5032540275258721,0.6958672404289246
ep_100_lr_0p001_l1_0,100,0.001,0.0,18,retail,765,194,0.6646829878582674,0.6443298969072165,0.6323638460904671,0.646883487701416
ep_100_lr_0p001_l1_0,100,0.001,0.0,19,foreign,765,194,0.625994457528482,0.6649484536082474,0.6583303980274745,0.6285754442214966
ep_100_lr_0p001_l1_0,100,0.001,0.0,19,institution,765,194,0.6879389159819659,0.6030927835051546,0.6030822372791285,0.6786865592002869
ep_100_lr_0p001_l1_0,100,0.001,0.0,19,retail,765,194,0.6524861693382263,0.520618556701031,0.5125233038826295,0.6958293914794922
ep_100_lr_0p001_l1_0,100,0.001,0.0,20,foreign,765,194,0.6384860510919609,0.7216494845360825,0.7213829787234043,0.5847939848899841
ep_100_lr_0p001_l1_0,100,0.001,0.0,20,institution,765,194,0.6805768309854994,0.5257731958762887,0.5239517763789608,0.7231765985488892
ep_100_lr_0p001_l1_0,100,0.001,0.0,20,retail,765,194,0.6669381405013839,0.6597938144329897,0.659468085106383,0.6439435482025146
ep_100_lr_0p001_l1_0,100,0.001,0.0,21,foreign,765,194,0.6294146304816203,0.6958762886597938,0.6958035453264942,0.6209293007850647
ep_100_lr_0p001_l1_0,100,0.001,0.0,21,institution,765,194,0.6853033884678011,0.5412371134020618,0.5391678009982117,0.7025661468505859
ep_100_lr_0p001_l1_0,100,0.001,0.0,21,retail,765,194,0.6584327914356406,0.6082474226804123,0.6082057823129252,0.6722412109375
ep_100_lr_0p001_l1_0,100,0.001,0.0,22,foreign,765,194,0.6223774426902821,0.634020618556701,0.6169100264219163,0.6490165591239929
ep_100_lr_0p001_l1_0,100,0.001,0.0,22,institution,765,194,0.6853998786483715,0.5257731958762887,0.5206789128800086,0.688728392124176
ep_100_lr_0p001_l1_0,100,0.001,0.0,22,retail,765,194,0.6535469551491582,0.5721649484536082,0.5577710032682431,0.6826637387275696
ep_100_lr_0p001_l1_0,100,0.001,0.0,23,foreign,768,197,0.6136529048283895,0.6345177664974619,0.5867132867132867,0.7078292965888977
ep_100_lr_0p001_l1_0,100,0.001,0.0,23,institution,768,197,0.6820299824078878,0.4923857868020304,0.4840771003561701,0.7293702960014343
ep_100_lr_0p001_l1_0,100,0.001,0.0,23,retail,768,197,0.6485205094019572,0.5279187817258884,0.4981235447199014,0.7447137832641602
ep_100_lr_0p001_l1_0,100,0.001,0.0,24,foreign,772,194,0.6262098433440213,0.6082474226804123,0.5753456221198157,0.6500397324562073
ep_100_lr_0p001_l1_0,100,0.001,0.0,24,institution,772,194,0.6848513261641863,0.520618556701031,0.5202999122597112,0.6928307414054871
ep_100_lr_0p001_l1_0,100,0.001,0.0,24,retail,772,194,0.6706200594111428,0.6804123711340206,0.6466094723234223,0.6415379047393799
ep_100_lr_0p001_l1_0,100,0.001,0.0,25,foreign,765,194,0.6227317616830464,0.6391752577319587,0.6112447039963358,0.6449857950210571
ep_100_lr_0p001_l1_0,100,0.001,0.0,25,institution,765,194,0.6846618513655819,0.5567010309278351,0.5528516295025729,0.6865067481994629
ep_100_lr_0p001_l1_0,100,0.001,0.0,25,retail,765,194,0.6575371010630738,0.5412371134020618,0.5071785357499643,0.6802098155021667
ep_100_lr_0p001_l1_0,100,0.001,0.0,26,foreign,765,194,0.6348574824582518,0.6855670103092784,0.6783802147030846,0.6034273505210876
ep_100_lr_0p001_l1_0,100,0.001,0.0,26,institution,765,194,0.6771474835140253,0.5,0.4969928630616663,0.7279661297798157
ep_100_lr_0p001_l1_0,100,0.001,0.0,26,retail,765,194,0.6714465199732313,0.6649484536082474,0.6508376021043888,0.635399341583252
ep_100_lr_0p001_l1_0,100,0.001,0.0,27,foreign,765,194,0.6252740192257501,0.6494845360824743,0.6420275697384131,0.6452227830886841
ep_100_lr_0p001_l1_0,100,0.001,0.0,27,institution,765,194,0.6823614772628336,0.5257731958762887,0.5107456140350877,0.7038201689720154
ep_100_lr_0p001_l1_0,100,0.001,0.0,27,retail,765,194,0.6640529815667595,0.6288659793814433,0.622077922077922,0.6546408534049988
ep_100_lr_0p001_l1_0,100,0.001,0.0,28,foreign,765,194,0.620790916720247,0.634020618556701,0.5774198496701948,0.6502193212509155
ep_100_lr_0p001_l1_0,100,0.001,0.0,28,institution,765,194,0.681792161121867,0.4793814432989691,0.4618659196396693,0.699772298336029
ep_100_lr_0p001_l1_0,100,0.001,0.0,28,retail,765,194,0.6598416851236929,0.6134020618556701,0.5678260611281076,0.6621192097663879
ep_100_lr_0p001_l1_0,100,0.001,0.0,29,foreign,768,197,0.6096712152163187,0.6192893401015228,0.507056350715644,0.736030638217926
ep_100_lr_0p001_l1_0,100,0.001,0.0,29,institution,768,197,0.6814701954523722,0.5279187817258884,0.525522492424831,0.7093032002449036
ep_100_lr_0p001_l1_0,100,0.001,0.0,29,retail,768,197,0.6561665733655294,0.5786802030456852,0.4850565300916448,0.7053741812705994
ep_100_lr_0p001_l1_0,100,0.001,0.0,30,foreign,772,194,0.6256514441781711,0.5824742268041238,0.5799631124535565,0.6644190549850464
ep_100_lr_0p001_l1_0,100,0.001,0.0,30,institution,772,194,0.6873886699503567,0.6185567010309279,0.6126281705342688,0.6840318441390991
ep_100_lr_0p001_l1_0,100,0.001,0.0,30,retail,772,194,0.6592940379300883,0.5360824742268041,0.5343006508055052,0.6837038397789001
ep_100_lr_0p001_l1_0,100,0.001,0.0,31,foreign,765,194,0.6323817927852955,0.6494845360824743,0.6485507246376812,0.6242427229881287
ep_100_lr_0p001_l1_0,100,0.001,0.0,31,institution,765,194,0.6786638076009314,0.5567010309278351,0.5302927927927928,0.7317609786987305
ep_100_lr_0p001_l1_0,100,0.001,0.0,31,retail,765,194,0.6715184189914878,0.6494845360824743,0.6491489361702127,0.6409417986869812
ep_100_lr_0p001_l1_0,100,0.001,0.0,32,foreign,765,194,0.6234915347660289,0.654639175257732,0.6519666907649879,0.6612175107002258
ep_100_lr_0p001_l1_0,100,0.001,0.0,32,institution,765,194,0.6843467658641291,0.520618556701031,0.5004291845493563,0.7022824883460999
ep_100_lr_0p001_l1_0,100,0.001,0.0,32,retail,765,194,0.6646431989919126,0.654639175257732,0.653894288377047,0.6545525193214417
ep_100_lr_0p001_l1_0,100,0.001,0.0,33,foreign,765,194,0.6204928130106209,0.5773195876288659,0.5683273635080863,0.6516544818878174
ep_100_lr_0p001_l1_0,100,0.001,0.0,33,institution,765,194,0.6838422162080902,0.5103092783505154,0.4708128750681942,0.694226861000061
ep_100_lr_0p001_l1_0,100,0.001,0.0,33,retail,765,194,0.6609032747792263,0.6288659793814433,0.6230976794387479,0.6591508984565735
ep_100_lr_0p001_l1_0,100,0.001,0.0,34,foreign,768,197,0.6132600704828898,0.6294416243654822,0.6099856263390557,0.6955116987228394
ep_100_lr_0p001_l1_0,100,0.001,0.0,34,institution,768,197,0.6824269890785217,0.4619289340101523,0.4619150690579262,0.7157280445098877
ep_100_lr_0p001_l1_0,100,0.001,0.0,34,retail,768,197,0.6599535743395487,0.6446700507614214,0.6268939393939394,0.6785704493522644
ep_100_lr_0p001_l1_0,100,0.001,0.0,35,foreign,772,194,0.6382412873401543,0.5979381443298969,0.5968670076726343,0.6197221279144287
ep_100_lr_0p001_l1_0,100,0.001,0.0,35,institution,772,194,0.6840670948819175,0.5257731958762887,0.5024531668153435,0.7046267986297607
ep_100_lr_0p001_l1_0,100,0.001,0.0,35,retail,772,194,0.6640749545912669,0.5515463917525774,0.549523580751061,0.6688836216926575
ep_100_lr_0p001_l1_0,100,0.001,0.0,36,foreign,765,194,0.6245259517158558,0.6082474226804123,0.6055644729802032,0.6614982485771179
ep_100_lr_0p001_l1_0,100,0.001,0.0,36,institution,765,194,0.6853357454530554,0.5515463917525774,0.5381837086491368,0.6923890113830566
ep_100_lr_0p001_l1_0,100,0.001,0.0,36,retail,765,194,0.6528337713939691,0.5154639175257731,0.5112564322469982,0.702281653881073
ep_100_lr_0p001_l1_0,100,0.001,0.0,37,foreign,765,194,0.6222355059548921,0.5979381443298969,0.5905844155844155,0.6454154849052429
ep_100_lr_0p001_l1_0,100,0.001,0.0,37,institution,765,194,0.6848851602061902,0.5463917525773195,0.5282935455349249,0.6897518634796143
ep_100_lr_0p001_l1_0,100,0.001,0.0,37,retail,765,194,0.6484003097403284,0.4948453608247423,0.4913857677902621,0.7102441191673279
ep_100_lr_0p001_l1_0,100,0.001,0.0,38,foreign,768,197,0.6141795913378397,0.6192893401015228,0.6029186487140208,0.7036343216896057
ep_100_lr_0p001_l1_0,100,0.001,0.0,38,institution,768,197,0.6855947176615397,0.5532994923857868,0.5523652137988019,0.6886619329452515
ep_100_lr_0p001_l1_0,100,0.001,0.0,38,retail,768,197,0.6444204648335775,0.5228426395939086,0.509066808059385,0.7583529949188232
ep_100_lr_0p001_l1_0,100,0.001,0.0,39,foreign,772,194,0.6385596484100263,0.654639175257732,0.641602558800011,0.6260083317756653
ep_100_lr_0p001_l1_0,100,0.001,0.0,39,institution,772,194,0.6821422546021061,0.5103092783505154,0.4850085226478889,0.7084434032440186
ep_100_lr_0p001_l1_0,100,0.001,0.0,39,retail,772,194,0.6697553908886688,0.6185567010309279,0.61839447102605,0.655349612236023
ep_100_lr_0p001_l1_0,100,0.001,0.0,40,foreign,765,194,0.6354203629337885,0.654639175257732,0.6544096142086091,0.599077045917511
ep_100_lr_0p001_l1_0,100,0.001,0.0,40,institution,765,194,0.6775716595400393,0.5103092783505154,0.4896857261525681,0.7327681183815002
ep_100_lr_0p001_l1_0,100,0.001,0.0,40,retail,765,194,0.6633235285484713,0.6185567010309279,0.6181914893617022,0.653630793094635
ep_100_lr_0p001_l1_0,100,0.001,0.0,41,foreign,768,197,0.6269964575767517,0.6446700507614214,0.6405859049207674,0.6577320098876953
ep_100_lr_0p001_l1_0,100,0.001,0.0,41,institution,768,197,0.6773149967193604,0.5126903553299492,0.512677798392084,0.743406355381012
ep_100_lr_0p001_l1_0,100,0.001,0.0,41,retail,768,197,0.6606775720914205,0.6243654822335025,0.623190653432589,0.6912580132484436
ep_100_lr_0p001_l1_0,100,0.001,0.0,42,foreign,772,194,0.6319734661072647,0.6391752577319587,0.6388297872340425,0.6282943487167358
ep_100_lr_0p001_l1_0,100,0.001,0.0,42,institution,772,194,0.6838157004025316,0.520618556701031,0.4850292564578279,0.697860062122345
ep_100_lr_0p001_l1_0,100,0.001,0.0,42,retail,772,194,0.658960067237597,0.6030927835051546,0.6028289596128792,0.6741025447845459
ep_100_lr_0p001_l1_0,100,0.001,0.0,43,foreign,768,197,0.6147064566612244,0.6395939086294417,0.6372007366482504,0.7267719507217407
ep_100_lr_0p001_l1_0,100,0.001,0.0,43,institution,768,197,0.6810452739397684,0.4873096446700508,0.4872567968045355,0.7347360849380493
ep_100_lr_0p001_l1_0,100,0.001,0.0,43,retail,768,197,0.6525095701217651,0.6091370558375635,0.6084914182475158,0.7178570628166199
ep_100_lr_0p001_l1_0,100,0.001,0.0,44,foreign,775,197,0.6161202641456358,0.6192893401015228,0.5774345774345775,0.6912376880645752
ep_100_lr_0p001_l1_0,100,0.001,0.0,44,institution,775,197,0.6840133475488231,0.5076142131979695,0.5071570422716839,0.6922886371612549
ep_100_lr_0p001_l1_0,100,0.001,0.0,44,retail,775,197,0.6529366937760384,0.583756345177665,0.5629329004329005,0.7088617086410522
ep_100_lr_0p001_l1_0p0001,100,0.001,0.0001,0,foreign,773,194,0.6290793531462261,0.634020618556701,0.5967208315034402,0.6430978178977966
ep_100_lr_0p001_l1_0p0001,100,0.001,0.0001,0,institution,773,194,0.6867360622269062,0.5154639175257731,0.4916369313113291,0.6954934000968933
ep_100_lr_0p001_l1_0p0001,100,0.001,0.0001,0,retail,773,194,0.656541613989629,0.5618556701030928,0.5137844611528821,0.6941645741462708
ep_100_lr_0p001_l1_0p0001,100,0.001,0.0001,1,foreign,766,194,0.6301371534561675,0.6701030927835051,0.6672384219554031,0.6125754714012146
ep_100_lr_0p001_l1_0p0001,100,0.001,0.0001,1,institution,766,194,0.6855886133470361,0.5360824742268041,0.5360824742268041,0.6890608072280884
ep_100_lr_0p001_l1_0p0001,100,0.001,0.0001,1,retail,766,194,0.6572880799403078,0.5824742268041238,0.5792433127158808,0.6732893586158752
ep_100_lr_0p001_l1_0p0001,100,0.001,0.0001,2,foreign,766,194,0.6272287901014323,0.6494845360824743,0.6485507246376812,0.6269134879112244
ep_100_lr_0p001_l1_0p0001,100,0.001,0.0001,2,institution,766,194,0.6819135507777839,0.520618556701031,0.5169089886737891,0.6995859742164612
ep_100_lr_0p001_l1_0p0001,100,0.001,0.0001,2,retail,766,194,0.6626924573597024,0.6237113402061856,0.6224976675996268,0.6585937142372131
ep_100_lr_0p001_l1_0p0001,100,0.001,0.0001,3,foreign,766,194,0.6266204669643631,0.6597938144329897,0.6462201591511936,0.6308640837669373
ep_100_lr_0p001_l1_0p0001,100,0.001,0.0001,3,institution,766,194,0.6847881218783227,0.5670103092783505,0.5457181088314005,0.6889168620109558
ep_100_lr_0p001_l1_0p0001,100,0.001,0.0001,3,retail,766,194,0.6635612336524784,0.6391752577319587,0.6314989688483664,0.654968798160553
ep_100_lr_0p001_l1_0p0001,100,0.001,0.0001,4,foreign,766,194,0.6278777027565879,0.634020618556701,0.6186072269140246,0.6300157904624939
ep_100_lr_0p001_l1_0p0001,100,0.001,0.0001,4,institution,766,194,0.6842050323598379,0.520618556701031,0.5137844611528821,0.6972584128379822
ep_100_lr_0p001_l1_0p0001,100,0.001,0.0001,4,retail,766,194,0.6512040604810491,0.520618556701031,0.4958504484868807,0.7059330940246582
ep_100_lr_0p001_l1_0p0001,100,0.001,0.0001,5,foreign,766,194,0.6399786620164976,0.6907216494845361,0.6580091667646022,0.5907084941864014
ep_100_lr_0p001_l1_0p0001,100,0.001,0.0001,5,institution,766,194,0.6781455921130766,0.5,0.4811260925910607,0.7281145453453064
ep_100_lr_0p001_l1_0p0001,100,0.001,0.0001,5,retail,766,194,0.6651396188038758,0.6185567010309279,0.5914162112932605,0.6599802374839783
ep_100_lr_0p001_l1_0p0001,100,0.001,0.0001,6,foreign,766,194,0.6304657121551255,0.6597938144329897,0.6264005602240896,0.633959174156189
ep_100_lr_0p001_l1_0p0001,100,0.001,0.0001,6,institution,766,194,0.6820936268365726,0.5154639175257731,0.4961317418213969,0.7110849022865295
ep_100_lr_0p001_l1_0p0001,100,0.001,0.0001,6,retail,766,194,0.6588264479649596,0.6237113402061856,0.5793506994980248,0.6703796982765198
ep_100_lr_0p001_l1_0p0001,100,0.001,0.0001,7,foreign,766,194,0.6277641733383696,0.654639175257732,0.6505444280145181,0.6208459734916687
ep_100_lr_0p001_l1_0p0001,100,0.001,0.0001,7,institution,766,194,0.6826674023122763,0.5103092783505154,0.5006367355786165,0.6982906460762024
ep_100_lr_0p001_l1_0p0001,100,0.001,0.0001,7,retail,766,194,0.6538764479577386,0.5721649484536082,0.5609543285616905,0.6836868524551392
ep_100_lr_0p001_l1_0p0001,100,0.001,0.0001,8,foreign,769,197,0.6258756991170628,0.6395939086294417,0.6394452607429175,0.6873584389686584
ep_100_lr_0p001_l1_0p0001,100,0.001,0.0001,8,institution,769,197,0.6857353511650324,0.5177664974619289,0.5175676024024953,0.6946214437484741
ep_100_lr_0p001_l1_0p0001,100,0.001,0.0001,8,retail,769,197,0.6568108630040842,0.5685279187817259,0.5678152019615434,0.7121021151542664
ep_100_lr_0p001_l1_0p0001,100,0.001,0.0001,9,foreign,772,194,0.6252286437261908,0.6185567010309279,0.617540494458653,0.6590896844863892
ep_100_lr_0p001_l1_0p0001,100,0.001,0.0001,9,institution,772,194,0.6883163353322084,0.5670103092783505,0.5613695090439277,0.6835809946060181
ep_100_lr_0p001_l1_0p0001,100,0.001,0.0001,9,retail,772,194,0.6569110741887068,0.5412371134020618,0.5412249236083433,0.7010506987571716
ep_100_lr_0p001_l1_0p0001,100,0.001,0.0001,10,foreign,765,194,0.6180604227228103,0.6134020618556701,0.5988088344776243,0.666893482208252
ep_100_lr_0p001_l1_0p0001,100,0.001,0.0001,10,institution,765,194,0.6845996509190478,0.5463917525773195,0.5393416082029142,0.690740704536438
ep_100_lr_0p001_l1_0p0001,100,0.001,0.0001,10,retail,765,194,0.6608114059454475,0.5876288659793815,0.5775261324041812,0.6800801157951355
ep_100_lr_0p001_l1_0p0001,100,0.001,0.0001,11,foreign,765,194,0.6187802608496223,0.5979381443298969,0.5958333333333333,0.6590319871902466
ep_100_lr_0p001_l1_0p0001,100,0.001,0.0001,11,institution,765,194,0.6870302528337715,0.6134020618556701,0.5847010132724418,0.682819664478302
ep_100_lr_0p001_l1_0p0001,100,0.001,0.0001,11,retail,765,194,0.6625162130087808,0.6237113402061856,0.6220140390210052,0.6712514162063599
ep_100_lr_0p001_l1_0p0001,100,0.001,0.0001,12,foreign,765,194,0.620302232963587,0.6134020618556701,0.6110769559755153,0.6566740274429321
ep_100_lr_0p001_l1_0p0001,100,0.001,0.0001,12,institution,765,194,0.68745640087751,0.5670103092783505,0.5497347480106101,0.6835204362869263
ep_100_lr_0p001_l1_0p0001,100,0.001,0.0001,12,retail,765,194,0.6494933799980512,0.4948453608247423,0.4869940636805181,0.727224588394165
ep_100_lr_0p001_l1_0p0001,100,0.001,0.0001,13,foreign,765,194,0.633963882611468,0.6649484536082474,0.6508376021043888,0.6060979962348938
ep_100_lr_0p001_l1_0p0001,100,0.001,0.0001,13,institution,765,194,0.6821176638790205,0.5463917525773195,0.5262515262515263,0.7062351107597351
ep_100_lr_0p001_l1_0p0001,100,0.001,0.0001,13,retail,765,194,0.6655281627100278,0.6082474226804123,0.6048456260720412,0.6610228419303894
ep_100_lr_0p001_l1_0p0001,100,0.001,0.0001,14,foreign,765,194,0.6254230185271867,0.634020618556701,0.6151116327157906,0.640288233757019
ep_100_lr_0p001_l1_0p0001,100,0.001,0.0001,14,institution,765,194,0.6851707667307136,0.5567010309278351,0.5223863506240696,0.6995920538902283
ep_100_lr_0p001_l1_0p0001,100,0.001,0.0001,14,retail,765,194,0.6561386010226081,0.5721649484536082,0.5454879047054506,0.7345041632652283
ep_100_lr_0p001_l1_0p0001,100,0.001,0.0001,15,foreign,765,194,0.6172889979057062,0.6082474226804123,0.6082474226804123,0.669214129447937
ep_100_lr_0p001_l1_0p0001,100,0.001,0.0001,15,institution,765,194,0.6854406641978844,0.5567010309278351,0.5326610644257703,0.6888835430145264
ep_100_lr_0p001_l1_0p0001,100,0.001,0.0001,15,retail,765,194,0.652979924943712,0.5463917525773195,0.545619078036836,0.6982808709144592
ep_100_lr_0p001_l1_0p0001,100,0.001,0.0001,16,foreign,768,197,0.6064770221710205,0.6040609137055838,0.5964810924369748,0.7530843615531921
ep_100_lr_0p001_l1_0p0001,100,0.001,0.0001,16,institution,768,197,0.6840300957361857,0.5431472081218274,0.5417183622828784,0.707500159740448
ep_100_lr_0p001_l1_0p0001,100,0.001,0.0001,16,retail,768,197,0.6475236614545187,0.5532994923857868,0.5491052850603413,0.7564748525619507
ep_100_lr_0p001_l1_0p0001,100,0.001,0.0001,17,foreign,772,194,0.6293301380051233,0.654639175257732,0.5900589775128521,0.6454025506973267
ep_100_lr_0p001_l1_0p0001,100,0.001,0.0001,17,institution,772,194,0.6854423306148905,0.5257731958762887,0.5245098039215687,0.6902331113815308
ep_100_lr_0p001_l1_0p0001,100,0.001,0.0001,17,retail,772,194,0.6658257048364749,0.6082474226804123,0.5372253609541745,0.6631019115447998
ep_100_lr_0p001_l1_0p0001,100,0.001,0.0001,18,foreign,765,194,0.6242370004747428,0.6443298969072165,0.6362005707297187,0.6312090158462524
ep_100_lr_0p001_l1_0p0001,100,0.001,0.0001,18,institution,765,194,0.6855639132798886,0.5051546391752577,0.5032540275258721,0.6958344578742981
ep_100_lr_0p001_l1_0p0001,100,0.001,0.0001,18,retail,765,194,0.6646876272033243,0.6443298969072165,0.6323638460904671,0.6469111442565918
ep_100_lr_0p001_l1_0p0001,100,0.001,0.0001,19,foreign,765,194,0.62600592398176,0.6649484536082474,0.6583303980274745,0.6285995841026306
ep_100_lr_0p001_l1_0p0001,100,0.001,0.0001,19,institution,765,194,0.6879409024918002,0.6030927835051546,0.6030822372791285,0.6787180304527283
ep_100_lr_0p001_l1_0p0001,100,0.001,0.0001,19,retail,765,194,0.6524927043447307,0.520618556701031,0.5125233038826295,0.6957864761352539
ep_100_lr_0p001_l1_0p0001,100,0.001,0.0001,20,foreign,765,194,0.6384961082265268,0.7164948453608248,0.7163063997234851,0.5848188996315002
ep_100_lr_0p001_l1_0p0001,100,0.001,0.0001,20,institution,765,194,0.6805783238286286,0.5257731958762887,0.5239517763789608,0.7231332063674927
ep_100_lr_0p001_l1_0p0001,100,0.001,0.0001,20,retail,765,194,0.6669471279468412,0.6597938144329897,0.659468085106383,0.6439405679702759
ep_100_lr_0p001_l1_0p0001,100,0.001,0.0001,21,foreign,765,194,0.6294265457228119,0.6958762886597938,0.6958035453264942,0.620933473110199
ep_100_lr_0p001_l1_0p0001,100,0.001,0.0001,21,institution,765,194,0.6853045664581598,0.5412371134020618,0.5391678009982117,0.702523946762085
ep_100_lr_0p001_l1_0p0001,100,0.001,0.0001,21,retail,765,194,0.6584395033861298,0.6082474226804123,0.6082057823129252,0.6722258925437927
ep_100_lr_0p001_l1_0p0001,100,0.001,0.0001,22,foreign,765,194,0.6223878934492473,0.634020618556701,0.6169100264219163,0.6490306258201599
ep_100_lr_0p001_l1_0p0001,100,0.001,0.0001,22,institution,765,194,0.6854008345042958,0.5257731958762887,0.5206789128800086,0.6887222528457642
ep_100_lr_0p001_l1_0p0001,100,0.001,0.0001,22,retail,765,194,0.653557549660502,0.5721649484536082,0.5577710032682431,0.682640552520752
ep_100_lr_0p001_l1_0p0001,100,0.001,0.0001,23,foreign,768,197,0.6136599183082581,0.6345177664974619,0.5867132867132867,0.707794189453125
ep_100_lr_0p001_l1_0p0001,100,0.001,0.0001,23,institution,768,197,0.6820323268572489,0.4974619289340101,0.4898909319174535,0.729241132736206
ep_100_lr_0p001_l1_0p0001,100,0.001,0.0001,23,retail,768,197,0.6485303243001302,0.5279187817258884,0.4981235447199014,0.7445472478866577
ep_100_lr_0p001_l1_0p0001,100,0.001,0.0001,24,foreign,772,194,0.6262190845346204,0.6082474226804123,0.5753456221198157,0.6500451564788818
ep_100_lr_0p001_l1_0p0001,100,0.001,0.0001,24,institution,772,194,0.6848575886667083,0.520618556701031,0.5202999122597112,0.6928281784057617
ep_100_lr_0p001_l1_0p0001,100,0.001,0.0001,24,retail,772,194,0.6706203463164018,0.6804123711340206,0.6466094723234223,0.6415691375732422
ep_100_lr_0p001_l1_0p0001,100,0.001,0.0001,25,foreign,765,194,0.6227454706734302,0.6443298969072165,0.6156430355758463,0.6449792385101318
ep_100_lr_0p001_l1_0p0001,100,0.001,0.0001,25,institution,765,194,0.6846641874780842,0.5567010309278351,0.5528516295025729,0.6865179538726807
ep_100_lr_0p001_l1_0p0001,100,0.001,0.0001,25,retail,765,194,0.6575424764670578,0.5412371134020618,0.5071785357499643,0.6801841259002686
ep_100_lr_0p001_l1_0p0001,100,0.001,0.0001,26,foreign,765,194,0.6348698759390637,0.6855670103092784,0.6783802147030846,0.603424608707428
ep_100_lr_0p001_l1_0p0001,100,0.001,0.0001,26,institution,765,194,0.6771497989012525,0.5,0.4969928630616663,0.7278928756713867
ep_100_lr_0p001_l1_0p0001,100,0.001,0.0001,26,retail,765,194,0.671454107761383,0.6649484536082474,0.6508376021043888,0.6353997588157654
ep_100_lr_0p001_l1_0p0001,100,0.001,0.0001,27,foreign,765,194,0.6252882455688676,0.6494845360824743,0.6420275697384131,0.6452067494392395
ep_100_lr_0p001_l1_0p0001,100,0.001,0.0001,27,institution,765,194,0.6823630021288504,0.5257731958762887,0.5107456140350877,0.7037776708602905
ep_100_lr_0p001_l1_0p0001,100,0.001,0.0001,27,retail,765,194,0.6640569120450737,0.6288659793814433,0.622077922077922,0.6546700596809387
ep_100_lr_0p001_l1_0p0001,100,0.001,0.0001,28,foreign,765,194,0.6208041418611614,0.634020618556701,0.5774198496701948,0.6502242088317871
ep_100_lr_0p001_l1_0p0001,100,0.001,0.0001,28,institution,765,194,0.6817930449068157,0.4793814432989691,0.4618659196396693,0.6997517347335815
ep_100_lr_0p001_l1_0p0001,100,0.001,0.0001,28,retail,765,194,0.659848398710388,0.6134020618556701,0.5678260611281076,0.6621254086494446
ep_100_lr_0p001_l1_0p0001,100,0.001,0.0001,29,foreign,768,197,0.6096794207890829,0.6192893401015228,0.507056350715644,0.7360169291496277
ep_100_lr_0p001_l1_0p0001,100,0.001,0.0001,29,institution,768,197,0.6814721425374349,0.5228426395939086,0.5200601285506946,0.7092494964599609
ep_100_lr_0p001_l1_0p0001,100,0.001,0.0001,29,retail,768,197,0.6561713218688965,0.5786802030456852,0.4850565300916448,0.705301821231842
ep_100_lr_0p001_l1_0p0001,100,0.001,0.0001,30,foreign,772,194,0.6256631659102564,0.5824742268041238,0.5799631124535565,0.6643861532211304
ep_100_lr_0p001_l1_0p0001,100,0.001,0.0001,30,institution,772,194,0.6873943663631696,0.6185567010309279,0.6126281705342688,0.684054970741272
ep_100_lr_0p001_l1_0p0001,100,0.001,0.0001,30,retail,772,194,0.6592961778294855,0.5360824742268041,0.5343006508055052,0.683692216873169
ep_100_lr_0p001_l1_0p0001,100,0.001,0.0001,31,foreign,765,194,0.6323929188298244,0.6494845360824743,0.6485507246376812,0.6242504119873047
ep_100_lr_0p001_l1_0p0001,100,0.001,0.0001,31,institution,765,194,0.6786650957624897,0.5618556701030928,0.5369408328887142,0.7316694855690002
ep_100_lr_0p001_l1_0p0001,100,0.001,0.0001,31,retail,765,194,0.6715248377494563,0.654639175257732,0.6544096142086091,0.640956699848175
ep_100_lr_0p001_l1_0p0001,100,0.001,0.0001,32,foreign,765,194,0.623504511047812,0.654639175257732,0.6519666907649879,0.6612034440040588
ep_100_lr_0p001_l1_0p0001,100,0.001,0.0001,32,institution,765,194,0.6843478064131893,0.520618556701031,0.5004291845493563,0.702235221862793
ep_100_lr_0p001_l1_0p0001,100,0.001,0.0001,32,retail,765,194,0.6646457496811362,0.654639175257732,0.653894288377047,0.6545708775520325
ep_100_lr_0p001_l1_0p0001,100,0.001,0.0001,33,foreign,765,194,0.6205030866697723,0.5773195876288659,0.5683273635080863,0.6517109870910645
ep_100_lr_0p001_l1_0p0001,100,0.001,0.0001,33,institution,765,194,0.6838430928248985,0.5103092783505154,0.4708128750681942,0.6942133903503418
ep_100_lr_0p001_l1_0p0001,100,0.001,0.0001,33,retail,765,194,0.6609072485001258,0.6288659793814433,0.6230976794387479,0.6591781377792358
ep_100_lr_0p001_l1_0p0001,100,0.001,0.0001,34,foreign,768,197,0.6132680972417196,0.6294416243654822,0.6099856263390557,0.695498526096344
ep_100_lr_0p001_l1_0p0001,100,0.001,0.0001,34,institution,768,197,0.6824289759000143,0.4619289340101523,0.4619150690579262,0.7156649231910706
ep_100_lr_0p001_l1_0p0001,100,0.001,0.0001,34,retail,768,197,0.6599562764167786,0.6446700507614214,0.6268939393939394,0.6784892678260803
ep_100_lr_0p001_l1_0p0001,100,0.001,0.0001,35,foreign,772,194,0.6382544244509287,0.5979381443298969,0.5968670076726343,0.6197234392166138
ep_100_lr_0p001_l1_0p0001,100,0.001,0.0001,35,institution,772,194,0.6840786226672829,0.5257731958762887,0.5024531668153435,0.7045954465866089
ep_100_lr_0p001_l1_0p0001,100,0.001,0.0001,35,retail,772,194,0.6640785265463004,0.5515463917525774,0.549523580751061,0.6688643097877502
ep_100_lr_0p001_l1_0p0001,100,0.001,0.0001,36,foreign,765,194,0.6245406746085174,0.6082474226804123,0.6055644729802032,0.6614668369293213
ep_100_lr_0p001_l1_0p0001,100,0.001,0.0001,36,institution,765,194,0.685339241401822,0.5515463917525774,0.5381837086491368,0.6923688054084778
ep_100_lr_0p001_l1_0p0001,100,0.001,0.0001,36,retail,765,194,0.6528378191337086,0.5154639175257731,0.5112564322469982,0.7022367119789124
ep_100_lr_0p001_l1_0p0001,100,0.001,0.0001,37,foreign,765,194,0.6222487047606824,0.5979381443298969,0.5905844155844155,0.6454479098320007
ep_100_lr_0p001_l1_0p0001,100,0.001,0.0001,37,institution,765,194,0.684886688500448,0.5463917525773195,0.5282935455349249,0.6897687911987305
ep_100_lr_0p001_l1_0p0001,100,0.001,0.0001,37,retail,765,194,0.6484066419352114,0.4948453608247423,0.4913857677902621,0.710201621055603
ep_100_lr_0p001_l1_0p0001,100,0.001,0.0001,38,foreign,768,197,0.6141885121663412,0.6192893401015228,0.6029186487140208,0.7035983204841614
ep_100_lr_0p001_l1_0p0001,100,0.001,0.0001,38,institution,768,197,0.6855973402659098,0.5532994923857868,0.5523652137988019,0.6886672377586365
ep_100_lr_0p001_l1_0p0001,100,0.001,0.0001,38,retail,768,197,0.6444247961044312,0.5228426395939086,0.509066808059385,0.758196234703064
ep_100_lr_0p001_l1_0p0001,100,0.001,0.0001,39,foreign,772,194,0.6385679615593944,0.654639175257732,0.641602558800011,0.6259943842887878
ep_100_lr_0p001_l1_0p0001,100,0.001,0.0001,39,institution,772,194,0.6821477079638545,0.5051546391752577,0.4783193277310924,0.7083969116210938
ep_100_lr_0p001_l1_0p0001,100,0.001,0.0001,39,retail,772,194,0.6697573606214375,0.6185567010309279,0.61839447102605,0.6553553342819214
ep_100_lr_0p001_l1_0p0001,100,0.001,0.0001,40,foreign,765,194,0.6354309692881466,0.654639175257732,0.6544096142086091,0.5991057753562927
ep_100_lr_0p001_l1_0p0001,100,0.001,0.0001,40,institution,765,194,0.6775725380267972,0.5103092783505154,0.4896857261525681,0.7326696515083313
ep_100_lr_0p001_l1_0p0001,100,0.001,0.0001,40,retail,765,194,0.6633315376206941,0.6185567010309279,0.6181914893617022,0.6536034941673279
ep_100_lr_0p001_l1_0p0001,100,0.001,0.0001,41,foreign,768,197,0.6270029544830322,0.6446700507614214,0.6405859049207674,0.6577060222625732
ep_100_lr_0p001_l1_0p0001,100,0.001,0.0001,41,institution,768,197,0.6773173014322916,0.5126903553299492,0.512677798392084,0.7433310747146606
ep_100_lr_0p001_l1_0p0001,100,0.001,0.0001,41,retail,768,197,0.6606787244478861,0.6243654822335025,0.623190653432589,0.6911067962646484
ep_100_lr_0p001_l1_0p0001,100,0.001,0.0001,42,foreign,772,194,0.6319818712886751,0.6391752577319587,0.6388297872340425,0.6283066868782043
ep_100_lr_0p001_l1_0p0001,100,0.001,0.0001,42,institution,772,194,0.6838238477089245,0.520618556701031,0.4850292564578279,0.6978378295898438
ep_100_lr_0p001_l1_0p0001,100,0.001,0.0001,42,retail,772,194,0.6589567222743454,0.6030927835051546,0.6028289596128792,0.6741126775741577
ep_100_lr_0p001_l1_0p0001,100,0.001,0.0001,43,foreign,768,197,0.6147146821022034,0.6395939086294417,0.6372007366482504,0.7267401814460754
ep_100_lr_0p001_l1_0p0001,100,0.001,0.0001,43,institution,768,197,0.6810475985209147,0.4873096446700508,0.4872567968045355,0.734671950340271
ep_100_lr_0p001_l1_0p0001,100,0.001,0.0001,43,retail,768,197,0.6525134245554606,0.6091370558375635,0.6084914182475158,0.7177544832229614
ep_100_lr_0p001_l1_0p0001,100,0.001,0.0001,44,foreign,775,197,0.6161290421793538,0.6192893401015228,0.5774345774345775,0.6912239193916321
ep_100_lr_0p001_l1_0p0001,100,0.001,0.0001,44,institution,775,197,0.6840186888940872,0.5076142131979695,0.5071570422716839,0.692280113697052
ep_100_lr_0p001_l1_0p0001,100,0.001,0.0001,44,retail,775,197,0.6529433391940209,0.583756345177665,0.5629329004329005,0.7087821960449219
ep_100_lr_0p001_l1_0p001,100,0.001,0.001,0,foreign,773,194,0.6292234515002597,0.634020618556701,0.5967208315034402,0.6432098150253296
ep_100_lr_0p001_l1_0p001,100,0.001,0.001,0,institution,773,194,0.6868071753488321,0.5154639175257731,0.4916369313113291,0.6954718232154846
ep_100_lr_0p001_l1_0p001,100,0.001,0.001,0,retail,773,194,0.6566029462438043,0.5618556701030928,0.5137844611528821,0.6939406394958496
ep_100_lr_0p001_l1_0p001,100,0.001,0.001,1,foreign,766,194,0.6302521087170893,0.6649484536082474,0.6623557447720032,0.6126484274864197
ep_100_lr_0p001_l1_0p001,100,0.001,0.001,1,institution,766,194,0.6856010419270389,0.5360824742268041,0.5360824742268041,0.6891064047813416
ep_100_lr_0p001_l1_0p001,100,0.001,0.001,1,retail,766,194,0.6573531588748603,0.5824742268041238,0.5792433127158808,0.6733548641204834
ep_100_lr_0p001_l1_0p001,100,0.001,0.001,2,foreign,766,194,0.6273534781939056,0.6494845360824743,0.6485507246376812,0.6270266771316528
ep_100_lr_0p001_l1_0p001,100,0.001,0.001,2,institution,766,194,0.6819302962592003,0.5154639175257731,0.5112564322469982,0.6995726823806763
ep_100_lr_0p001_l1_0p001,100,0.001,0.001,2,retail,766,194,0.6627564178123175,0.6134020618556701,0.6125682332578885,0.6586799025535583
ep_100_lr_0p001_l1_0p001,100,0.001,0.001,3,foreign,766,194,0.6267288915482264,0.6597938144329897,0.6462201591511936,0.631151020526886
ep_100_lr_0p001_l1_0p001,100,0.001,0.001,3,institution,766,194,0.6847960416704183,0.5618556701030928,0.541371158392435,0.6889798641204834
ep_100_lr_0p001_l1_0p001,100,0.001,0.001,3,retail,766,194,0.6636105290280933,0.6391752577319587,0.6314989688483664,0.6550911068916321
ep_100_lr_0p001_l1_0p001,100,0.001,0.001,4,foreign,766,194,0.6280020990508655,0.634020618556701,0.6186072269140246,0.6301409006118774
ep_100_lr_0p001_l1_0p001,100,0.001,0.001,4,institution,766,194,0.6842478546399049,0.520618556701031,0.5137844611528821,0.696943998336792
ep_100_lr_0p001_l1_0p001,100,0.001,0.001,4,retail,766,194,0.6512704317314506,0.520618556701031,0.4958504484868807,0.705528736114502
ep_100_lr_0p001_l1_0p001,100,0.001,0.001,5,foreign,766,194,0.6400956180014747,0.6907216494845361,0.6580091667646022,0.5907579660415649
ep_100_lr_0p001_l1_0p001,100,0.001,0.001,5,institution,766,194,0.6781718225142974,0.5,0.4811260925910607,0.7272824048995972
ep_100_lr_0p001_l1_0p001,100,0.001,0.001,5,retail,766,194,0.6652240704929859,0.6185567010309279,0.5914162112932605,0.6596441864967346
ep_100_lr_0p001_l1_0p001,100,0.001,0.001,6,foreign,766,194,0.6306055919619826,0.6597938144329897,0.6264005602240896,0.6338900327682495
ep_100_lr_0p001_l1_0p001,100,0.001,0.001,6,institution,766,194,0.6821197733555387,0.5154639175257731,0.4961317418213969,0.7107235789299011
ep_100_lr_0p001_l1_0p001,100,0.001,0.001,6,retail,766,194,0.6588765656667963,0.6185567010309279,0.5719737626714372,0.6704326272010803
ep_100_lr_0p001_l1_0p001,100,0.001,0.001,7,foreign,766,194,0.6278966981188124,0.654639175257732,0.6505444280145181,0.6209254264831543
ep_100_lr_0p001_l1_0p001,100,0.001,0.001,7,institution,766,194,0.6826728236893138,0.5103092783505154,0.5006367355786165,0.6982752084732056
ep_100_lr_0p001_l1_0p001,100,0.001,0.001,7,retail,766,194,0.6539392921071763,0.5773195876288659,0.5654976510433738,0.683559775352478
ep_100_lr_0p001_l1_0p001,100,0.001,0.001,8,foreign,769,197,0.6259750279710569,0.6395939086294417,0.6394452607429175,0.686890721321106
ep_100_lr_0p001_l1_0p001,100,0.001,0.001,8,institution,769,197,0.6858060259967849,0.5177664974619289,0.5175676024024953,0.6946699023246765
ep_100_lr_0p001_l1_0p001,100,0.001,0.001,8,retail,769,197,0.6568211853814218,0.5685279187817259,0.5678152019615434,0.7114132046699524
ep_100_lr_0p001_l1_0p001,100,0.001,0.001,9,foreign,772,194,0.6253311732890074,0.6185567010309279,0.617540494458653,0.6589455604553223
ep_100_lr_0p001_l1_0p001,100,0.001,0.001,9,institution,772,194,0.6883505471629799,0.5618556701030928,0.5566608415109557,0.6836804151535034
ep_100_lr_0p001_l1_0p001,100,0.001,0.001,9,retail,772,194,0.6569303749756492,0.5412371134020618,0.5412249236083433,0.7009179592132568
ep_100_lr_0p001_l1_0p001,100,0.001,0.001,10,foreign,765,194,0.6181865321265326,0.6134020618556701,0.5988088344776243,0.6666771173477173
ep_100_lr_0p001_l1_0p001,100,0.001,0.001,10,institution,765,194,0.684614083268284,0.5463917525773195,0.5393416082029142,0.6906221508979797
ep_100_lr_0p001_l1_0p001,100,0.001,0.001,10,retail,765,194,0.6608397678612105,0.5876288659793815,0.5775261324041812,0.6800724267959595
ep_100_lr_0p001_l1_0p001,100,0.001,0.001,11,foreign,765,194,0.618886496740229,0.5927835051546392,0.5903343936275427,0.6592962741851807
ep_100_lr_0p001_l1_0p001,100,0.001,0.001,11,institution,765,194,0.6870417520111682,0.6134020618556701,0.5847010132724418,0.6828773617744446
ep_100_lr_0p001_l1_0p001,100,0.001,0.001,11,retail,765,194,0.6625421256021736,0.6237113402061856,0.6220140390210052,0.6712777018547058
ep_100_lr_0p001_l1_0p001,100,0.001,0.001,12,foreign,765,194,0.6204242999257605,0.6134020618556701,0.6110769559755153,0.6567668914794922
ep_100_lr_0p001_l1_0p001,100,0.001,0.001,12,institution,765,194,0.6874881076656915,0.5670103092783505,0.5497347480106101,0.6833799481391907
ep_100_lr_0p001_l1_0p001,100,0.001,0.001,12,retail,765,194,0.6495403930252673,0.4948453608247423,0.4869940636805181,0.7267037630081177
ep_100_lr_0p001_l1_0p001,100,0.001,0.001,13,foreign,765,194,0.6340681495230183,0.6649484536082474,0.6508376021043888,0.6062157154083252
ep_100_lr_0p001_l1_0p001,100,0.001,0.001,13,institution,765,194,0.6821378963445527,0.5412371134020618,0.5197886246697261,0.7056064605712891
ep_100_lr_0p001_l1_0p001,100,0.001,0.001,13,retail,765,194,0.6655757282294479,0.6082474226804123,0.6048456260720412,0.660211443901062
ep_100_lr_0p001_l1_0p001,100,0.001,0.001,14,foreign,765,194,0.6255362031506557,0.634020618556701,0.6151116327157906,0.6401989459991455
ep_100_lr_0p001_l1_0p001,100,0.001,0.001,14,institution,765,194,0.685192275281046,0.5567010309278351,0.5251593806921676,0.6994641423225403
ep_100_lr_0p001_l1_0p001,100,0.001,0.001,14,retail,765,194,0.6561662653692407,0.5721649484536082,0.5454879047054506,0.7339539527893066
ep_100_lr_0p001_l1_0p001,100,0.001,0.001,15,foreign,765,194,0.6174322196081573,0.6082474226804123,0.6082474226804123,0.6690510511398315
ep_100_lr_0p001_l1_0p001,100,0.001,0.001,15,institution,765,194,0.6854502406774783,0.5567010309278351,0.5326610644257703,0.6888208985328674
ep_100_lr_0p001_l1_0p001,100,0.001,0.001,15,retail,765,194,0.6530044035194746,0.5412371134020618,0.5402476367993609,0.698065996170044
ep_100_lr_0p001_l1_0p001,100,0.001,0.001,16,foreign,768,197,0.6065450112024943,0.6040609137055838,0.5964810924369748,0.7527499794960022
ep_100_lr_0p001_l1_0p001,100,0.001,0.001,16,institution,768,197,0.6840517322222391,0.5532994923857868,0.5523652137988019,0.7068761587142944
ep_100_lr_0p001_l1_0p001,100,0.001,0.001,16,retail,768,197,0.6475202639897665,0.5532994923857868,0.5491052850603413,0.7547294497489929
ep_100_lr_0p001_l1_0p001,100,0.001,0.001,17,foreign,772,194,0.6294520690342306,0.654639175257732,0.5900589775128521,0.645336925983429
ep_100_lr_0p001_l1_0p001,100,0.001,0.001,17,institution,772,194,0.6855407749432973,0.5309278350515464,0.5294149007063842,0.6902835369110107
ep_100_lr_0p001_l1_0p001,100,0.001,0.001,17,retail,772,194,0.6658912094145859,0.6082474226804123,0.5372253609541745,0.6631237864494324
ep_100_lr_0p001_l1_0p001,100,0.001,0.001,18,foreign,765,194,0.6243302687320834,0.6443298969072165,0.6362005707297187,0.6315908432006836
ep_100_lr_0p001_l1_0p001,100,0.001,0.001,18,institution,765,194,0.6855836447547464,0.5103092783505154,0.5081004617396643,0.6955386996269226
ep_100_lr_0p001_l1_0p001,100,0.001,0.001,18,retail,765,194,0.6647353844704971,0.6443298969072165,0.6323638460904671,0.647169828414917
ep_100_lr_0p001_l1_0p001,100,0.001,0.001,19,foreign,765,194,0.6261149651863995,0.6649484536082474,0.6583303980274745,0.6288242340087891
ep_100_lr_0p001_l1_0p001,100,0.001,0.001,19,institution,765,194,0.6879642803684559,0.5979381443298969,0.5979381443298969,0.679006814956665
ep_100_lr_0p001_l1_0p001,100,0.001,0.001,19,retail,765,194,0.6525586143038631,0.5257731958762887,0.5184025903939558,0.6954057216644287
ep_100_lr_0p001_l1_0p001,100,0.001,0.001,20,foreign,765,194,0.6385917240498112,0.7164948453608248,0.7163063997234851,0.5850483775138855
ep_100_lr_0p001_l1_0p001,100,0.001,0.001,20,institution,765,194,0.6805948025260875,0.520618556701031,0.5190723710515794,0.722712516784668
ep_100_lr_0p001_l1_0p001,100,0.001,0.001,20,retail,765,194,0.6670336797346477,0.6597938144329897,0.659468085106383,0.6439179182052612
ep_100_lr_0p001_l1_0p001,100,0.001,0.001,21,foreign,765,194,0.6295390705657161,0.6907216494845361,0.690688775510204,0.620974600315094
ep_100_lr_0p001_l1_0p001,100,0.001,0.001,21,institution,765,194,0.6853209359193939,0.5360824742268041,0.5343006508055052,0.7021550536155701
ep_100_lr_0p001_l1_0p001,100,0.001,0.001,21,retail,765,194,0.658505851614709,0.6082474226804123,0.6082057823129252,0.672091007232666
ep_100_lr_0p001_l1_0p001,100,0.001,0.001,22,foreign,765,194,0.6224871704001832,0.634020618556701,0.6169100264219163,0.649165153503418
ep_100_lr_0p001_l1_0p001,100,0.001,0.001,22,institution,765,194,0.6854148417516471,0.520618556701031,0.5159758551307847,0.6886712908744812
ep_100_lr_0p001_l1_0p001,100,0.001,0.001,22,retail,765,194,0.6536580938139772,0.5773195876288659,0.5622454595487066,0.6824331879615784
ep_100_lr_0p001_l1_0p001,100,0.001,0.001,23,foreign,768,197,0.6137268940607706,0.6345177664974619,0.5867132867132867,0.7074869871139526
ep_100_lr_0p001_l1_0p001,100,0.001,0.001,23,institution,768,197,0.6820599635442098,0.4974619289340101,0.4898909319174535,0.7280823588371277
ep_100_lr_0p001_l1_0p001,100,0.001,0.001,23,retail,768,197,0.64862193663915,0.5279187817258884,0.4981235447199014,0.7430600523948669
ep_100_lr_0p001_l1_0p001,100,0.001,0.001,24,foreign,772,194,0.6263039967556692,0.6082474226804123,0.5753456221198157,0.6500956416130066
ep_100_lr_0p001_l1_0p001,100,0.001,0.001,24,institution,772,194,0.6849165388957207,0.520618556701031,0.5205038934807452,0.6928067803382874
ep_100_lr_0p001_l1_0p001,100,0.001,0.001,24,retail,772,194,0.6706246048057635,0.6804123711340206,0.6466094723234223,0.6418507099151611
ep_100_lr_0p001_l1_0p001,100,0.001,0.001,25,foreign,765,194,0.6228741327142404,0.6443298969072165,0.6156430355758463,0.6449254751205444
ep_100_lr_0p001_l1_0p001,100,0.001,0.001,25,institution,765,194,0.6846911495027979,0.5567010309278351,0.5528516295025729,0.6866204738616943
ep_100_lr_0p001_l1_0p001,100,0.001,0.001,25,retail,765,194,0.6575979914540558,0.5412371134020618,0.5071785357499643,0.679957926273346
ep_100_lr_0p001_l1_0p001,100,0.001,0.001,26,foreign,765,194,0.6349869896383846,0.6855670103092784,0.6783802147030846,0.6034033894538879
ep_100_lr_0p001_l1_0p001,100,0.001,0.001,26,institution,765,194,0.6771752784454744,0.5,0.4969928630616663,0.7272641062736511
ep_100_lr_0p001_l1_0p001,100,0.001,0.001,26,retail,765,194,0.6715277031356213,0.6701030927835051,0.6569407603890363,0.6354079842567444
ep_100_lr_0p001_l1_0p001,100,0.001,0.001,27,foreign,765,194,0.6254217357417338,0.6494845360824743,0.6420275697384131,0.6450647711753845
ep_100_lr_0p001_l1_0p001,100,0.001,0.001,27,institution,765,194,0.6823823855593314,0.5309278350515464,0.5169507757134648,0.7034028768539429
ep_100_lr_0p001_l1_0p001,100,0.001,0.001,27,retail,765,194,0.6640977732496324,0.6288659793814433,0.622077922077922,0.6549402475357056
ep_100_lr_0p001_l1_0p001,100,0.001,0.001,28,foreign,765,194,0.6209282521328895,0.634020618556701,0.5774198496701948,0.6502746343612671
ep_100_lr_0p001_l1_0p001,100,0.001,0.001,28,institution,765,194,0.6818070988249935,0.4793814432989691,0.4618659196396693,0.6995686292648315
ep_100_lr_0p001_l1_0p001,100,0.001,0.001,28,retail,765,194,0.659916053410449,0.6134020618556701,0.5678260611281076,0.6621536612510681
ep_100_lr_0p001_l1_0p001,100,0.001,0.001,29,foreign,768,197,0.6097576022148132,0.6192893401015228,0.507056350715644,0.7358983755111694
ep_100_lr_0p001_l1_0p001,100,0.001,0.001,29,institution,768,197,0.6814947525660197,0.5228426395939086,0.5200601285506946,0.7087575197219849
ep_100_lr_0p001_l1_0p001,100,0.001,0.001,29,retail,768,197,0.6562179724375407,0.5786802030456852,0.4850565300916448,0.7046541571617126
ep_100_lr_0p001_l1_0p001,100,0.001,0.001,30,foreign,772,194,0.625769756618559,0.5824742268041238,0.5799631124535565,0.6640991568565369
ep_100_lr_0p001_l1_0p001,100,0.001,0.001,30,institution,772,194,0.6874483304937886,0.6185567010309279,0.6126281705342688,0.6842648386955261
ep_100_lr_0p001_l1_0p001,100,0.001,0.001,30,retail,772,194,0.6593169863359916,0.5360824742268041,0.5343006508055052,0.6835887432098389
ep_100_lr_0p001_l1_0p001,100,0.001,0.001,31,foreign,765,194,0.6324985113019258,0.6443298969072165,0.6431827269092363,0.6243245601654053
ep_100_lr_0p001_l1_0p001,100,0.001,0.001,31,institution,765,194,0.6786795756396126,0.5618556701030928,0.5369408328887142,0.730867862701416
ep_100_lr_0p001_l1_0p001,100,0.001,0.001,31,retail,765,194,0.6715877501793157,0.654639175257732,0.6544096142086091,0.6410983204841614
ep_100_lr_0p001_l1_0p001,100,0.001,0.001,32,foreign,765,194,0.6236260164796916,0.654639175257732,0.6519666907649879,0.6610797047615051
ep_100_lr_0p001_l1_0p001,100,0.001,0.001,32,institution,765,194,0.6843629288517572,0.520618556701031,0.5004291845493563,0.7018212676048279
ep_100_lr_0p001_l1_0p001,100,0.001,0.001,32,retail,765,194,0.6646756619409798,0.654639175257732,0.653894288377047,0.6547510027885437
ep_100_lr_0p001_l1_0p001,100,0.001,0.001,33,foreign,765,194,0.6206016895817775,0.5824742268041238,0.5742271113880835,0.6522283554077148
ep_100_lr_0p001_l1_0p001,100,0.001,0.001,33,institution,765,194,0.6838556707294938,0.5154639175257731,0.4779571739379366,0.6940953135490417
ep_100_lr_0p001_l1_0p001,100,0.001,0.001,33,retail,765,194,0.6609500831248714,0.6288659793814433,0.6230976794387479,0.6594290733337402
ep_100_lr_0p001_l1_0p001,100,0.001,0.001,34,foreign,768,197,0.6133455435434977,0.6294416243654822,0.6099856263390557,0.6953880190849304
ep_100_lr_0p001_l1_0p001,100,0.001,0.001,34,institution,768,197,0.6824528972307841,0.4568527918781725,0.4568527918781725,0.7151038646697998
ep_100_lr_0p001_l1_0p001,100,0.001,0.001,34,retail,768,197,0.6599859396616617,0.649746192893401,0.6330678904035631,0.6777646541595459
ep_100_lr_0p001_l1_0p001,100,0.001,0.001,35,foreign,772,194,0.6383753798786223,0.5979381443298969,0.5968670076726343,0.6197366118431091
ep_100_lr_0p001_l1_0p001,100,0.001,0.001,35,institution,772,194,0.6841844029994826,0.5309278350515464,0.5089973578083715,0.7043166160583496
ep_100_lr_0p001_l1_0p001,100,0.001,0.001,35,retail,772,194,0.6641154459103401,0.5515463917525774,0.549523580751061,0.668691873550415
ep_100_lr_0p001_l1_0p001,100,0.001,0.001,36,foreign,765,194,0.624677964519052,0.6082474226804123,0.6055644729802032,0.6611874103546143
ep_100_lr_0p001_l1_0p001,100,0.001,0.001,36,institution,765,194,0.6853765766605053,0.5567010309278351,0.5443024145089042,0.692190408706665
ep_100_lr_0p001_l1_0p001,100,0.001,0.001,36,retail,765,194,0.6528815882657868,0.520618556701031,0.5159758551307847,0.7018367052078247
ep_100_lr_0p001_l1_0p001,100,0.001,0.001,37,foreign,765,194,0.6223732083451514,0.5979381443298969,0.5905844155844155,0.6457494497299194
ep_100_lr_0p001_l1_0p001,100,0.001,0.001,37,institution,765,194,0.6849070677570268,0.5463917525773195,0.5282935455349249,0.6899232864379883
ep_100_lr_0p001_l1_0p001,100,0.001,0.001,37,retail,765,194,0.6484704989233827,0.5,0.4969928630616663,0.7098233103752136
ep_100_lr_0p001_l1_0p001,100,0.001,0.001,38,foreign,768,197,0.6142728527386984,0.6192893401015228,0.6029186487140208,0.7032848596572876
ep_100_lr_0p001_l1_0p001,100,0.001,0.001,38,institution,768,197,0.6856266856193542,0.5583756345177665,0.5572347516081532,0.6887173056602478
ep_100_lr_0p001_l1_0p001,100,0.001,0.001,38,retail,768,197,0.6444699366887411,0.5228426395939086,0.509066808059385,0.7567832469940186
ep_100_lr_0p001_l1_0p001,100,0.001,0.001,39,foreign,772,194,0.6386442184448242,0.654639175257732,0.641602558800011,0.6258708238601685
ep_100_lr_0p001_l1_0p001,100,0.001,0.001,39,institution,772,194,0.6821981878478293,0.5051546391752577,0.4783193277310924,0.707977294921875
ep_100_lr_0p001_l1_0p001,100,0.001,0.001,39,retail,772,194,0.6697759693150693,0.6237113402061856,0.6234612214511712,0.6554099917411804
ep_100_lr_0p001_l1_0p001,100,0.001,0.001,40,foreign,765,194,0.6355320093678493,0.654639175257732,0.6544096142086091,0.5993719696998596
ep_100_lr_0p001_l1_0p001,100,0.001,0.001,40,institution,765,194,0.6775853520904491,0.5103092783505154,0.4896857261525681,0.7317591309547424
ep_100_lr_0p001_l1_0p001,100,0.001,0.001,40,retail,765,194,0.6634084089908725,0.6185567010309279,0.6181914893617022,0.6533628106117249
ep_100_lr_0p001_l1_0p001,100,0.001,0.001,41,foreign,768,197,0.6270663539568583,0.6446700507614214,0.6405859049207674,0.6574864387512207
ep_100_lr_0p001_l1_0p001,100,0.001,0.001,41,institution,768,197,0.6773438652356466,0.5177664974619289,0.517716789073573,0.7426618337631226
ep_100_lr_0p001_l1_0p001,100,0.001,0.001,41,retail,768,197,0.6606961091359457,0.6243654822335025,0.623190653432589,0.6898338794708252
ep_100_lr_0p001_l1_0p001,100,0.001,0.001,42,foreign,772,194,0.6320595367584821,0.6391752577319587,0.6388297872340425,0.6284186840057373
ep_100_lr_0p001_l1_0p001,100,0.001,0.001,42,institution,772,194,0.6838996367133343,0.5257731958762887,0.4890644681094698,0.6976403594017029
ep_100_lr_0p001_l1_0p001,100,0.001,0.001,42,retail,772,194,0.6589287686224429,0.6030927835051546,0.6028289596128792,0.674205482006073
ep_100_lr_0p001_l1_0p001,100,0.001,0.001,43,foreign,768,197,0.6147935589154562,0.6395939086294417,0.6372007366482504,0.7264623641967773
ep_100_lr_0p001_l1_0p001,100,0.001,0.001,43,institution,768,197,0.6810762683550516,0.4720812182741117,0.4719587628865979,0.7341093420982361
ep_100_lr_0p001_l1_0p001,100,0.001,0.001,43,retail,768,197,0.6525524457295736,0.6091370558375635,0.6084914182475158,0.7168331742286682
ep_100_lr_0p001_l1_0p001,100,0.001,0.001,44,foreign,775,197,0.6162096682671577,0.6192893401015228,0.5774345774345775,0.6910912990570068
ep_100_lr_0p001_l1_0p001,100,0.001,0.001,44,institution,775,197,0.6840696180251337,0.5076142131979695,0.5071570422716839,0.692206621170044
ep_100_lr_0p001_l1_0p001,100,0.001,0.001,44,retail,775,197,0.6530050289246344,0.583756345177665,0.5629329004329005,0.70807945728302
ep_100_lr_0p001_l1_0p003,100,0.001,0.003,0,foreign,773,194,0.6295542906666172,0.634020618556701,0.5967208315034402,0.6434566974639893
ep_100_lr_0p001_l1_0p003,100,0.001,0.003,0,institution,773,194,0.6869709389946902,0.5154639175257731,0.489187675070028,0.6954500079154968
ep_100_lr_0p001_l1_0p003,100,0.001,0.003,0,retail,773,194,0.656752468080755,0.5618556701030928,0.5137844611528821,0.693467915058136
ep_100_lr_0p001_l1_0p003,100,0.001,0.003,1,foreign,766,194,0.6305390484339264,0.6752577319587629,0.6733046430194327,0.6128118634223938
ep_100_lr_0p001_l1_0p003,100,0.001,0.003,1,institution,766,194,0.685665342421818,0.5360824742268041,0.5360331632653061,0.6892579197883606
ep_100_lr_0p001_l1_0p003,100,0.001,0.003,1,retail,766,194,0.6575315082664589,0.5824742268041238,0.5792433127158808,0.6734983921051025
ep_100_lr_0p001_l1_0p003,100,0.001,0.003,2,foreign,766,194,0.6276665641184576,0.6494845360824743,0.6485507246376812,0.6272907853126526
ep_100_lr_0p001_l1_0p003,100,0.001,0.003,2,institution,766,194,0.6820058088078511,0.5051546391752577,0.499838865613922,0.6995484828948975
ep_100_lr_0p001_l1_0p003,100,0.001,0.003,2,retail,766,194,0.6629294020077579,0.6237113402061856,0.6232207944236039,0.6588838696479797
ep_100_lr_0p001_l1_0p003,100,0.001,0.003,3,foreign,766,194,0.6270071244737809,0.654639175257732,0.6400941437076006,0.6318162679672241
ep_100_lr_0p001_l1_0p003,100,0.001,0.003,3,institution,766,194,0.684847699132974,0.5618556701030928,0.541371158392435,0.6891481280326843
ep_100_lr_0p001_l1_0p003,100,0.001,0.003,3,retail,766,194,0.663754414173704,0.6391752577319587,0.6314989688483664,0.6554135680198669
ep_100_lr_0p001_l1_0p003,100,0.001,0.003,4,foreign,766,194,0.6283119590101914,0.634020618556701,0.6202056966388176,0.6304641962051392
ep_100_lr_0p001_l1_0p003,100,0.001,0.003,4,institution,766,194,0.6843846406077592,0.5309278350515464,0.5230066736916053,0.6962758302688599
ep_100_lr_0p001_l1_0p003,100,0.001,0.003,4,retail,766,194,0.6514518363668775,0.520618556701031,0.4958504484868807,0.7046828866004944
ep_100_lr_0p001_l1_0p003,100,0.001,0.003,5,foreign,766,194,0.6403906669068897,0.6907216494845361,0.6580091667646022,0.5908886194229126
ep_100_lr_0p001_l1_0p003,100,0.001,0.003,5,institution,766,194,0.678262662171695,0.5051546391752577,0.4875068794716565,0.7254762053489685
ep_100_lr_0p001_l1_0p003,100,0.001,0.003,5,retail,766,194,0.6654424667358398,0.6288659793814433,0.6001374098248025,0.6589106321334839
ep_100_lr_0p001_l1_0p003,100,0.001,0.003,6,foreign,766,194,0.6309446304958732,0.6597938144329897,0.6264005602240896,0.6337434649467468
ep_100_lr_0p001_l1_0p003,100,0.001,0.003,6,institution,766,194,0.6822207686795267,0.5154639175257731,0.4981838194826637,0.7099636197090149
ep_100_lr_0p001_l1_0p003,100,0.001,0.003,6,retail,766,194,0.659017492834644,0.6237113402061856,0.5761276226392505,0.6705632209777832
ep_100_lr_0p001_l1_0p003,100,0.001,0.003,7,foreign,766,194,0.628225962424714,0.6494845360824743,0.6457191964765281,0.6211286187171936
ep_100_lr_0p001_l1_0p003,100,0.001,0.003,7,institution,766,194,0.6827210341981435,0.5,0.4885718168229379,0.6982741355895996
ep_100_lr_0p001_l1_0p003,100,0.001,0.003,7,retail,766,194,0.6541117940185587,0.5773195876288659,0.5654976510433738,0.6832787990570068
ep_100_lr_0p001_l1_0p003,100,0.001,0.003,8,foreign,769,197,0.6262032531482811,0.6395939086294417,0.6394452607429175,0.6859358549118042
ep_100_lr_0p001_l1_0p003,100,0.001,0.003,8,institution,769,197,0.6859667573235589,0.5279187817258884,0.5278701198299188,0.6947763562202454
ep_100_lr_0p001_l1_0p003,100,0.001,0.003,8,retail,769,197,0.6568620387459917,0.5685279187817259,0.5678152019615434,0.7099285125732422
ep_100_lr_0p001_l1_0p003,100,0.001,0.003,9,foreign,772,194,0.6255677308443297,0.6185567010309279,0.617540494458653,0.6586331725120544
ep_100_lr_0p001_l1_0p003,100,0.001,0.003,9,institution,772,194,0.6884351033003219,0.5618556701030928,0.5566608415109557,0.6839025616645813
ep_100_lr_0p001_l1_0p003,100,0.001,0.003,9,retail,772,194,0.6569823335489461,0.5412371134020618,0.5412249236083433,0.7006493210792542
ep_100_lr_0p001_l1_0p003,100,0.001,0.003,10,foreign,765,194,0.6185011355705511,0.6134020618556701,0.5988088344776243,0.6662141680717468
ep_100_lr_0p001_l1_0p003,100,0.001,0.003,10,institution,765,194,0.6846833943541533,0.5412371134020618,0.5346969574473819,0.6903597116470337
ep_100_lr_0p001_l1_0p003,100,0.001,0.003,10,retail,765,194,0.6609342818166696,0.5876288659793815,0.5775261324041812,0.6801100969314575
ep_100_lr_0p001_l1_0p003,100,0.001,0.003,11,foreign,765,194,0.6191607438660914,0.5927835051546392,0.5903343936275427,0.659915030002594
ep_100_lr_0p001_l1_0p003,100,0.001,0.003,11,institution,765,194,0.6870999457789403,0.6134020618556701,0.5847010132724418,0.683027446269989
ep_100_lr_0p001_l1_0p003,100,0.001,0.003,11,retail,765,194,0.6626307531119952,0.6185567010309279,0.6170916462178598,0.6713905930519104
ep_100_lr_0p001_l1_0p003,100,0.001,0.003,12,foreign,765,194,0.6207255764724382,0.6185567010309279,0.6165598290598291,0.6570096611976624
ep_100_lr_0p001_l1_0p003,100,0.001,0.003,12,institution,765,194,0.6876000928722955,0.5670103092783505,0.5497347480106101,0.6831522583961487
ep_100_lr_0p001_l1_0p003,100,0.001,0.003,12,retail,765,194,0.649680164047316,0.5,0.4928719648583825,0.7255941033363342
ep_100_lr_0p001_l1_0p003,100,0.001,0.003,13,foreign,765,194,0.6343347043772928,0.6649484536082474,0.6508376021043888,0.6065124869346619
ep_100_lr_0p001_l1_0p003,100,0.001,0.003,13,institution,765,194,0.6822186768444535,0.5412371134020618,0.5197886246697261,0.7042748928070068
ep_100_lr_0p001_l1_0p003,100,0.001,0.003,13,retail,765,194,0.6657137012170031,0.6134020618556701,0.6096579476861167,0.658488929271698
ep_100_lr_0p001_l1_0p003,100,0.001,0.003,14,foreign,765,194,0.6258218325820624,0.6391752577319587,0.6196078431372549,0.6400243043899536
ep_100_lr_0p001_l1_0p003,100,0.001,0.003,14,institution,765,194,0.6852800380170735,0.5463917525773195,0.5168119551681195,0.6991360783576965
ep_100_lr_0p001_l1_0p003,100,0.001,0.003,14,retail,765,194,0.6562601355945363,0.5721649484536082,0.5454879047054506,0.7329732179641724
ep_100_lr_0p001_l1_0p003,100,0.001,0.003,15,foreign,765,194,0.6177829955138412,0.6030927835051546,0.6030822372791285,0.6687318682670593
ep_100_lr_0p001_l1_0p003,100,0.001,0.003,15,institution,765,194,0.6855050467977337,0.5515463917525774,0.5283762260038561,0.6887074708938599
ep_100_lr_0p001_l1_0p003,100,0.001,0.003,15,retail,765,194,0.6530886004173678,0.5360824742268041,0.534846547314578,0.697651207447052
ep_100_lr_0p001_l1_0p003,100,0.001,0.003,16,foreign,768,197,0.6067326863606771,0.6040609137055838,0.5964810924369748,0.752224862575531
ep_100_lr_0p001_l1_0p003,100,0.001,0.003,16,institution,768,197,0.684133509794871,0.5583756345177665,0.5576461478900503,0.705555260181427
ep_100_lr_0p001_l1_0p003,100,0.001,0.003,16,retail,768,197,0.6475478013356527,0.5532994923857868,0.5491052850603413,0.751854419708252
ep_100_lr_0p001_l1_0p003,100,0.001,0.003,17,foreign,772,194,0.6297387014398921,0.654639175257732,0.5900589775128521,0.6452071070671082
ep_100_lr_0p001_l1_0p003,100,0.001,0.003,17,institution,772,194,0.6857733738854759,0.5309278350515464,0.5288120212453626,0.6904119253158569
ep_100_lr_0p001_l1_0p003,100,0.001,0.003,17,retail,772,194,0.6660469177473395,0.6082474226804123,0.5372253609541745,0.6632051467895508
ep_100_lr_0p001_l1_0p003,100,0.001,0.003,18,foreign,765,194,0.6245733315648596,0.6443298969072165,0.6362005707297187,0.6324794888496399
ep_100_lr_0p001_l1_0p003,100,0.001,0.003,18,institution,765,194,0.6856660290481218,0.5051546391752577,0.5032540275258721,0.6948868036270142
ep_100_lr_0p001_l1_0p003,100,0.001,0.003,18,retail,765,194,0.6648813771266563,0.6391752577319587,0.6263070996147495,0.6478013396263123
ep_100_lr_0p001_l1_0p003,100,0.001,0.003,19,foreign,765,194,0.6263911702274497,0.6649484536082474,0.6583303980274745,0.6293694972991943
ep_100_lr_0p001_l1_0p003,100,0.001,0.003,19,institution,765,194,0.6880518243203755,0.5876288659793815,0.5875850340136055,0.6796846389770508
ep_100_lr_0p001_l1_0p003,100,0.001,0.003,19,retail,765,194,0.6527491137872334,0.5257731958762887,0.5184025903939558,0.694594144821167
ep_100_lr_0p001_l1_0p003,100,0.001,0.003,20,foreign,765,194,0.6388385008363163,0.7216494845360825,0.7215311004784689,0.58559250831604
ep_100_lr_0p001_l1_0p003,100,0.001,0.003,20,institution,765,194,0.6806498776853475,0.520618556701031,0.5195846092397817,0.7217286229133606
ep_100_lr_0p001_l1_0p003,100,0.001,0.003,20,retail,765,194,0.6672612876673929,0.6597938144329897,0.659468085106383,0.6439038515090942
ep_100_lr_0p001_l1_0p003,100,0.001,0.003,21,foreign,765,194,0.6298211528584848,0.6907216494845361,0.690688775510204,0.6210859417915344
ep_100_lr_0p001_l1_0p003,100,0.001,0.003,21,institution,765,194,0.6853942063119677,0.5360824742268041,0.5352922389013095,0.7014106512069702
ep_100_lr_0p001_l1_0p003,100,0.001,0.003,21,retail,765,194,0.6586905786414552,0.6030927835051546,0.6029978472905095,0.6718156933784485
ep_100_lr_0p001_l1_0p003,100,0.001,0.003,22,foreign,765,194,0.6227408636629191,0.6288659793814433,0.6123876123876124,0.6495344638824463
ep_100_lr_0p001_l1_0p003,100,0.001,0.003,22,institution,765,194,0.6854806283720178,0.5309278350515464,0.5272980426808044,0.6885851621627808
ep_100_lr_0p001_l1_0p003,100,0.001,0.003,22,retail,765,194,0.6539151070164699,0.5773195876288659,0.5622454595487066,0.6819770932197571
ep_100_lr_0p001_l1_0p003,100,0.001,0.003,23,foreign,768,197,0.613903820514679,0.6446700507614214,0.5981934731934733,0.7068514227867126
ep_100_lr_0p001_l1_0p003,100,0.001,0.003,23,institution,768,197,0.6821587085723877,0.4974619289340101,0.4898909319174535,0.7255343794822693
ep_100_lr_0p001_l1_0p003,100,0.001,0.003,23,retail,768,197,0.6488561828931173,0.5279187817258884,0.4981235447199014,0.7397473454475403
ep_100_lr_0p001_l1_0p003,100,0.001,0.003,24,foreign,772,194,0.6265022983205133,0.6082474226804123,0.5753456221198157,0.6502163410186768
ep_100_lr_0p001_l1_0p003,100,0.001,0.003,24,institution,772,194,0.6850643911509934,0.5257731958762887,0.5255715045188729,0.6927663087844849
ep_100_lr_0p001_l1_0p003,100,0.001,0.003,24,retail,772,194,0.6706445553759837,0.6752577319587629,0.6421607378129117,0.6424834132194519
ep_100_lr_0p001_l1_0p003,100,0.001,0.003,25,foreign,765,194,0.6231929156515333,0.6443298969072165,0.6156430355758463,0.6448397636413574
ep_100_lr_0p001_l1_0p003,100,0.001,0.003,25,institution,765,194,0.6847900648522222,0.5670103092783505,0.5623590074121818,0.6868566274642944
ep_100_lr_0p001_l1_0p003,100,0.001,0.003,25,retail,765,194,0.6577705298373901,0.5412371134020618,0.5071785357499643,0.679497241973877
ep_100_lr_0p001_l1_0p003,100,0.001,0.003,26,foreign,765,194,0.6352825859792871,0.6855670103092784,0.6783802147030846,0.603377640247345
ep_100_lr_0p001_l1_0p003,100,0.001,0.003,26,institution,765,194,0.6772498758789761,0.5051546391752577,0.5025641025641026,0.725701093673706
ep_100_lr_0p001_l1_0p003,100,0.001,0.003,26,retail,765,194,0.6717229762108498,0.6701030927835051,0.6569407603890363,0.6354554891586304
ep_100_lr_0p001_l1_0p003,100,0.001,0.003,27,foreign,765,194,0.6257513778661591,0.6494845360824743,0.6420275697384131,0.64476078748703
ep_100_lr_0p001_l1_0p003,100,0.001,0.003,27,institution,765,194,0.6824651988503201,0.5257731958762887,0.5125095597071998,0.7028030157089233
ep_100_lr_0p001_l1_0p003,100,0.001,0.003,27,retail,765,194,0.6642296771598019,0.6288659793814433,0.624031007751938,0.6555830836296082
ep_100_lr_0p001_l1_0p003,100,0.001,0.003,28,foreign,765,194,0.6212359566314548,0.6288659793814433,0.5733137829912024,0.6504256129264832
ep_100_lr_0p001_l1_0p003,100,0.001,0.003,28,institution,765,194,0.6818725196364658,0.4793814432989691,0.4618659196396693,0.6991776823997498
ep_100_lr_0p001_l1_0p003,100,0.001,0.003,28,retail,765,194,0.6601083534994936,0.6185567010309279,0.5719737626714372,0.6621527075767517
ep_100_lr_0p001_l1_0p003,100,0.001,0.003,29,foreign,768,197,0.6099611322085062,0.6192893401015228,0.507056350715644,0.7356662154197693
ep_100_lr_0p001_l1_0p003,100,0.001,0.003,29,institution,768,197,0.681579609711965,0.5126903553299492,0.5090342679127726,0.7076703906059265
ep_100_lr_0p001_l1_0p003,100,0.001,0.003,29,retail,768,197,0.6563420295715332,0.5786802030456852,0.4850565300916448,0.703031063079834
ep_100_lr_0p001_l1_0p003,100,0.001,0.003,30,foreign,772,194,0.6260171128060533,0.5824742268041238,0.5805909200096084,0.6635053157806396
ep_100_lr_0p001_l1_0p003,100,0.001,0.003,30,institution,772,194,0.6875847158036701,0.6134020618556701,0.6068736321634108,0.6847401857376099
ep_100_lr_0p001_l1_0p003,100,0.001,0.003,30,retail,772,194,0.6593824575602082,0.5412371134020618,0.5397574303611888,0.6833640933036804
ep_100_lr_0p001_l1_0p003,100,0.001,0.003,31,foreign,765,194,0.6327657083280726,0.6443298969072165,0.6431827269092363,0.6245137453079224
ep_100_lr_0p001_l1_0p003,100,0.001,0.003,31,institution,765,194,0.6787371494411643,0.5515463917525774,0.5260453230743309,0.7291275262832642
ep_100_lr_0p001_l1_0p003,100,0.001,0.003,31,retail,765,194,0.6717587459321116,0.6494845360824743,0.6488874693921005,0.6414613723754883
ep_100_lr_0p001_l1_0p003,100,0.001,0.003,32,foreign,765,194,0.6239278372596292,0.654639175257732,0.6512944332662642,0.6608214974403381
ep_100_lr_0p001_l1_0p003,100,0.001,0.003,32,institution,765,194,0.6844319864815357,0.5051546391752577,0.4913143231727302,0.7009782195091248
ep_100_lr_0p001_l1_0p003,100,0.001,0.003,32,retail,765,194,0.6647833262393678,0.654639175257732,0.653894288377047,0.6552311778068542
ep_100_lr_0p001_l1_0p003,100,0.001,0.003,33,foreign,765,194,0.6208575831519233,0.5824742268041238,0.5742271113880835,0.653436541557312
ep_100_lr_0p001_l1_0p003,100,0.001,0.003,33,institution,765,194,0.6839165799758014,0.5154639175257731,0.4779571739379366,0.6938526630401611
ep_100_lr_0p001_l1_0p003,100,0.001,0.003,33,retail,765,194,0.6610869508163602,0.6288659793814433,0.6230976794387479,0.6600179672241211
ep_100_lr_0p001_l1_0p003,100,0.001,0.003,34,foreign,768,197,0.6135492920875549,0.6294416243654822,0.6099856263390557,0.6951957941055298
ep_100_lr_0p001_l1_0p003,100,0.001,0.003,34,institution,768,197,0.6825448870658875,0.4619289340101523,0.461582095709571,0.7138952016830444
ep_100_lr_0p001_l1_0p003,100,0.001,0.003,34,retail,768,197,0.6600812276204427,0.649746192893401,0.6330678904035631,0.6762019991874695
ep_100_lr_0p001_l1_0p003,100,0.001,0.003,35,foreign,772,194,0.6386585806935562,0.5979381443298969,0.5968670076726343,0.6197786331176758
ep_100_lr_0p001_l1_0p003,100,0.001,0.003,35,institution,772,194,0.6844276146567547,0.5309278350515464,0.5089973578083715,0.7037340998649597
ep_100_lr_0p001_l1_0p003,100,0.001,0.003,35,retail,772,194,0.6642128720184682,0.5515463917525774,0.549523580751061,0.668324887752533
ep_100_lr_0p001_l1_0p003,100,0.001,0.003,36,foreign,765,194,0.6250137559728685,0.6082474226804123,0.6055644729802032,0.6605880856513977
ep_100_lr_0p001_l1_0p003,100,0.001,0.003,36,institution,765,194,0.685502304984074,0.5412371134020618,0.5275672421813008,0.6918252110481262
ep_100_lr_0p001_l1_0p003,100,0.001,0.003,36,retail,765,194,0.6530243568950229,0.5257731958762887,0.5206789128800086,0.7010007500648499
ep_100_lr_0p001_l1_0p003,100,0.001,0.003,37,foreign,765,194,0.6226867399963678,0.5979381443298969,0.5905844155844155,0.6464806199073792
ep_100_lr_0p001_l1_0p003,100,0.001,0.003,37,institution,765,194,0.6849860142259037,0.5360824742268041,0.5154845154845156,0.6902886629104614
ep_100_lr_0p001_l1_0p003,100,0.001,0.003,37,retail,765,194,0.6486574234526142,0.4948453608247423,0.4913857677902621,0.7089957594871521
ep_100_lr_0p001_l1_0p003,100,0.001,0.003,38,foreign,768,197,0.6144945621490479,0.6142131979695431,0.5984767217335336,0.7026551365852356
ep_100_lr_0p001_l1_0p003,100,0.001,0.003,38,institution,768,197,0.6857303380966187,0.5532994923857868,0.5519023986765922,0.688839316368103
ep_100_lr_0p001_l1_0p003,100,0.001,0.003,38,retail,768,197,0.6446048816045126,0.5177664974619289,0.504697631335186,0.7536566853523254
ep_100_lr_0p001_l1_0p003,100,0.001,0.003,39,foreign,772,194,0.6388252837670282,0.654639175257732,0.641602558800011,0.6256070733070374
ep_100_lr_0p001_l1_0p003,100,0.001,0.003,39,institution,772,194,0.6823226253603406,0.5,0.474166596808897,0.7070464491844177
ep_100_lr_0p001_l1_0p003,100,0.001,0.003,39,retail,772,194,0.6698274396244108,0.6288659793814433,0.6285106382978723,0.6555377244949341
ep_100_lr_0p001_l1_0p003,100,0.001,0.003,40,foreign,765,194,0.6357940675386416,0.654639175257732,0.6544096142086091,0.600018322467804
ep_100_lr_0p001_l1_0p003,100,0.001,0.003,40,institution,765,194,0.6776420882324767,0.5103092783505154,0.4896857261525681,0.7298183441162109
ep_100_lr_0p001_l1_0p003,100,0.001,0.003,40,retail,765,194,0.6636111456584307,0.6288659793814433,0.6282337911210476,0.652860164642334
ep_100_lr_0p001_l1_0p003,100,0.001,0.003,41,foreign,768,197,0.6272388497988383,0.6395939086294417,0.6358405582025046,0.6570677161216736
ep_100_lr_0p001_l1_0p003,100,0.001,0.003,41,institution,768,197,0.6774372855822245,0.5177664974619289,0.517716789073573,0.7412360310554504
ep_100_lr_0p001_l1_0p003,100,0.001,0.003,41,retail,768,197,0.6607757210731506,0.6243654822335025,0.623190653432589,0.687475860118866
ep_100_lr_0p001_l1_0p003,100,0.001,0.003,42,foreign,772,194,0.6322467796543102,0.6391752577319587,0.6388297872340425,0.6286746859550476
ep_100_lr_0p001_l1_0p003,100,0.001,0.003,42,institution,772,194,0.6840813851727106,0.5257731958762887,0.4920309653916211,0.6972246170043945
ep_100_lr_0p001_l1_0p003,100,0.001,0.003,42,retail,772,194,0.6588887291251069,0.6082474226804123,0.607872340425532,0.6744227409362793
ep_100_lr_0p001_l1_0p003,100,0.001,0.003,43,foreign,768,197,0.6150025526682535,0.6395939086294417,0.6372007366482504,0.7259027361869812
ep_100_lr_0p001_l1_0p003,100,0.001,0.003,43,institution,768,197,0.6811812520027161,0.4771573604060913,0.4766719108658087,0.7329080104827881
ep_100_lr_0p001_l1_0p003,100,0.001,0.003,43,retail,768,197,0.6526703238487244,0.6091370558375635,0.6084914182475158,0.714794397354126
ep_100_lr_0p001_l1_0p003,100,0.001,0.003,44,foreign,775,197,0.6164033662888312,0.6142131979695431,0.5702640642939151,0.690864086151123
ep_100_lr_0p001_l1_0p003,100,0.001,0.003,44,institution,775,197,0.684203625494434,0.5025380710659898,0.5022174092409241,0.6920627355575562
ep_100_lr_0p001_l1_0p003,100,0.001,0.003,44,retail,775,197,0.6531550095158238,0.583756345177665,0.5629329004329005,0.706574559211731
ep_100_lr_0p001_l1_0p01,100,0.001,0.01,0,foreign,773,194,0.6308470372240725,0.634020618556701,0.5967208315034402,0.644405722618103
ep_100_lr_0p001_l1_0p01,100,0.001,0.01,0,institution,773,194,0.6876468602158273,0.4948453608247423,0.4589025500910746,0.6959125995635986
ep_100_lr_0p001_l1_0p01,100,0.001,0.01,0,retail,773,194,0.6573996840750879,0.5618556701030928,0.5137844611528821,0.6920492649078369
ep_100_lr_0p001_l1_0p01,100,0.001,0.01,1,foreign,766,194,0.631872397956898,0.6804123711340206,0.6787393162393163,0.6141350865364075
ep_100_lr_0p001_l1_0p01,100,0.001,0.01,1,institution,766,194,0.686255203837203,0.5360824742268041,0.5356382978723404,0.6902031898498535
ep_100_lr_0p001_l1_0p01,100,0.001,0.01,1,retail,766,194,0.6584747237574027,0.5824742268041238,0.5792433127158808,0.6737308502197266
ep_100_lr_0p001_l1_0p01,100,0.001,0.01,2,foreign,766,194,0.629165483828313,0.6494845360824743,0.6485507246376812,0.6283881664276123
ep_100_lr_0p001_l1_0p01,100,0.001,0.01,2,institution,766,194,0.682568888751396,0.5154639175257731,0.5102588892469653,0.6993103623390198
ep_100_lr_0p001_l1_0p01,100,0.001,0.01,2,retail,766,194,0.6638846176411403,0.6237113402061856,0.6232207944236039,0.6597453355789185
ep_100_lr_0p001_l1_0p01,100,0.001,0.01,3,foreign,766,194,0.6284042226427841,0.6288659793814433,0.6156301596037425,0.6344557404518127
ep_100_lr_0p001_l1_0p01,100,0.001,0.01,3,institution,766,194,0.6853513846820701,0.5670103092783505,0.5412162162162162,0.6899638772010803
ep_100_lr_0p001_l1_0p01,100,0.001,0.01,3,retail,766,194,0.6646244312702209,0.6443298969072165,0.6373045763676267,0.6569069027900696
ep_100_lr_0p001_l1_0p01,100,0.001,0.01,4,foreign,766,194,0.6297504228026687,0.6237113402061856,0.609507265558221,0.6320074796676636
ep_100_lr_0p001_l1_0p01,100,0.001,0.01,4,institution,766,194,0.6851809110404928,0.5360824742268041,0.528872099298435,0.6948118209838867
ep_100_lr_0p001_l1_0p01,100,0.001,0.01,4,retail,766,194,0.6524437262868756,0.5103092783505154,0.4874148240856626,0.7019999623298645
ep_100_lr_0p001_l1_0p01,100,0.001,0.01,5,foreign,766,194,0.6418288497949705,0.6804123711340206,0.6440577651515151,0.59160315990448
ep_100_lr_0p001_l1_0p01,100,0.001,0.01,5,institution,766,194,0.6787479225711474,0.4948453608247423,0.4768299394606494,0.7197393178939819
ep_100_lr_0p001_l1_0p01,100,0.001,0.01,5,retail,766,194,0.6665475189530196,0.634020618556701,0.6045022539983346,0.6565922498703003
ep_100_lr_0p001_l1_0p01,100,0.001,0.01,6,foreign,766,194,0.6324983061760586,0.6649484536082474,0.6308007612355438,0.6333369016647339
ep_100_lr_0p001_l1_0p01,100,0.001,0.01,6,institution,766,194,0.6829161639313163,0.5103092783505154,0.4957178427777929,0.7066866159439087
ep_100_lr_0p001_l1_0p01,100,0.001,0.01,6,retail,766,194,0.6598127247770523,0.6082474226804123,0.5496089931573802,0.6712331771850586
ep_100_lr_0p001_l1_0p01,100,0.001,0.01,7,foreign,766,194,0.6297407525326503,0.6391752577319587,0.6360420240137221,0.6223823428153992
ep_100_lr_0p001_l1_0p01,100,0.001,0.01,7,institution,766,194,0.6832341016428277,0.5,0.4868984321745058,0.6986194252967834
ep_100_lr_0p001_l1_0p01,100,0.001,0.01,7,retail,766,194,0.6550692000837302,0.5721649484536082,0.5594166415848086,0.6823542714118958
ep_100_lr_0p001_l1_0p01,100,0.001,0.01,8,foreign,769,197,0.6270616116542345,0.6395939086294417,0.6394452607429175,0.6829752922058105
ep_100_lr_0p001_l1_0p01,100,0.001,0.01,8,institution,769,197,0.6866325222934331,0.5329949238578681,0.5329828901257473,0.6951620578765869
ep_100_lr_0p001_l1_0p01,100,0.001,0.01,8,retail,769,197,0.657107283917143,0.5685279187817259,0.5678152019615434,0.7051466107368469
ep_100_lr_0p001_l1_0p01,100,0.001,0.01,9,foreign,772,194,0.6265000867720095,0.6237113402061856,0.6224976675996268,0.6576671600341797
ep_100_lr_0p001_l1_0p01,100,0.001,0.01,9,institution,772,194,0.6887820937472922,0.5670103092783505,0.5613695090439277,0.6847806572914124
ep_100_lr_0p001_l1_0p01,100,0.001,0.01,9,retail,772,194,0.6572203348955342,0.5412371134020618,0.5412249236083433,0.6998119354248047
ep_100_lr_0p001_l1_0p01,100,0.001,0.01,10,foreign,765,194,0.6199377025654114,0.6082474226804123,0.5926171529619806,0.6648000478744507
ep_100_lr_0p001_l1_0p01,100,0.001,0.01,10,institution,765,194,0.6852830732569976,0.5309278350515464,0.5202065498029624,0.6897331476211548
ep_100_lr_0p001_l1_0p01,100,0.001,0.01,10,retail,765,194,0.6616053356843836,0.5773195876288659,0.5695887445887446,0.6807748675346375
ep_100_lr_0p001_l1_0p01,100,0.001,0.01,11,foreign,765,194,0.620505382266699,0.5927835051546392,0.5903343936275427,0.6622819304466248
ep_100_lr_0p001_l1_0p01,100,0.001,0.01,11,institution,765,194,0.6876234509586509,0.6082474226804123,0.5779228214817359,0.6841585636138916
ep_100_lr_0p001_l1_0p01,100,0.001,0.01,11,retail,765,194,0.6632780522302865,0.6185567010309279,0.6170916462178598,0.6723492741584778
ep_100_lr_0p001_l1_0p01,100,0.001,0.01,12,foreign,765,194,0.6221004803196277,0.6237113402061856,0.620799528743942,0.6580340266227722
ep_100_lr_0p001_l1_0p01,100,0.001,0.01,12,institution,765,194,0.6882528199089898,0.5773195876288659,0.5604553492484527,0.6841617822647095
ep_100_lr_0p001_l1_0p01,100,0.001,0.01,12,retail,765,194,0.6504265394865297,0.5051546391752577,0.4987080103359173,0.7223641276359558
ep_100_lr_0p001_l1_0p01,100,0.001,0.01,13,foreign,765,194,0.6356626987457276,0.6649484536082474,0.6476374102327661,0.6079780459403992
ep_100_lr_0p001_l1_0p01,100,0.001,0.01,13,institution,765,194,0.6827297588579015,0.5257731958762887,0.5000560224089636,0.7008342742919922
ep_100_lr_0p001_l1_0p01,100,0.001,0.01,13,retail,765,194,0.6665340987685459,0.6237113402061856,0.6183469426253807,0.655590295791626
ep_100_lr_0p001_l1_0p01,100,0.001,0.01,14,foreign,765,194,0.627239909359053,0.6494845360824743,0.6286036036036036,0.6397342681884766
ep_100_lr_0p001_l1_0p01,100,0.001,0.01,14,institution,765,194,0.6858559730785345,0.5412371134020618,0.5175343001648643,0.6972591876983643
ep_100_lr_0p001_l1_0p01,100,0.001,0.01,14,retail,765,194,0.6567836111667109,0.5618556701030928,0.5293278150421007,0.7274242043495178
ep_100_lr_0p001_l1_0p01,100,0.001,0.01,15,foreign,765,194,0.6193768879946541,0.5979381443298969,0.5978954081632653,0.6680986881256104
ep_100_lr_0p001_l1_0p01,100,0.001,0.01,15,institution,765,194,0.6860360870953479,0.5463917525773195,0.5217927170868347,0.6886065006256104
ep_100_lr_0p001_l1_0p01,100,0.001,0.01,15,retail,765,194,0.653701241733202,0.5463917525773195,0.5451832907075873,0.6969708204269409
ep_100_lr_0p001_l1_0p01,100,0.001,0.01,16,foreign,768,197,0.6076307892799377,0.6142131979695431,0.606827731092437,0.7503257989883423
ep_100_lr_0p001_l1_0p01,100,0.001,0.01,16,institution,768,197,0.68477463722229,0.5380710659898477,0.5380710659898477,0.7018155455589294
ep_100_lr_0p001_l1_0p01,100,0.001,0.01,16,retail,768,197,0.6478848457336426,0.5532994923857868,0.5491052850603413,0.742107093334198
ep_100_lr_0p001_l1_0p01,100,0.001,0.01,17,foreign,772,194,0.6308863881029614,0.6494845360824743,0.5818965517241379,0.6448741555213928
ep_100_lr_0p001_l1_0p01,100,0.001,0.01,17,institution,772,194,0.6867075269086373,0.5257731958762887,0.5225254146602462,0.6909805536270142
ep_100_lr_0p001_l1_0p01,100,0.001,0.01,17,retail,772,194,0.6666947343806529,0.6082474226804123,0.5372253609541745,0.663611650466919
ep_100_lr_0p001_l1_0p01,100,0.001,0.01,18,foreign,765,194,0.625834557355619,0.6391752577319587,0.6314989688483664,0.6359373927116394
ep_100_lr_0p001_l1_0p01,100,0.001,0.01,18,institution,765,194,0.6862997505399916,0.4845360824742268,0.4843168527379053,0.6938700079917908
ep_100_lr_0p001_l1_0p01,100,0.001,0.01,18,retail,765,194,0.6657694476102692,0.6288659793814433,0.6156301596037425,0.6506040096282959
ep_100_lr_0p001_l1_0p01,100,0.001,0.01,19,foreign,765,194,0.6276989344677893,0.6649484536082474,0.6583303980274745,0.6315159797668457
ep_100_lr_0p001_l1_0p01,100,0.001,0.01,19,institution,765,194,0.6886602436015808,0.5773195876288659,0.5769148936170212,0.682723343372345
ep_100_lr_0p001_l1_0p01,100,0.001,0.01,19,retail,765,194,0.6538459888470718,0.5309278350515464,0.524240709300132,0.6921678781509399
ep_100_lr_0p001_l1_0p01,100,0.001,0.01,20,foreign,765,194,0.6401190020679648,0.7164948453608248,0.7164270337789354,0.5879168510437012
ep_100_lr_0p001_l1_0p01,100,0.001,0.01,20,institution,765,194,0.6811080617842331,0.5154639175257731,0.515,0.7181640863418579
ep_100_lr_0p001_l1_0p01,100,0.001,0.01,20,retail,765,194,0.6683313451561274,0.6752577319587629,0.6751800568740532,0.6445407867431641
ep_100_lr_0p001_l1_0p01,100,0.001,0.01,21,foreign,765,194,0.6311805597317764,0.6958762886597938,0.6958682077853062,0.6217032074928284
ep_100_lr_0p001_l1_0p01,100,0.001,0.01,21,institution,765,194,0.6860390229941973,0.5154639175257731,0.5152578415736311,0.7005784511566162
ep_100_lr_0p001_l1_0p01,100,0.001,0.01,21,retail,765,194,0.6597102545445261,0.5979381443298969,0.5978954081632653,0.671258807182312
ep_100_lr_0p001_l1_0p01,100,0.001,0.01,22,foreign,765,194,0.6239690488460017,0.6185567010309279,0.5997992863514718,0.6513042449951172
ep_100_lr_0p001_l1_0p01,100,0.001,0.01,22,institution,765,194,0.6860850582714954,0.5515463917525774,0.5500999600159936,0.6885897517204285
ep_100_lr_0p001_l1_0p01,100,0.001,0.01,22,retail,765,194,0.6551600718030742,0.5773195876288659,0.5604553492484527,0.6805534958839417
ep_100_lr_0p001_l1_0p01,100,0.001,0.01,23,foreign,768,197,0.6148258248964945,0.6446700507614214,0.5981934731934733,0.7051848769187927
ep_100_lr_0p001_l1_0p01,100,0.001,0.01,23,institution,768,197,0.682808001836141,0.4923857868020304,0.4826680672268907,0.7184054851531982
ep_100_lr_0p001_l1_0p01,100,0.001,0.01,23,retail,768,197,0.6498625079790751,0.5431472081218274,0.5103292090145823,0.7291311025619507
ep_100_lr_0p001_l1_0p01,100,0.001,0.01,24,foreign,772,194,0.6272448366170102,0.6082474226804123,0.5753456221198157,0.6506751775741577
ep_100_lr_0p001_l1_0p01,100,0.001,0.01,24,institution,772,194,0.6857621916835173,0.5051546391752577,0.5051020408163265,0.6927096247673035
ep_100_lr_0p001_l1_0p01,100,0.001,0.01,24,retail,772,194,0.6707935231337275,0.6649484536082474,0.6332916509145898,0.6448103785514832
ep_100_lr_0p001_l1_0p01,100,0.001,0.01,25,foreign,765,194,0.6246565045874103,0.6443298969072165,0.6156430355758463,0.6449403762817383
ep_100_lr_0p001_l1_0p01,100,0.001,0.01,25,institution,765,194,0.6854263236320096,0.5463917525773195,0.5352787456445993,0.6882718801498413
ep_100_lr_0p001_l1_0p01,100,0.001,0.01,25,retail,765,194,0.6587628505588357,0.5463917525773195,0.5141165755919854,0.6784770488739014
ep_100_lr_0p001_l1_0p01,100,0.001,0.01,26,foreign,765,194,0.6367222906717288,0.6701030927835051,0.6630847715185064,0.6035446524620056
ep_100_lr_0p001_l1_0p01,100,0.001,0.01,26,institution,765,194,0.6777386674693987,0.4948453608247423,0.4913857677902621,0.7204179763793945
ep_100_lr_0p001_l1_0p01,100,0.001,0.01,26,retail,765,194,0.6727826537649616,0.6752577319587629,0.6643322072999918,0.6360641717910767
ep_100_lr_0p001_l1_0p01,100,0.001,0.01,27,foreign,765,194,0.6272525230264352,0.6494845360824743,0.6420275697384131,0.6438186764717102
ep_100_lr_0p001_l1_0p01,100,0.001,0.01,27,institution,765,194,0.6831188435648002,0.5257731958762887,0.5141550522648084,0.701357901096344
ep_100_lr_0p001_l1_0p01,100,0.001,0.01,27,retail,765,194,0.6650452953538084,0.6443298969072165,0.6401129184030112,0.6575198769569397
ep_100_lr_0p001_l1_0p01,100,0.001,0.01,28,foreign,765,194,0.6226822112120834,0.6185567010309279,0.5576235671145076,0.6513690948486328
ep_100_lr_0p001_l1_0p01,100,0.001,0.01,28,institution,765,194,0.6824611282036974,0.4742268041237113,0.4554760594386351,0.6979788541793823
ep_100_lr_0p001_l1_0p01,100,0.001,0.01,28,retail,765,194,0.6610069780567892,0.6082474226804123,0.5604054859868813,0.6628819108009338
ep_100_lr_0p001_l1_0p01,100,0.001,0.01,29,foreign,768,197,0.6109841465950012,0.6243654822335025,0.5166445623342175,0.7352283596992493
ep_100_lr_0p001_l1_0p01,100,0.001,0.01,29,institution,768,197,0.6821706891059875,0.4974619289340101,0.4922283839725064,0.7058505415916443
ep_100_lr_0p001_l1_0p01,100,0.001,0.01,29,retail,768,197,0.6570042769114176,0.583756345177665,0.493922305764411,0.6970144510269165
ep_100_lr_0p001_l1_0p01,100,0.001,0.01,30,foreign,772,194,0.6269400848625856,0.5824742268041238,0.5811275489804077,0.6627802848815918
ep_100_lr_0p001_l1_0p01,100,0.001,0.01,30,institution,772,194,0.6881962736653541,0.6030927835051546,0.5992488262910798,0.6864733099937439
ep_100_lr_0p001_l1_0p01,100,0.001,0.01,30,retail,772,194,0.6597201317703169,0.5463917525773195,0.5451832907075873,0.6828898787498474
ep_100_lr_0p001_l1_0p01,100,0.001,0.01,31,foreign,765,194,0.6340858521025166,0.634020618556701,0.6332312608174677,0.625457227230072
ep_100_lr_0p001_l1_0p01,100,0.001,0.01,31,institution,765,194,0.6792235305885863,0.5360824742268041,0.5109243697478991,0.7234352231025696
ep_100_lr_0p001_l1_0p01,100,0.001,0.01,31,retail,765,194,0.6727217816839031,0.6494845360824743,0.6485507246376812,0.6434130072593689
ep_100_lr_0p001_l1_0p01,100,0.001,0.01,32,foreign,765,194,0.6253541752403857,0.6391752577319587,0.6367041198501873,0.6601058840751648
ep_100_lr_0p001_l1_0p01,100,0.001,0.01,32,institution,765,194,0.6850447604858797,0.5,0.4868984321745058,0.6988540887832642
ep_100_lr_0p001_l1_0p01,100,0.001,0.01,32,retail,765,194,0.6655633408259722,0.6494845360824743,0.6481382694974929,0.6573876738548279
ep_100_lr_0p001_l1_0p01,100,0.001,0.01,33,foreign,765,194,0.6221274594076319,0.5824742268041238,0.5742271113880835,0.6578952074050903
ep_100_lr_0p001_l1_0p01,100,0.001,0.01,33,institution,765,194,0.6844650975239822,0.5360824742268041,0.5001717622810031,0.6932136416435242
ep_100_lr_0p001_l1_0p01,100,0.001,0.01,33,retail,765,194,0.6618939911617953,0.6237113402061856,0.6173570019723866,0.6621268391609192
ep_100_lr_0p001_l1_0p01,100,0.001,0.01,34,foreign,768,197,0.6146283547083536,0.6142131979695431,0.5949134199134198,0.6951550841331482
ep_100_lr_0p001_l1_0p01,100,0.001,0.01,34,institution,768,197,0.6832385659217834,0.467005076142132,0.4625178641028972,0.7104981541633606
ep_100_lr_0p001_l1_0p01,100,0.001,0.01,34,retail,768,197,0.660651167233785,0.649746192893401,0.6330678904035631,0.6710301041603088
ep_100_lr_0p001_l1_0p01,100,0.001,0.01,35,foreign,772,194,0.6397703243660803,0.6082474226804123,0.6067427717913155,0.6196549534797668
ep_100_lr_0p001_l1_0p01,100,0.001,0.01,35,institution,772,194,0.6853278387395829,0.5309278350515464,0.5042543034455645,0.7021877765655518
ep_100_lr_0p001_l1_0p01,100,0.001,0.01,35,retail,772,194,0.6647154691923468,0.5567010309278351,0.5543803418803419,0.6671532988548279
ep_100_lr_0p001_l1_0p01,100,0.001,0.01,36,foreign,765,194,0.6265453833380555,0.6082474226804123,0.6055644729802032,0.6587401628494263
ep_100_lr_0p001_l1_0p01,100,0.001,0.01,36,institution,765,194,0.6862719530373617,0.5515463917525774,0.5426883788983119,0.6921519041061401
ep_100_lr_0p001_l1_0p01,100,0.001,0.01,36,retail,765,194,0.6539535446883806,0.5309278350515464,0.525366312676435,0.698694109916687
ep_100_lr_0p001_l1_0p01,100,0.001,0.01,37,foreign,765,194,0.6241749840624192,0.5927835051546392,0.5834760157630112,0.6492624282836914
ep_100_lr_0p001_l1_0p01,100,0.001,0.01,37,institution,765,194,0.6855367484435536,0.5154639175257731,0.4939504939504939,0.6919967532157898
ep_100_lr_0p001_l1_0p01,100,0.001,0.01,37,retail,765,194,0.6497408684562235,0.5103092783505154,0.5073641442356526,0.706272542476654
ep_100_lr_0p001_l1_0p01,100,0.001,0.01,38,foreign,768,197,0.615639309088389,0.6142131979695431,0.5967463908640379,0.7011605501174927
ep_100_lr_0p001_l1_0p01,100,0.001,0.01,38,institution,768,197,0.6863755782445272,0.5583756345177665,0.5546576588281149,0.6899635791778564
ep_100_lr_0p001_l1_0p01,100,0.001,0.01,38,retail,768,197,0.6453140179316202,0.5177664974619289,0.504697631335186,0.7432155013084412
ep_100_lr_0p001_l1_0p01,100,0.001,0.01,39,foreign,772,194,0.6396414622123995,0.654639175257732,0.6400941437076006,0.6248407959938049
ep_100_lr_0p001_l1_0p01,100,0.001,0.01,39,institution,772,194,0.6828789170541911,0.5,0.471567774002415,0.7040801644325256
ep_100_lr_0p001_l1_0p01,100,0.001,0.01,39,retail,772,194,0.6701183881166686,0.6443298969072165,0.6435627745972574,0.6560338735580444
ep_100_lr_0p001_l1_0p01,100,0.001,0.01,40,foreign,765,194,0.6371370698891434,0.654639175257732,0.6546299986714494,0.6028605103492737
ep_100_lr_0p001_l1_0p01,100,0.001,0.01,40,institution,765,194,0.6781225403149923,0.5051546391752577,0.4831834831834832,0.7238376140594482
ep_100_lr_0p001_l1_0p01,100,0.001,0.01,40,retail,765,194,0.664665937423706,0.6443298969072165,0.6431827269092363,0.6516779661178589
ep_100_lr_0p001_l1_0p01,100,0.001,0.01,41,foreign,768,197,0.6281932989756266,0.649746192893401,0.6467974535533325,0.6564551591873169
ep_100_lr_0p001_l1_0p01,100,0.001,0.01,41,institution,768,197,0.6779224673906962,0.5228426395939086,0.5225350660066006,0.7364704608917236
ep_100_lr_0p001_l1_0p01,100,0.001,0.01,41,retail,768,197,0.6613775293032328,0.6243654822335025,0.6235798388762652,0.681128978729248
ep_100_lr_0p001_l1_0p01,100,0.001,0.01,42,foreign,772,194,0.633029339227034,0.6391752577319587,0.6382139812446718,0.6294706463813782
ep_100_lr_0p001_l1_0p01,100,0.001,0.01,42,institution,772,194,0.6848543876193348,0.520618556701031,0.4879523201362281,0.6960416436195374
ep_100_lr_0p001_l1_0p01,100,0.001,0.01,42,retail,772,194,0.6589115228059996,0.5979381443298969,0.5972532737144682,0.6752844452857971
ep_100_lr_0p001_l1_0p01,100,0.001,0.01,43,foreign,768,197,0.6159554521242777,0.6395939086294417,0.6372007366482504,0.7219695448875427
ep_100_lr_0p001_l1_0p01,100,0.001,0.01,43,institution,768,197,0.6818840305010477,0.4771573604060913,0.4736855757009831,0.7296748161315918
ep_100_lr_0p001_l1_0p01,100,0.001,0.01,43,retail,768,197,0.6533639033635458,0.5989847715736041,0.5979487974372885,0.7079073786735535
ep_100_lr_0p001_l1_0p01,100,0.001,0.01,44,foreign,775,197,0.617217513438194,0.6142131979695431,0.5702640642939151,0.6902815699577332
ep_100_lr_0p001_l1_0p01,100,0.001,0.01,44,institution,775,197,0.6848722280225447,0.5076142131979695,0.5076142131979695,0.6918238401412964
ep_100_lr_0p001_l1_0p01,100,0.001,0.01,44,retail,775,197,0.6538107648972542,0.583756345177665,0.5608416702914311,0.7020383477210999
