epoch,parameter,feature,context,weight
0,beta,momentum,,0.0
0,beta,persist,,0.0
0,beta,underwater,,0.0
0,B,momentum,kospi_return_1d,0.0
0,B,momentum,fx_level_z_252,0.0
0,B,persist,kospi_return_1d,0.0
0,B,persist,fx_level_z_252,0.0
0,B,underwater,kospi_return_1d,0.0
0,B,underwater,fx_level_z_252,0.0
0,alpha,,kospi_return_1d,0.0
0,alpha,,fx_level_z_252,0.0
1,beta,momentum,,0.0038072241004556417
1,beta,persist,,0.003869551233947277
1,beta,underwater,,-0.0032634905073791742
1,B,momentum,kospi_return_1d,-0.0018346456345170736
1,B,momentum,fx_level_z_252,-0.003698874730616808
1,B,persist,kospi_return_1d,0.0011605801992118359
1,B,persist,fx_level_z_252,-0.0030555445700883865
1,B,underwater,kospi_return_1d,0.002005957532674074
1,B,underwater,fx_level_z_252,0.0004795942222699523
1,alpha,,kospi_return_1d,0.0035511234309524298
1,alpha,,fx_level_z_252,-0.0037088757380843163
2,beta,momentum,,0.007005731109529734
2,beta,persist,,0.007186898496001959
2,beta,underwater,,-0.0051040006801486015
2,B,momentum,kospi_return_1d,-0.002747827908024192
2,B,momentum,fx_level_z_252,-0.0055252183228731155
2,B,persist,kospi_return_1d,0.0043442631140351295
2,B,persist,fx_level_z_252,-0.004632799886167049
2,B,underwater,kospi_return_1d,0.0035662062000483274
2,B,underwater,fx_level_z_252,-0.0011595356045290828
2,alpha,,kospi_return_1d,0.006162235513329506
2,alpha,,fx_level_z_252,-0.006081693805754185
3,beta,momentum,,0.010138379409909248
3,beta,persist,,0.010317211970686913
3,beta,underwater,,-0.006294874474406242
3,B,momentum,kospi_return_1d,-0.003140127519145608
3,B,momentum,fx_level_z_252,-0.005364426411688328
3,B,persist,kospi_return_1d,0.006768192630261183
3,B,persist,fx_level_z_252,-0.004701810423284769
3,B,underwater,kospi_return_1d,0.004387371242046356
3,B,underwater,fx_level_z_252,-0.0021292264573276043
3,alpha,,kospi_return_1d,0.007417953573167324
3,alpha,,fx_level_z_252,-0.007851265370845795
4,beta,momentum,,0.013209246098995209
4,beta,persist,,0.013342315331101418
4,beta,underwater,,-0.0072036562487483025
4,B,momentum,kospi_return_1d,-0.002908440073952079
4,B,momentum,fx_level_z_252,-0.005961704067885876
4,B,persist,kospi_return_1d,0.00813857652246952
4,B,persist,fx_level_z_252,-0.005228844005614519
4,B,underwater,kospi_return_1d,0.004702240228652954
4,B,underwater,fx_level_z_252,-0.002674996154382825
4,alpha,,kospi_return_1d,0.00807897374033928
4,alpha,,fx_level_z_252,-0.009485861286520958
5,beta,momentum,,0.016193846240639687
5,beta,persist,,0.016481952741742134
5,beta,underwater,,-0.007783893495798111
5,B,momentum,kospi_return_1d,-0.002234863582998514
5,B,momentum,fx_level_z_252,-0.00688225356861949
5,B,persist,kospi_return_1d,0.00967748835682869
5,B,persist,fx_level_z_252,-0.006090444978326559
5,B,underwater,kospi_return_1d,0.004725782200694084
5,B,underwater,fx_level_z_252,-0.003010924905538559
5,alpha,,kospi_return_1d,0.008234217762947083
5,alpha,,fx_level_z_252,-0.01001591794192791
6,beta,momentum,,0.018776973709464073
6,beta,persist,,0.019427107647061348
6,beta,underwater,,-0.00786460842937231
6,B,momentum,kospi_return_1d,-0.001637202687561512
6,B,momentum,fx_level_z_252,-0.0066694156266748905
6,B,persist,kospi_return_1d,0.010110931470990181
6,B,persist,fx_level_z_252,-0.005455360747873783
6,B,underwater,kospi_return_1d,0.004624481778591871
6,B,underwater,fx_level_z_252,-0.003129366086795926
6,alpha,,kospi_return_1d,0.008852669037878513
6,alpha,,fx_level_z_252,-0.010481690987944603
7,beta,momentum,,0.021044688299298286
7,beta,persist,,0.02179788053035736
7,beta,underwater,,-0.007508165668696165
7,B,momentum,kospi_return_1d,-0.0023381332866847515
7,B,momentum,fx_level_z_252,-0.005795712117105722
7,B,persist,kospi_return_1d,0.00929875299334526
7,B,persist,fx_level_z_252,-0.004408739507198334
7,B,underwater,kospi_return_1d,0.004426289815455675
7,B,underwater,fx_level_z_252,-0.003290850669145584
7,alpha,,kospi_return_1d,0.009308632463216782
7,alpha,,fx_level_z_252,-0.010352223180234432
8,beta,momentum,,0.02318180352449417
8,beta,persist,,0.02405940182507038
8,beta,underwater,,-0.007223700638860464
8,B,momentum,kospi_return_1d,-0.002863499103114009
8,B,momentum,fx_level_z_252,-0.005054413340985775
8,B,persist,kospi_return_1d,0.009019964374601841
8,B,persist,fx_level_z_252,-0.004008722025901079
8,B,underwater,kospi_return_1d,0.0040513924323022366
8,B,underwater,fx_level_z_252,-0.0033452317584306
8,alpha,,kospi_return_1d,0.010211681015789509
8,alpha,,fx_level_z_252,-0.010342295281589031
9,beta,momentum,,0.025063645094633102
9,beta,persist,,0.026161665096879005
9,beta,underwater,,-0.006822110619395971
9,B,momentum,kospi_return_1d,-0.003056676359847188
9,B,momentum,fx_level_z_252,-0.004374269861727953
9,B,persist,kospi_return_1d,0.008904796093702316
9,B,persist,fx_level_z_252,-0.0037798068951815367
9,B,underwater,kospi_return_1d,0.0036031503695994616
9,B,underwater,fx_level_z_252,-0.0034420809242874384
9,alpha,,kospi_return_1d,0.011039337143301964
9,alpha,,fx_level_z_252,-0.010182256810367107
10,beta,momentum,,0.026821769773960114
10,beta,persist,,0.028555043041706085
10,beta,underwater,,-0.006341417785733938
10,B,momentum,kospi_return_1d,-0.0029138869140297174
10,B,momentum,fx_level_z_252,-0.003903083736076951
10,B,persist,kospi_return_1d,0.009099465794861317
10,B,persist,fx_level_z_252,-0.002869849558919668
10,B,underwater,kospi_return_1d,0.003118722466751933
10,B,underwater,fx_level_z_252,-0.003471259493380785
10,alpha,,kospi_return_1d,0.01239381916821003
10,alpha,,fx_level_z_252,-0.010556042194366455
11,beta,momentum,,0.02849561534821987
11,beta,persist,,0.03115033358335495
11,beta,underwater,,-0.006085993722081184
11,B,momentum,kospi_return_1d,-0.0029391576535999775
11,B,momentum,fx_level_z_252,-0.0037518690805882215
11,B,persist,kospi_return_1d,0.00950503908097744
11,B,persist,fx_level_z_252,-0.0021639808546751738
11,B,underwater,kospi_return_1d,0.002547113923355937
11,B,underwater,fx_level_z_252,-0.0034351658541709185
11,alpha,,kospi_return_1d,0.013807449489831924
11,alpha,,fx_level_z_252,-0.010987491346895695
12,beta,momentum,,0.029969241470098495
12,beta,persist,,0.03359295427799225
12,beta,underwater,,-0.005675339139997959
12,B,momentum,kospi_return_1d,-0.0029304984491318464
12,B,momentum,fx_level_z_252,-0.0037114210426807404
12,B,persist,kospi_return_1d,0.00980308372527361
12,B,persist,fx_level_z_252,-0.002040961990132928
12,B,underwater,kospi_return_1d,0.0018474177923053503
12,B,underwater,fx_level_z_252,-0.0032721490133553743
12,alpha,,kospi_return_1d,0.014894753694534302
12,alpha,,fx_level_z_252,-0.011482225731015205
13,beta,momentum,,0.03130688890814781
13,beta,persist,,0.03579428791999817
13,beta,underwater,,-0.005354159977287054
13,B,momentum,kospi_return_1d,-0.004102509003132582
13,B,momentum,fx_level_z_252,-0.003513576928526163
13,B,persist,kospi_return_1d,0.009361433796584606
13,B,persist,fx_level_z_252,-0.0017442345852032304
13,B,underwater,kospi_return_1d,0.0011430253507569432
13,B,underwater,fx_level_z_252,-0.0031951882410794497
13,alpha,,kospi_return_1d,0.01603134162724018
13,alpha,,fx_level_z_252,-0.011688419617712498
14,beta,momentum,,0.03228146582841873
14,beta,persist,,0.03782012313604355
14,beta,underwater,,-0.005284582264721394
14,B,momentum,kospi_return_1d,-0.005923693999648094
14,B,momentum,fx_level_z_252,-0.0033001385163515806
14,B,persist,kospi_return_1d,0.008302729576826096
14,B,persist,fx_level_z_252,-0.001233971561305225
14,B,underwater,kospi_return_1d,0.0003856576222460717
14,B,underwater,fx_level_z_252,-0.0033564444165676832
14,alpha,,kospi_return_1d,0.016908185556530952
14,alpha,,fx_level_z_252,-0.010837203823029995
15,beta,momentum,,0.033017925918102264
15,beta,persist,,0.03944659233093262
15,beta,underwater,,-0.004848325625061989
15,B,momentum,kospi_return_1d,-0.006840781308710575
15,B,momentum,fx_level_z_252,-0.003256879048421979
15,B,persist,kospi_return_1d,0.008127612061798573
15,B,persist,fx_level_z_252,-0.0009428192279301584
15,B,underwater,kospi_return_1d,-0.0003536776057444513
15,B,underwater,fx_level_z_252,-0.0033089355565607548
15,alpha,,kospi_return_1d,0.016860106959939003
15,alpha,,fx_level_z_252,-0.01022851187735796
16,beta,momentum,,0.033880144357681274
16,beta,persist,,0.04079451784491539
16,beta,underwater,,-0.0046492675319314
16,B,momentum,kospi_return_1d,-0.007683614268898964
16,B,momentum,fx_level_z_252,-0.003664020448923111
16,B,persist,kospi_return_1d,0.008369634859263897
16,B,persist,fx_level_z_252,-0.000902185682207346
16,B,underwater,kospi_return_1d,-0.0007695376989431679
16,B,underwater,fx_level_z_252,-0.0033676675520837307
16,alpha,,kospi_return_1d,0.01598639227449894
16,alpha,,fx_level_z_252,-0.009603902697563171
17,beta,momentum,,0.03549744933843613
17,beta,persist,,0.042107414454221725
17,beta,underwater,,-0.004566576331853867
17,B,momentum,kospi_return_1d,-0.008076869882643223
17,B,momentum,fx_level_z_252,-0.004698491655290127
17,B,persist,kospi_return_1d,0.008982476778328419
17,B,persist,fx_level_z_252,-0.0010080398060381413
17,B,underwater,kospi_return_1d,-0.0007122022216208279
17,B,underwater,fx_level_z_252,-0.0034514782018959522
17,alpha,,kospi_return_1d,0.014073530212044716
17,alpha,,fx_level_z_252,-0.009156483225524426
18,beta,momentum,,0.03718460723757744
18,beta,persist,,0.04359886050224304
18,beta,underwater,,-0.004054038319736719
18,B,momentum,kospi_return_1d,-0.007778651546686888
18,B,momentum,fx_level_z_252,-0.005896152928471565
18,B,persist,kospi_return_1d,0.009533224627375603
18,B,persist,fx_level_z_252,-0.00127061374951154
18,B,underwater,kospi_return_1d,-0.0008129027555696666
18,B,underwater,fx_level_z_252,-0.0034805701579898596
18,alpha,,kospi_return_1d,0.012668206356465816
18,alpha,,fx_level_z_252,-0.009484019130468369
19,beta,momentum,,0.0387946292757988
19,beta,persist,,0.045095983892679214
19,beta,underwater,,-0.002638669917359948
19,B,momentum,kospi_return_1d,-0.006813024170696735
19,B,momentum,fx_level_z_252,-0.007431676611304283
19,B,persist,kospi_return_1d,0.010658292099833488
19,B,persist,fx_level_z_252,-0.00187391706276685
19,B,underwater,kospi_return_1d,-0.0005459603853523731
19,B,underwater,fx_level_z_252,-0.003657431108877063
19,alpha,,kospi_return_1d,0.010461090132594109
19,alpha,,fx_level_z_252,-0.01040294487029314
20,beta,momentum,,0.03983793780207634
20,beta,persist,,0.046319667249917984
20,beta,underwater,,-0.000960680830758065
20,B,momentum,kospi_return_1d,-0.005472262389957905
20,B,momentum,fx_level_z_252,-0.008517480455338955
20,B,persist,kospi_return_1d,0.011809191666543484
20,B,persist,fx_level_z_252,-0.0026108822785317898
20,B,underwater,kospi_return_1d,-0.00040401151636615396
20,B,underwater,fx_level_z_252,-0.003890392603352666
20,alpha,,kospi_return_1d,0.008861840702593327
20,alpha,,fx_level_z_252,-0.010924517177045345
21,beta,momentum,,0.04146208614110947
21,beta,persist,,0.04800024256110191
21,beta,underwater,,0.0007469390402548015
21,B,momentum,kospi_return_1d,-0.003576995339244604
21,B,momentum,fx_level_z_252,-0.008433452807366848
21,B,persist,kospi_return_1d,0.013078652322292328
21,B,persist,fx_level_z_252,-0.002858658554032445
21,B,underwater,kospi_return_1d,-0.00021153438137844205
21,B,underwater,fx_level_z_252,-0.004045324400067329
21,alpha,,kospi_return_1d,0.007500291336327791
21,alpha,,fx_level_z_252,-0.011329850181937218
22,beta,momentum,,0.043067947030067444
22,beta,persist,,0.04983827844262123
22,beta,underwater,,0.002106119878590107
22,B,momentum,kospi_return_1d,-0.001143640372902155
22,B,momentum,fx_level_z_252,-0.007707125972956419
22,B,persist,kospi_return_1d,0.01468466967344284
22,B,persist,fx_level_z_252,-0.0023197014816105366
22,B,underwater,kospi_return_1d,0.00010448330431245267
22,B,underwater,fx_level_z_252,-0.00420399522408843
22,alpha,,kospi_return_1d,0.006610062904655933
22,alpha,,fx_level_z_252,-0.011516344733536243
23,beta,momentum,,0.04404611513018608
23,beta,persist,,0.05165613815188408
23,beta,underwater,,0.0029738747980445623
23,B,momentum,kospi_return_1d,-0.00010062700312118977
23,B,momentum,fx_level_z_252,-0.0065554725006222725
23,B,persist,kospi_return_1d,0.014840006828308105
23,B,persist,fx_level_z_252,-0.0008746390813030303
23,B,underwater,kospi_return_1d,0.0005157427513040602
23,B,underwater,fx_level_z_252,-0.00394712807610631
23,alpha,,kospi_return_1d,0.00653847586363554
23,alpha,,fx_level_z_252,-0.012177868746221066
24,beta,momentum,,0.045490723103284836
24,beta,persist,,0.053233083337545395
24,beta,underwater,,0.003192321630194783
24,B,momentum,kospi_return_1d,-0.0010605636052787304
24,B,momentum,fx_level_z_252,-0.005882621742784977
24,B,persist,kospi_return_1d,0.01391670759767294
24,B,persist,fx_level_z_252,0.0004409315879456699
24,B,underwater,kospi_return_1d,0.0011598931159824133
24,B,underwater,fx_level_z_252,-0.0032487628050148487
24,alpha,,kospi_return_1d,0.007053422275930643
24,alpha,,fx_level_z_252,-0.01307170744985342
25,beta,momentum,,0.04648536071181297
25,beta,persist,,0.0541064515709877
25,beta,underwater,,0.003011075546965003
25,B,momentum,kospi_return_1d,-0.002056271070614457
25,B,momentum,fx_level_z_252,-0.006910901516675949
25,B,persist,kospi_return_1d,0.013285737484693527
25,B,persist,fx_level_z_252,0.0005067447200417519
25,B,underwater,kospi_return_1d,0.001718698302283883
25,B,underwater,fx_level_z_252,-0.002449957886710763
25,alpha,,kospi_return_1d,0.007202980108559132
25,alpha,,fx_level_z_252,-0.014693282544612885
26,beta,momentum,,0.046692486852407455
26,beta,persist,,0.054460763931274414
26,beta,underwater,,0.0028060462791472673
26,B,momentum,kospi_return_1d,-0.0029852455481886864
26,B,momentum,fx_level_z_252,-0.008142043836414814
26,B,persist,kospi_return_1d,0.012998703867197037
26,B,persist,fx_level_z_252,-0.0003630351566243917
26,B,underwater,kospi_return_1d,0.002106740837916732
26,B,underwater,fx_level_z_252,-0.0018434340599924326
26,alpha,,kospi_return_1d,0.007135380990803242
26,alpha,,fx_level_z_252,-0.016705743968486786
27,beta,momentum,,0.04692735895514488
27,beta,persist,,0.055040210485458374
27,beta,underwater,,0.0021244080271571875
27,B,momentum,kospi_return_1d,-0.0041898987255990505
27,B,momentum,fx_level_z_252,-0.00944619532674551
27,B,persist,kospi_return_1d,0.0125587685033679
27,B,persist,fx_level_z_252,-0.0006597380270250142
27,B,underwater,kospi_return_1d,0.0026357192546129227
27,B,underwater,fx_level_z_252,-0.0014507706509903073
27,alpha,,kospi_return_1d,0.006870944984257221
27,alpha,,fx_level_z_252,-0.018623679876327515
28,beta,momentum,,0.04724837467074394
28,beta,persist,,0.05617262423038483
28,beta,underwater,,0.0006672757444903255
28,B,momentum,kospi_return_1d,-0.004877159837633371
28,B,momentum,fx_level_z_252,-0.010397272184491158
28,B,persist,kospi_return_1d,0.011758873239159584
28,B,persist,fx_level_z_252,-0.0006699786754325032
28,B,underwater,kospi_return_1d,0.0034131675492972136
28,B,underwater,fx_level_z_252,-0.0016600975068286061
28,alpha,,kospi_return_1d,0.0067922757007181644
28,alpha,,fx_level_z_252,-0.020134344696998596
29,beta,momentum,,0.04801302030682564
29,beta,persist,,0.057063739746809006
29,beta,underwater,,-0.0003478978178463876
29,B,momentum,kospi_return_1d,-0.005336879286915064
29,B,momentum,fx_level_z_252,-0.010921728797256947
29,B,persist,kospi_return_1d,0.011091041378676891
29,B,persist,fx_level_z_252,-0.0007120883092284203
29,B,underwater,kospi_return_1d,0.003650511847808957
29,B,underwater,fx_level_z_252,-0.0018296398920938373
29,alpha,,kospi_return_1d,0.0065227774903178215
29,alpha,,fx_level_z_252,-0.021060531958937645
30,beta,momentum,,0.04972163587808609
30,beta,persist,,0.0576690174639225
30,beta,underwater,,-0.0008169578504748642
30,B,momentum,kospi_return_1d,-0.0050779529847204685
30,B,momentum,fx_level_z_252,-0.011881104670464993
30,B,persist,kospi_return_1d,0.010412144474685192
30,B,persist,fx_level_z_252,-0.0009422288276255131
30,B,underwater,kospi_return_1d,0.003171690506860614
30,B,underwater,fx_level_z_252,-0.0015784690622240305
30,alpha,,kospi_return_1d,0.00627529714256525
30,alpha,,fx_level_z_252,-0.02185887284576893
31,beta,momentum,,0.05117078870534897
31,beta,persist,,0.058472953736782074
31,beta,underwater,,-0.0006944763008505106
31,B,momentum,kospi_return_1d,-0.005238841753453016
31,B,momentum,fx_level_z_252,-0.0117159029468894
31,B,persist,kospi_return_1d,0.009855941869318485
31,B,persist,fx_level_z_252,-0.0008634051191620529
31,B,underwater,kospi_return_1d,0.0023828831035643816
31,B,underwater,fx_level_z_252,-0.001068347948603332
31,alpha,,kospi_return_1d,0.005774333607405424
31,alpha,,fx_level_z_252,-0.0217119250446558
32,beta,momentum,,0.05202065780758858
32,beta,persist,,0.059185657650232315
32,beta,underwater,,-0.0006408069748431444
32,B,momentum,kospi_return_1d,-0.004688565619289875
32,B,momentum,fx_level_z_252,-0.011831331998109818
32,B,persist,kospi_return_1d,0.009805893525481224
32,B,persist,fx_level_z_252,-0.0007602021796628833
32,B,underwater,kospi_return_1d,0.0011935055954381824
32,B,underwater,fx_level_z_252,-0.0008993337396532297
32,alpha,,kospi_return_1d,0.005471684504300356
32,alpha,,fx_level_z_252,-0.02128954418003559
33,beta,momentum,,0.05237799137830734
33,beta,persist,,0.059557121247053146
33,beta,underwater,,-0.0004006737726740539
33,B,momentum,kospi_return_1d,-0.0042252736166119576
33,B,momentum,fx_level_z_252,-0.01164163462817669
33,B,persist,kospi_return_1d,0.009883454069495201
33,B,persist,fx_level_z_252,-0.0006012882222421467
33,B,underwater,kospi_return_1d,1.1329801054671407e-05
33,B,underwater,fx_level_z_252,-0.00093128252774477
33,alpha,,kospi_return_1d,0.0054135797545313835
33,alpha,,fx_level_z_252,-0.02061808854341507
34,beta,momentum,,0.05141274631023407
34,beta,persist,,0.05955466628074646
34,beta,underwater,,-0.0002476168447174132
34,B,momentum,kospi_return_1d,-0.00478085782378912
34,B,momentum,fx_level_z_252,-0.010756205767393112
34,B,persist,kospi_return_1d,0.009793664328753948
34,B,persist,fx_level_z_252,-0.00039140949957072735
34,B,underwater,kospi_return_1d,-0.0007662404095754027
34,B,underwater,fx_level_z_252,-0.0014137770049273968
34,alpha,,kospi_return_1d,0.005126315169036388
34,alpha,,fx_level_z_252,-0.019476568326354027
35,beta,momentum,,0.05039330571889877
35,beta,persist,,0.059433888643980026
35,beta,underwater,,4.392064147396013e-05
35,B,momentum,kospi_return_1d,-0.005035653244704008
35,B,momentum,fx_level_z_252,-0.010184595361351967
35,B,persist,kospi_return_1d,0.009794121608138084
35,B,persist,fx_level_z_252,-0.0008586558396928012
35,B,underwater,kospi_return_1d,-0.0013263188302516937
35,B,underwater,fx_level_z_252,-0.0019652601331472397
35,alpha,,kospi_return_1d,0.004620927385985851
35,alpha,,fx_level_z_252,-0.01901690661907196
36,beta,momentum,,0.049511320888996124
36,beta,persist,,0.0591357946395874
36,beta,underwater,,0.00041539763333275914
36,B,momentum,kospi_return_1d,-0.004044294822961092
36,B,momentum,fx_level_z_252,-0.009610130451619625
36,B,persist,kospi_return_1d,0.010082731023430824
36,B,persist,fx_level_z_252,-0.0007856662850826979
36,B,underwater,kospi_return_1d,-0.001617911970242858
36,B,underwater,fx_level_z_252,-0.002035893499851227
36,alpha,,kospi_return_1d,0.004016667138785124
36,alpha,,fx_level_z_252,-0.01920170523226261
37,beta,momentum,,0.04849116504192352
37,beta,persist,,0.05819659307599068
37,beta,underwater,,0.0004407383967190981
37,B,momentum,kospi_return_1d,-0.0024144581984728575
37,B,momentum,fx_level_z_252,-0.00876859575510025
37,B,persist,kospi_return_1d,0.01138937659561634
37,B,persist,fx_level_z_252,0.0002774924214463681
37,B,underwater,kospi_return_1d,-0.0014081057161092758
37,B,underwater,fx_level_z_252,-0.0019155570771545172
37,alpha,,kospi_return_1d,0.003313257824629545
37,alpha,,fx_level_z_252,-0.019264480099081993
38,beta,momentum,,0.04782087355852127
38,beta,persist,,0.05773238092660904
38,beta,underwater,,0.0004246676107868552
38,B,momentum,kospi_return_1d,-0.0015173588180914521
38,B,momentum,fx_level_z_252,-0.008232499472796917
38,B,persist,kospi_return_1d,0.01219699066132307
38,B,persist,fx_level_z_252,0.0007508370326831937
38,B,underwater,kospi_return_1d,-0.0011655415873974562
38,B,underwater,fx_level_z_252,-0.001974967774003744
38,alpha,,kospi_return_1d,0.0027309241704642773
38,alpha,,fx_level_z_252,-0.01916543021798134
39,beta,momentum,,0.047691311687231064
39,beta,persist,,0.0578133687376976
39,beta,underwater,,6.953181582503021e-05
39,B,momentum,kospi_return_1d,-0.0009818801190704107
39,B,momentum,fx_level_z_252,-0.007954461500048637
39,B,persist,kospi_return_1d,0.013273254968225956
39,B,persist,fx_level_z_252,0.0009641359210945666
39,B,underwater,kospi_return_1d,-0.0007459918851964176
39,B,underwater,fx_level_z_252,-0.0021800107788294554
39,alpha,,kospi_return_1d,0.0024077247362583876
39,alpha,,fx_level_z_252,-0.018430031836032867
40,beta,momentum,,0.0477011539041996
40,beta,persist,,0.05858020484447479
40,beta,underwater,,-0.00047457366599701345
40,B,momentum,kospi_return_1d,-0.0004187249578535557
40,B,momentum,fx_level_z_252,-0.008359981700778008
40,B,persist,kospi_return_1d,0.015129625797271729
40,B,persist,fx_level_z_252,0.00042899581603705883
40,B,underwater,kospi_return_1d,-0.00033938215347006917
40,B,underwater,fx_level_z_252,-0.0022518818732351065
40,alpha,,kospi_return_1d,0.002089013112708926
40,alpha,,fx_level_z_252,-0.018233347684144974
41,beta,momentum,,0.047420427203178406
41,beta,persist,,0.05944913253188133
41,beta,underwater,,-0.00040113370050676167
41,B,momentum,kospi_return_1d,-0.00025567589909769595
41,B,momentum,fx_level_z_252,-0.008653737604618073
41,B,persist,kospi_return_1d,0.016013095155358315
41,B,persist,fx_level_z_252,-0.0005734317237511277
41,B,underwater,kospi_return_1d,0.0001168722374131903
41,B,underwater,fx_level_z_252,-0.002234293147921562
41,alpha,,kospi_return_1d,0.0014397809281945229
41,alpha,,fx_level_z_252,-0.018492568284273148
42,beta,momentum,,0.04685359075665474
42,beta,persist,,0.060259249061346054
42,beta,underwater,,-7.977443601703271e-05
42,B,momentum,kospi_return_1d,-0.0009900116128847003
42,B,momentum,fx_level_z_252,-0.008854535408318043
42,B,persist,kospi_return_1d,0.015793509781360626
42,B,persist,fx_level_z_252,-0.0015136071015149355
42,B,underwater,kospi_return_1d,0.0008360327919945121
42,B,underwater,fx_level_z_252,-0.0024127012584358454
42,alpha,,kospi_return_1d,0.0008220168529078364
42,alpha,,fx_level_z_252,-0.01865210011601448
43,beta,momentum,,0.0463126040995121
43,beta,persist,,0.06121646985411644
43,beta,underwater,,9.33780538616702e-05
43,B,momentum,kospi_return_1d,-0.001981699140742421
43,B,momentum,fx_level_z_252,-0.00921042263507843
43,B,persist,kospi_return_1d,0.015281843952834606
43,B,persist,fx_level_z_252,-0.002198766218498349
43,B,underwater,kospi_return_1d,0.0013254504883661866
43,B,underwater,fx_level_z_252,-0.0025384556502103806
43,alpha,,kospi_return_1d,0.0007705242605879903
43,alpha,,fx_level_z_252,-0.01823420636355877
44,beta,momentum,,0.04573216661810875
44,beta,persist,,0.06189694255590439
44,beta,underwater,,0.0003182748332619667
44,B,momentum,kospi_return_1d,-0.0026643676683306694
44,B,momentum,fx_level_z_252,-0.009290607646107674
44,B,persist,kospi_return_1d,0.01451196800917387
44,B,persist,fx_level_z_252,-0.0027991815004497766
44,B,underwater,kospi_return_1d,0.0016217870870605111
44,B,underwater,fx_level_z_252,-0.002542271511629224
44,alpha,,kospi_return_1d,0.0009882303420454264
44,alpha,,fx_level_z_252,-0.018109895288944244
45,beta,momentum,,0.045010291039943695
45,beta,persist,,0.06220674887299538
45,beta,underwater,,0.0007956807967275381
45,B,momentum,kospi_return_1d,-0.0034403579775243998
45,B,momentum,fx_level_z_252,-0.009505786001682281
45,B,persist,kospi_return_1d,0.013623532839119434
45,B,persist,fx_level_z_252,-0.0035216344986110926
45,B,underwater,kospi_return_1d,0.0017841128865256906
45,B,underwater,fx_level_z_252,-0.0021909228526055813
45,alpha,,kospi_return_1d,0.0011815683683380485
45,alpha,,fx_level_z_252,-0.018781356513500214
46,beta,momentum,,0.04414227232336998
46,beta,persist,,0.06263338029384613
46,beta,underwater,,0.0017831496661528945
46,B,momentum,kospi_return_1d,-0.0041504004038870335
46,B,momentum,fx_level_z_252,-0.009549417532980442
46,B,persist,kospi_return_1d,0.013479131273925304
46,B,persist,fx_level_z_252,-0.004167209379374981
46,B,underwater,kospi_return_1d,0.001767482259310782
46,B,underwater,fx_level_z_252,-0.001841248944401741
46,alpha,,kospi_return_1d,0.0010093190940096974
46,alpha,,fx_level_z_252,-0.01947496272623539
47,beta,momentum,,0.04311881214380264
47,beta,persist,,0.0637333020567894
47,beta,underwater,,0.0026922498364001513
47,B,momentum,kospi_return_1d,-0.00472924904897809
47,B,momentum,fx_level_z_252,-0.009711681865155697
47,B,persist,kospi_return_1d,0.014652542769908905
47,B,persist,fx_level_z_252,-0.005235970951616764
47,B,underwater,kospi_return_1d,0.0013872922863811255
47,B,underwater,fx_level_z_252,-0.001983949914574623
47,alpha,,kospi_return_1d,0.0006577781168743968
47,alpha,,fx_level_z_252,-0.018944086506962776
48,beta,momentum,,0.0419410839676857
48,beta,persist,,0.06429631263017654
48,beta,underwater,,0.004613419994711876
48,B,momentum,kospi_return_1d,-0.0052886102348566055
48,B,momentum,fx_level_z_252,-0.0095803402364254
48,B,persist,kospi_return_1d,0.01590355671942234
48,B,persist,fx_level_z_252,-0.00623912550508976
48,B,underwater,kospi_return_1d,-0.0005785557441413403
48,B,underwater,fx_level_z_252,-0.0014646812342107296
48,alpha,,kospi_return_1d,0.00020220410078763962
48,alpha,,fx_level_z_252,-0.01796581596136093
49,beta,momentum,,0.04103484004735947
49,beta,persist,,0.06402718275785446
49,beta,underwater,,0.008241015486419201
49,B,momentum,kospi_return_1d,-0.005473571829497814
49,B,momentum,fx_level_z_252,-0.009217224083840847
49,B,persist,kospi_return_1d,0.01618867926299572
49,B,persist,fx_level_z_252,-0.007476621773093939
49,B,underwater,kospi_return_1d,-0.0031396846752613783
49,B,underwater,fx_level_z_252,0.0004762044409289956
49,alpha,,kospi_return_1d,-0.00026810477720573545
49,alpha,,fx_level_z_252,-0.01710926741361618
50,beta,momentum,,0.0401235967874527
50,beta,persist,,0.06407010555267334
50,beta,underwater,,0.012039276771247387
50,B,momentum,kospi_return_1d,-0.006086090113967657
50,B,momentum,fx_level_z_252,-0.009352901950478554
50,B,persist,kospi_return_1d,0.016368946060538292
50,B,persist,fx_level_z_252,-0.008499338291585445
50,B,underwater,kospi_return_1d,-0.0052588037215173244
50,B,underwater,fx_level_z_252,0.0026746189687401056
50,alpha,,kospi_return_1d,-0.0004576732753776014
50,alpha,,fx_level_z_252,-0.016259390860795975
51,beta,momentum,,0.04035664349794388
51,beta,persist,,0.06551049649715424
51,beta,underwater,,0.014461636543273926
51,B,momentum,kospi_return_1d,-0.007031208835542202
51,B,momentum,fx_level_z_252,-0.009917828254401684
51,B,persist,kospi_return_1d,0.016537172719836235
51,B,persist,fx_level_z_252,-0.009245594032108784
51,B,underwater,kospi_return_1d,-0.006461432669311762
51,B,underwater,fx_level_z_252,0.0037644498515874147
51,alpha,,kospi_return_1d,0.0004303351743146777
51,alpha,,fx_level_z_252,-0.01486796885728836
52,beta,momentum,,0.0399107001721859
52,beta,persist,,0.06654813885688782
52,beta,underwater,,0.015945598483085632
52,B,momentum,kospi_return_1d,-0.00787750631570816
52,B,momentum,fx_level_z_252,-0.011095546185970306
52,B,persist,kospi_return_1d,0.015307655557990074
52,B,persist,fx_level_z_252,-0.009522605687379837
52,B,underwater,kospi_return_1d,-0.006751441862434149
52,B,underwater,fx_level_z_252,0.004200835712254047
52,alpha,,kospi_return_1d,0.0017180271679535508
52,alpha,,fx_level_z_252,-0.013853918761014938
53,beta,momentum,,0.03968960791826248
53,beta,persist,,0.06767592579126358
53,beta,underwater,,0.01675054430961609
53,B,momentum,kospi_return_1d,-0.0079398974776268
53,B,momentum,fx_level_z_252,-0.012672635726630688
53,B,persist,kospi_return_1d,0.014484581537544727
53,B,persist,fx_level_z_252,-0.009749794378876686
53,B,underwater,kospi_return_1d,-0.006113419309258461
53,B,underwater,fx_level_z_252,0.004499037284404039
53,alpha,,kospi_return_1d,0.0022696435917168856
53,alpha,,fx_level_z_252,-0.012755326926708221
54,beta,momentum,,0.040315963327884674
54,beta,persist,,0.0689014419913292
54,beta,underwater,,0.017027778550982475
54,B,momentum,kospi_return_1d,-0.006119436118751764
54,B,momentum,fx_level_z_252,-0.014275779947638512
54,B,persist,kospi_return_1d,0.014455704018473625
54,B,persist,fx_level_z_252,-0.009969385340809822
54,B,underwater,kospi_return_1d,-0.004423392936587334
54,B,underwater,fx_level_z_252,0.0042535425163805485
54,alpha,,kospi_return_1d,0.001558631076477468
54,alpha,,fx_level_z_252,-0.01202947087585926
55,beta,momentum,,0.04078780114650726
55,beta,persist,,0.06992808729410172
55,beta,underwater,,0.01697816327214241
55,B,momentum,kospi_return_1d,-0.005276001524180174
55,B,momentum,fx_level_z_252,-0.015135815367102623
55,B,persist,kospi_return_1d,0.01389163825660944
55,B,persist,fx_level_z_252,-0.010045194067060947
55,B,underwater,kospi_return_1d,-0.00237912661395967
55,B,underwater,fx_level_z_252,0.003673352301120758
55,alpha,,kospi_return_1d,0.0013434924185276031
55,alpha,,fx_level_z_252,-0.011685051023960114
56,beta,momentum,,0.04098321124911308
56,beta,persist,,0.07061165571212769
56,beta,underwater,,0.017078610137104988
56,B,momentum,kospi_return_1d,-0.00488381739705801
56,B,momentum,fx_level_z_252,-0.015187463723123074
56,B,persist,kospi_return_1d,0.013442511670291424
56,B,persist,fx_level_z_252,-0.009835310280323029
56,B,underwater,kospi_return_1d,-0.00039587041828781366
56,B,underwater,fx_level_z_252,0.002942749997600913
56,alpha,,kospi_return_1d,0.001407379750162363
56,alpha,,fx_level_z_252,-0.011495217680931091
57,beta,momentum,,0.040722280740737915
57,beta,persist,,0.07137937843799591
57,beta,underwater,,0.01687106490135193
57,B,momentum,kospi_return_1d,-0.004749659448862076
57,B,momentum,fx_level_z_252,-0.014532276429235935
57,B,persist,kospi_return_1d,0.013299551792442799
57,B,persist,fx_level_z_252,-0.009539509192109108
57,B,underwater,kospi_return_1d,0.0013041470665484667
57,B,underwater,fx_level_z_252,0.0022020204924046993
57,alpha,,kospi_return_1d,0.0015369708416983485
57,alpha,,fx_level_z_252,-0.011619686149060726
58,beta,momentum,,0.040215857326984406
58,beta,persist,,0.072100929915905
58,beta,underwater,,0.016324235126376152
58,B,momentum,kospi_return_1d,-0.005038403905928135
58,B,momentum,fx_level_z_252,-0.01338814478367567
58,B,persist,kospi_return_1d,0.013007090426981449
58,B,persist,fx_level_z_252,-0.009396890178322792
58,B,underwater,kospi_return_1d,0.002603576285764575
58,B,underwater,fx_level_z_252,0.0017160794232040644
58,alpha,,kospi_return_1d,0.0016649267636239529
58,alpha,,fx_level_z_252,-0.01249460969120264
59,beta,momentum,,0.039242297410964966
59,beta,persist,,0.07249131798744202
59,beta,underwater,,0.016038088127970695
59,B,momentum,kospi_return_1d,-0.00603419728577137
59,B,momentum,fx_level_z_252,-0.012266230769455433
59,B,persist,kospi_return_1d,0.012520789168775082
59,B,persist,fx_level_z_252,-0.009334995411336422
59,B,underwater,kospi_return_1d,0.0037552881985902786
59,B,underwater,fx_level_z_252,0.0012188168475404382
59,alpha,,kospi_return_1d,0.0011930713662877679
59,alpha,,fx_level_z_252,-0.013192104175686836
60,beta,momentum,,0.03871361166238785
60,beta,persist,,0.07266174256801605
60,beta,underwater,,0.015895072370767593
60,B,momentum,kospi_return_1d,-0.006876369472593069
60,B,momentum,fx_level_z_252,-0.01162380538880825
60,B,persist,kospi_return_1d,0.012111907824873924
60,B,persist,fx_level_z_252,-0.008905453607439995
60,B,underwater,kospi_return_1d,0.004500421229749918
60,B,underwater,fx_level_z_252,0.00043604406528174877
60,alpha,,kospi_return_1d,0.0006975648575462401
60,alpha,,fx_level_z_252,-0.013864973559975624
61,beta,momentum,,0.038466811180114746
61,beta,persist,,0.07250287383794785
61,beta,underwater,,0.01599261909723282
61,B,momentum,kospi_return_1d,-0.007630208972841501
61,B,momentum,fx_level_z_252,-0.010115617886185646
61,B,persist,kospi_return_1d,0.011241745203733444
61,B,persist,fx_level_z_252,-0.007849960587918758
61,B,underwater,kospi_return_1d,0.004725777078419924
61,B,underwater,fx_level_z_252,-0.0010351556120440364
61,alpha,,kospi_return_1d,0.0005113594816066325
61,alpha,,fx_level_z_252,-0.01441008411347866
62,beta,momentum,,0.03761281445622444
62,beta,persist,,0.07075365632772446
62,beta,underwater,,0.016199475154280663
62,B,momentum,kospi_return_1d,-0.009211607277393341
62,B,momentum,fx_level_z_252,-0.007857694290578365
62,B,persist,kospi_return_1d,0.009296602569520473
62,B,persist,fx_level_z_252,-0.007559159770607948
62,B,underwater,kospi_return_1d,0.004922790918499231
62,B,underwater,fx_level_z_252,-0.001990330871194601
62,alpha,,kospi_return_1d,0.000747177517041564
62,alpha,,fx_level_z_252,-0.015851490199565887
63,beta,momentum,,0.037498317658901215
63,beta,persist,,0.0698002353310585
63,beta,underwater,,0.016139836981892586
63,B,momentum,kospi_return_1d,-0.009970327839255333
63,B,momentum,fx_level_z_252,-0.005853962153196335
63,B,persist,kospi_return_1d,0.007946589961647987
63,B,persist,fx_level_z_252,-0.007316480856388807
63,B,underwater,kospi_return_1d,0.004438919015228748
63,B,underwater,fx_level_z_252,-0.0026570437476038933
63,alpha,,kospi_return_1d,0.0013161165406927466
63,alpha,,fx_level_z_252,-0.01697433367371559
64,beta,momentum,,0.03761822357773781
64,beta,persist,,0.06905383616685867
64,beta,underwater,,0.015979688614606857
64,B,momentum,kospi_return_1d,-0.009275472722947598
64,B,momentum,fx_level_z_252,-0.004588186275213957
64,B,persist,kospi_return_1d,0.00725787878036499
64,B,persist,fx_level_z_252,-0.00728061655536294
64,B,underwater,kospi_return_1d,0.0032346330117434263
64,B,underwater,fx_level_z_252,-0.002921940525993705
64,alpha,,kospi_return_1d,0.0027217890601605177
64,alpha,,fx_level_z_252,-0.01799766905605793
65,beta,momentum,,0.03771834075450897
65,beta,persist,,0.0692669078707695
65,beta,underwater,,0.015533624216914177
65,B,momentum,kospi_return_1d,-0.008456570096313953
65,B,momentum,fx_level_z_252,-0.003969149198383093
65,B,persist,kospi_return_1d,0.007355390582233667
65,B,persist,fx_level_z_252,-0.007342820055782795
65,B,underwater,kospi_return_1d,0.0022772024385631084
65,B,underwater,fx_level_z_252,-0.0032604846637696028
65,alpha,,kospi_return_1d,0.0035486037377268076
65,alpha,,fx_level_z_252,-0.017834046855568886
66,beta,momentum,,0.0379762277007103
66,beta,persist,,0.07021312415599823
66,beta,underwater,,0.014839391224086285
66,B,momentum,kospi_return_1d,-0.007055911235511303
66,B,momentum,fx_level_z_252,-0.0034469328820705414
66,B,persist,kospi_return_1d,0.00881569366902113
66,B,persist,fx_level_z_252,-0.007003407459706068
66,B,underwater,kospi_return_1d,0.0011851550079882145
66,B,underwater,fx_level_z_252,-0.0037595441099256277
66,alpha,,kospi_return_1d,0.004946771543473005
66,alpha,,fx_level_z_252,-0.017216751351952553
67,beta,momentum,,0.0390794463455677
67,beta,persist,,0.07083076238632202
67,beta,underwater,,0.014371087774634361
67,B,momentum,kospi_return_1d,-0.005558311007916927
67,B,momentum,fx_level_z_252,-0.0017742807976901531
67,B,persist,kospi_return_1d,0.009692017920315266
67,B,persist,fx_level_z_252,-0.00785140786319971
67,B,underwater,kospi_return_1d,0.00034056714503094554
67,B,underwater,fx_level_z_252,-0.003767508314922452
67,alpha,,kospi_return_1d,0.006364031694829464
67,alpha,,fx_level_z_252,-0.017441222444176674
68,beta,momentum,,0.03961635380983353
68,beta,persist,,0.07107115536928177
68,beta,underwater,,0.014057502150535583
68,B,momentum,kospi_return_1d,-0.004905485548079014
68,B,momentum,fx_level_z_252,-1.0875926818698645e-05
68,B,persist,kospi_return_1d,0.009909355081617832
68,B,persist,fx_level_z_252,-0.0076720635406672955
68,B,underwater,kospi_return_1d,-0.0001599540119059384
68,B,underwater,fx_level_z_252,-0.004028934985399246
68,alpha,,kospi_return_1d,0.007197162136435509
68,alpha,,fx_level_z_252,-0.017315879464149475
69,beta,momentum,,0.039641231298446655
69,beta,persist,,0.070827417075634
69,beta,underwater,,0.013849000446498394
69,B,momentum,kospi_return_1d,-0.004830243065953255
69,B,momentum,fx_level_z_252,0.0013831714168190956
69,B,persist,kospi_return_1d,0.009369946084916592
69,B,persist,fx_level_z_252,-0.006805431097745895
69,B,underwater,kospi_return_1d,-0.00019517808686941862
69,B,underwater,fx_level_z_252,-0.0044036367908120155
69,alpha,,kospi_return_1d,0.007102471776306629
69,alpha,,fx_level_z_252,-0.01691495068371296
70,beta,momentum,,0.03917907923460007
70,beta,persist,,0.07019726932048798
70,beta,underwater,,0.013802419416606426
70,B,momentum,kospi_return_1d,-0.004608874209225178
70,B,momentum,fx_level_z_252,0.0017109178006649017
70,B,persist,kospi_return_1d,0.009001270867884159
70,B,persist,fx_level_z_252,-0.006217834074050188
70,B,underwater,kospi_return_1d,-0.0002940546546597034
70,B,underwater,fx_level_z_252,-0.004995721857994795
70,alpha,,kospi_return_1d,0.006824699696153402
70,alpha,,fx_level_z_252,-0.016058824956417084
71,beta,momentum,,0.03883359208703041
71,beta,persist,,0.06989094614982605
71,beta,underwater,,0.01336703822016716
71,B,momentum,kospi_return_1d,-0.004543629940599203
71,B,momentum,fx_level_z_252,0.0014386469265446067
71,B,persist,kospi_return_1d,0.008539899252355099
71,B,persist,fx_level_z_252,-0.005753401201218367
71,B,underwater,kospi_return_1d,0.00014068110613152385
71,B,underwater,fx_level_z_252,-0.005782098975032568
71,alpha,,kospi_return_1d,0.007153862621635199
71,alpha,,fx_level_z_252,-0.015160338953137398
72,beta,momentum,,0.03847082331776619
72,beta,persist,,0.06989897042512894
72,beta,underwater,,0.012440773658454418
72,B,momentum,kospi_return_1d,-0.004504230804741383
72,B,momentum,fx_level_z_252,0.0012639423366636038
72,B,persist,kospi_return_1d,0.007878703065216541
72,B,persist,fx_level_z_252,-0.005216876044869423
72,B,underwater,kospi_return_1d,0.0015089147491380572
72,B,underwater,fx_level_z_252,-0.006905719637870789
72,alpha,,kospi_return_1d,0.007665929384529591
72,alpha,,fx_level_z_252,-0.014924470335245132
73,beta,momentum,,0.037919528782367706
73,beta,persist,,0.06951911002397537
73,beta,underwater,,0.011810792610049248
73,B,momentum,kospi_return_1d,-0.004915435798466206
73,B,momentum,fx_level_z_252,0.001692106481641531
73,B,persist,kospi_return_1d,0.0073046269826591015
73,B,persist,fx_level_z_252,-0.004336295649409294
73,B,underwater,kospi_return_1d,0.002101292833685875
73,B,underwater,fx_level_z_252,-0.007998304441571236
73,alpha,,kospi_return_1d,0.007618169765919447
73,alpha,,fx_level_z_252,-0.014869820326566696
74,beta,momentum,,0.03686278685927391
74,beta,persist,,0.0685531422495842
74,beta,underwater,,0.01215441059321165
74,B,momentum,kospi_return_1d,-0.005425312090665102
74,B,momentum,fx_level_z_252,0.002131507731974125
74,B,persist,kospi_return_1d,0.0068688951432704926
74,B,persist,fx_level_z_252,-0.0030083158053457737
74,B,underwater,kospi_return_1d,0.0023883439134806395
74,B,underwater,fx_level_z_252,-0.009321724995970726
74,alpha,,kospi_return_1d,0.007270825561136007
74,alpha,,fx_level_z_252,-0.015631837770342827
75,beta,momentum,,0.035865120589733124
75,beta,persist,,0.06820240616798401
75,beta,underwater,,0.012653551995754242
75,B,momentum,kospi_return_1d,-0.00560503825545311
75,B,momentum,fx_level_z_252,0.002364262007176876
75,B,persist,kospi_return_1d,0.006811282131820917
75,B,persist,fx_level_z_252,-0.0024953773245215416
75,B,underwater,kospi_return_1d,0.002269159071147442
75,B,underwater,fx_level_z_252,-0.010012287646532059
75,alpha,,kospi_return_1d,0.006994675379246473
75,alpha,,fx_level_z_252,-0.016666727140545845
76,beta,momentum,,0.035409148782491684
76,beta,persist,,0.06890317052602768
76,beta,underwater,,0.012684717774391174
76,B,momentum,kospi_return_1d,-0.005834211595356464
76,B,momentum,fx_level_z_252,0.0027190663386136293
76,B,persist,kospi_return_1d,0.00755934976041317
76,B,persist,fx_level_z_252,-0.0027386166620999575
76,B,underwater,kospi_return_1d,0.0016806089552119374
76,B,underwater,fx_level_z_252,-0.010398857295513153
76,alpha,,kospi_return_1d,0.007084568031132221
76,alpha,,fx_level_z_252,-0.017307640984654427
77,beta,momentum,,0.035657208412885666
77,beta,persist,,0.06955747306346893
77,beta,underwater,,0.012578184716403484
77,B,momentum,kospi_return_1d,-0.006460464559495449
77,B,momentum,fx_level_z_252,0.0033029410988092422
77,B,persist,kospi_return_1d,0.008162189275026321
77,B,persist,fx_level_z_252,-0.0030054613016545773
77,B,underwater,kospi_return_1d,0.0012578284367918968
77,B,underwater,fx_level_z_252,-0.010834912769496441
77,alpha,,kospi_return_1d,0.006730535998940468
77,alpha,,fx_level_z_252,-0.01706089824438095
78,beta,momentum,,0.03563610464334488
78,beta,persist,,0.07015711069107056
78,beta,underwater,,0.012360114604234695
78,B,momentum,kospi_return_1d,-0.007352788001298904
78,B,momentum,fx_level_z_252,0.0037041781470179558
78,B,persist,kospi_return_1d,0.009180422872304916
78,B,persist,fx_level_z_252,-0.0036128333304077387
78,B,underwater,kospi_return_1d,0.0009826082969084382
78,B,underwater,fx_level_z_252,-0.011049197986721992
78,alpha,,kospi_return_1d,0.006234259810298681
78,alpha,,fx_level_z_252,-0.016569694504141808
79,beta,momentum,,0.036206357181072235
79,beta,persist,,0.07105162739753723
79,beta,underwater,,0.01198576670140028
79,B,momentum,kospi_return_1d,-0.007574603892862797
79,B,momentum,fx_level_z_252,0.0044598085805773735
79,B,persist,kospi_return_1d,0.010282807983458042
79,B,persist,fx_level_z_252,-0.0041057756170630455
79,B,underwater,kospi_return_1d,0.0007875522132962942
79,B,underwater,fx_level_z_252,-0.011474452912807465
79,alpha,,kospi_return_1d,0.005881054792553186
79,alpha,,fx_level_z_252,-0.015523779205977917
80,beta,momentum,,0.03674396127462387
80,beta,persist,,0.0713658407330513
80,beta,underwater,,0.011467281728982925
80,B,momentum,kospi_return_1d,-0.006533563602715731
80,B,momentum,fx_level_z_252,0.003913681488484144
80,B,persist,kospi_return_1d,0.011416904628276825
80,B,persist,fx_level_z_252,-0.005296287126839161
80,B,underwater,kospi_return_1d,-8.523795986548066e-05
80,B,underwater,fx_level_z_252,-0.01185721904039383
80,alpha,,kospi_return_1d,0.00673397071659565
80,alpha,,fx_level_z_252,-0.014499561861157417
81,beta,momentum,,0.03729136660695076
81,beta,persist,,0.07152561843395233
81,beta,underwater,,0.011185593903064728
81,B,momentum,kospi_return_1d,-0.005913643166422844
81,B,momentum,fx_level_z_252,0.002694680355489254
81,B,persist,kospi_return_1d,0.011958116665482521
81,B,persist,fx_level_z_252,-0.006094273645430803
81,B,underwater,kospi_return_1d,-0.0006247476558201015
81,B,underwater,fx_level_z_252,-0.012035327032208443
81,alpha,,kospi_return_1d,0.007366301026195288
81,alpha,,fx_level_z_252,-0.014164000749588013
82,beta,momentum,,0.03746667131781578
82,beta,persist,,0.07159005850553513
82,beta,underwater,,0.011053968220949173
82,B,momentum,kospi_return_1d,-0.005538472905755043
82,B,momentum,fx_level_z_252,0.0013217473169788718
82,B,persist,kospi_return_1d,0.012320217676460743
82,B,persist,fx_level_z_252,-0.0068152123130857944
82,B,underwater,kospi_return_1d,-0.0011015236377716064
82,B,underwater,fx_level_z_252,-0.011949663981795311
82,alpha,,kospi_return_1d,0.007588617037981749
82,alpha,,fx_level_z_252,-0.014223731122910976
83,beta,momentum,,0.03715619444847107
83,beta,persist,,0.0715753436088562
83,beta,underwater,,0.01118610892444849
83,B,momentum,kospi_return_1d,-0.005437537096440792
83,B,momentum,fx_level_z_252,0.00010710349306464195
83,B,persist,kospi_return_1d,0.012940232641994953
83,B,persist,fx_level_z_252,-0.007105651777237654
83,B,underwater,kospi_return_1d,-0.0019695088267326355
83,B,underwater,fx_level_z_252,-0.012082516215741634
83,alpha,,kospi_return_1d,0.007356905844062567
83,alpha,,fx_level_z_252,-0.014295742847025394
84,beta,momentum,,0.03692030906677246
84,beta,persist,,0.07171076536178589
84,beta,underwater,,0.011184293776750565
84,B,momentum,kospi_return_1d,-0.005294490605592728
84,B,momentum,fx_level_z_252,-0.0010235568042844534
84,B,persist,kospi_return_1d,0.013300418853759766
84,B,persist,fx_level_z_252,-0.007478850428014994
84,B,underwater,kospi_return_1d,-0.0021311016753315926
84,B,underwater,fx_level_z_252,-0.012045050971210003
84,alpha,,kospi_return_1d,0.007327881176024675
84,alpha,,fx_level_z_252,-0.01447112113237381
85,beta,momentum,,0.036327529698610306
85,beta,persist,,0.07185626029968262
85,beta,underwater,,0.010956844314932823
85,B,momentum,kospi_return_1d,-0.005193321965634823
85,B,momentum,fx_level_z_252,-0.0018199001206085086
85,B,persist,kospi_return_1d,0.013063316233456135
85,B,persist,fx_level_z_252,-0.007818772457540035
85,B,underwater,kospi_return_1d,-0.00175324990414083
85,B,underwater,fx_level_z_252,-0.01203198917210102
85,alpha,,kospi_return_1d,0.007329610642045736
85,alpha,,fx_level_z_252,-0.014851870946586132
86,beta,momentum,,0.03528932109475136
86,beta,persist,,0.07197174429893494
86,beta,underwater,,0.010232950560748577
86,B,momentum,kospi_return_1d,-0.005637332331389189
86,B,momentum,fx_level_z_252,-0.002538309432566166
86,B,persist,kospi_return_1d,0.012599322944879532
86,B,persist,fx_level_z_252,-0.008115749806165695
86,B,underwater,kospi_return_1d,-0.0019653839990496635
86,B,underwater,fx_level_z_252,-0.012496836483478546
86,alpha,,kospi_return_1d,0.007203711196780205
86,alpha,,fx_level_z_252,-0.015367493964731693
87,beta,momentum,,0.03487928956747055
87,beta,persist,,0.07222350686788559
87,beta,underwater,,0.009811311960220337
87,B,momentum,kospi_return_1d,-0.006035238038748503
87,B,momentum,fx_level_z_252,-0.0029469113796949387
87,B,persist,kospi_return_1d,0.012274577282369137
87,B,persist,fx_level_z_252,-0.008248675614595413
87,B,underwater,kospi_return_1d,-0.0018684648675844073
87,B,underwater,fx_level_z_252,-0.012652048841118813
87,alpha,,kospi_return_1d,0.007186586502939463
87,alpha,,fx_level_z_252,-0.01604565419256687
88,beta,momentum,,0.03437778726220131
88,beta,persist,,0.07246784120798111
88,beta,underwater,,0.009224727749824524
88,B,momentum,kospi_return_1d,-0.006372616160660982
88,B,momentum,fx_level_z_252,-0.0030482676811516285
88,B,persist,kospi_return_1d,0.011835327371954918
88,B,persist,fx_level_z_252,-0.007836941629648209
88,B,underwater,kospi_return_1d,-0.0012484191684052348
88,B,underwater,fx_level_z_252,-0.01301097497344017
88,alpha,,kospi_return_1d,0.007141510955989361
88,alpha,,fx_level_z_252,-0.01639976166188717
89,beta,momentum,,0.033604834228754044
89,beta,persist,,0.07287908345460892
89,beta,underwater,,0.00852260272949934
89,B,momentum,kospi_return_1d,-0.006657697260379791
89,B,momentum,fx_level_z_252,-0.003382574301213026
89,B,persist,kospi_return_1d,0.010966463945806026
89,B,persist,fx_level_z_252,-0.007403094787150621
89,B,underwater,kospi_return_1d,9.923431207425892e-05
89,B,underwater,fx_level_z_252,-0.013367686420679092
89,alpha,,kospi_return_1d,0.007185634225606918
89,alpha,,fx_level_z_252,-0.016600798815488815
90,beta,momentum,,0.03257756680250168
90,beta,persist,,0.07267832010984421
90,beta,underwater,,0.008738075383007526
90,B,momentum,kospi_return_1d,-0.007005699910223484
90,B,momentum,fx_level_z_252,-0.00425394531339407
90,B,persist,kospi_return_1d,0.009953413158655167
90,B,persist,fx_level_z_252,-0.00741750281304121
90,B,underwater,kospi_return_1d,0.0011368272826075554
90,B,underwater,fx_level_z_252,-0.012528900988399982
90,alpha,,kospi_return_1d,0.007093871012330055
90,alpha,,fx_level_z_252,-0.016673030331730843
91,beta,momentum,,0.031756483018398285
91,beta,persist,,0.07217789441347122
91,beta,underwater,,0.008831283077597618
91,B,momentum,kospi_return_1d,-0.006621373817324638
91,B,momentum,fx_level_z_252,-0.005129355471581221
91,B,persist,kospi_return_1d,0.00893377885222435
91,B,persist,fx_level_z_252,-0.007031574845314026
91,B,underwater,kospi_return_1d,0.0010753381066024303
91,B,underwater,fx_level_z_252,-0.011858667246997356
91,alpha,,kospi_return_1d,0.006790615152567625
91,alpha,,fx_level_z_252,-0.016747938469052315
92,beta,momentum,,0.031598106026649475
92,beta,persist,,0.07165045291185379
92,beta,underwater,,0.009318298660218716
92,B,momentum,kospi_return_1d,-0.0062047080136835575
92,B,momentum,fx_level_z_252,-0.005821429658681154
92,B,persist,kospi_return_1d,0.008354468271136284
92,B,persist,fx_level_z_252,-0.006760020274668932
92,B,underwater,kospi_return_1d,0.00037802476435899734
92,B,underwater,fx_level_z_252,-0.011167348362505436
92,alpha,,kospi_return_1d,0.006530323531478643
92,alpha,,fx_level_z_252,-0.017099235206842422
93,beta,momentum,,0.031726326793432236
93,beta,persist,,0.07138249278068542
93,beta,underwater,,0.010146290063858032
93,B,momentum,kospi_return_1d,-0.005652369000017643
93,B,momentum,fx_level_z_252,-0.006716875825077295
93,B,persist,kospi_return_1d,0.00820715818554163
93,B,persist,fx_level_z_252,-0.0071450574323534966
93,B,underwater,kospi_return_1d,-0.0006203572265803814
93,B,underwater,fx_level_z_252,-0.010347586125135422
93,alpha,,kospi_return_1d,0.006627545692026615
93,alpha,,fx_level_z_252,-0.01744811423122883
94,beta,momentum,,0.03193560242652893
94,beta,persist,,0.07112227380275726
94,beta,underwater,,0.010334366001188755
94,B,momentum,kospi_return_1d,-0.0050595784559845924
94,B,momentum,fx_level_z_252,-0.007742137182503939
94,B,persist,kospi_return_1d,0.008901519700884819
94,B,persist,fx_level_z_252,-0.008196616545319557
94,B,underwater,kospi_return_1d,-0.0013644328573718667
94,B,underwater,fx_level_z_252,-0.00986773706972599
94,alpha,,kospi_return_1d,0.0071220095269382
94,alpha,,fx_level_z_252,-0.017605414614081383
95,beta,momentum,,0.03198237344622612
95,beta,persist,,0.07152193039655685
95,beta,underwater,,0.010456223972141743
95,B,momentum,kospi_return_1d,-0.00483018858358264
95,B,momentum,fx_level_z_252,-0.008228008635342121
95,B,persist,kospi_return_1d,0.009400550276041031
95,B,persist,fx_level_z_252,-0.009258575737476349
95,B,underwater,kospi_return_1d,-0.001456688973121345
95,B,underwater,fx_level_z_252,-0.009349140338599682
95,alpha,,kospi_return_1d,0.0073055727407336235
95,alpha,,fx_level_z_252,-0.017674827948212624
96,beta,momentum,,0.031805671751499176
96,beta,persist,,0.0720883384346962
96,beta,underwater,,0.010658927261829376
96,B,momentum,kospi_return_1d,-0.004997287876904011
96,B,momentum,fx_level_z_252,-0.008260848931968212
96,B,persist,kospi_return_1d,0.008960278704762459
96,B,persist,fx_level_z_252,-0.00995219312608242
96,B,underwater,kospi_return_1d,-0.0009607566171325743
96,B,underwater,fx_level_z_252,-0.008557221852242947
96,alpha,,kospi_return_1d,0.007381422445178032
96,alpha,,fx_level_z_252,-0.01742461510002613
97,beta,momentum,,0.031182555481791496
97,beta,persist,,0.07258742302656174
97,beta,underwater,,0.011020336300134659
97,B,momentum,kospi_return_1d,-0.005668179132044315
97,B,momentum,fx_level_z_252,-0.007031221408396959
97,B,persist,kospi_return_1d,0.007546287029981613
97,B,persist,fx_level_z_252,-0.00956993643194437
97,B,underwater,kospi_return_1d,-0.00047376955626532435
97,B,underwater,fx_level_z_252,-0.008409869857132435
97,alpha,,kospi_return_1d,0.0072775366716086864
97,alpha,,fx_level_z_252,-0.016397934406995773
98,beta,momentum,,0.03029010444879532
98,beta,persist,,0.07325054705142975
98,beta,underwater,,0.011299711652100086
98,B,momentum,kospi_return_1d,-0.00641946867108345
98,B,momentum,fx_level_z_252,-0.005637101363390684
98,B,persist,kospi_return_1d,0.0066170888021588326
98,B,persist,fx_level_z_252,-0.009231079369783401
98,B,underwater,kospi_return_1d,-5.022124605602585e-05
98,B,underwater,fx_level_z_252,-0.008347253315150738
98,alpha,,kospi_return_1d,0.006953444331884384
98,alpha,,fx_level_z_252,-0.015368534252047539
99,beta,momentum,,0.029605653136968613
99,beta,persist,,0.07364550977945328
99,beta,underwater,,0.011362768709659576
99,B,momentum,kospi_return_1d,-0.0068654767237603664
99,B,momentum,fx_level_z_252,-0.004964442923665047
99,B,persist,kospi_return_1d,0.00560517655685544
99,B,persist,fx_level_z_252,-0.008590422570705414
99,B,underwater,kospi_return_1d,-9.716569911688566e-05
99,B,underwater,fx_level_z_252,-0.008303397335112095
99,alpha,,kospi_return_1d,0.0069109247997403145
99,alpha,,fx_level_z_252,-0.015265336260199547
100,beta,momentum,,0.029083652421832085
100,beta,persist,,0.07393436878919601
100,beta,underwater,,0.011110035702586174
100,B,momentum,kospi_return_1d,-0.007091870531439781
100,B,momentum,fx_level_z_252,-0.004661872982978821
100,B,persist,kospi_return_1d,0.004550729878246784
100,B,persist,fx_level_z_252,-0.008409786969423294
100,B,underwater,kospi_return_1d,-0.0005927527672611177
100,B,underwater,fx_level_z_252,-0.008794252760708332
100,alpha,,kospi_return_1d,0.006516738794744015
100,alpha,,fx_level_z_252,-0.015478129498660564
101,beta,momentum,,0.02860315889120102
101,beta,persist,,0.07382268458604813
101,beta,underwater,,0.011711273342370987
101,B,momentum,kospi_return_1d,-0.006113724317401648
101,B,momentum,fx_level_z_252,-0.004440943244844675
101,B,persist,kospi_return_1d,0.004800051916390657
101,B,persist,fx_level_z_252,-0.008248919621109962
101,B,underwater,kospi_return_1d,-0.0022007308434695005
101,B,underwater,fx_level_z_252,-0.009069174528121948
101,alpha,,kospi_return_1d,0.005717564839869738
101,alpha,,fx_level_z_252,-0.014926571398973465
102,beta,momentum,,0.028514476493000984
102,beta,persist,,0.07304765284061432
102,beta,underwater,,0.01286377478390932
102,B,momentum,kospi_return_1d,-0.002557495841756463
102,B,momentum,fx_level_z_252,-0.004642060492187738
102,B,persist,kospi_return_1d,0.007258865516632795
102,B,persist,fx_level_z_252,-0.007792436983436346
102,B,underwater,kospi_return_1d,-0.006890976335853338
102,B,underwater,fx_level_z_252,-0.00898012612015009
102,alpha,,kospi_return_1d,0.004581395536661148
102,alpha,,fx_level_z_252,-0.014050666242837906
103,beta,momentum,,0.029120154678821564
103,beta,persist,,0.07243847846984863
103,beta,underwater,,0.012897678650915623
103,B,momentum,kospi_return_1d,-0.0007421541376970708
103,B,momentum,fx_level_z_252,-0.004987232852727175
103,B,persist,kospi_return_1d,0.00829816609621048
103,B,persist,fx_level_z_252,-0.00754615617915988
103,B,underwater,kospi_return_1d,-0.009397572837769985
103,B,underwater,fx_level_z_252,-0.00847754254937172
103,alpha,,kospi_return_1d,0.004661157727241516
103,alpha,,fx_level_z_252,-0.013393547385931015
104,beta,momentum,,0.030083753168582916
104,beta,persist,,0.07157333940267563
104,beta,underwater,,0.012475978583097458
104,B,momentum,kospi_return_1d,0.00033272820292040706
104,B,momentum,fx_level_z_252,-0.005431458819657564
104,B,persist,kospi_return_1d,0.007919258438050747
104,B,persist,fx_level_z_252,-0.007554211653769016
104,B,underwater,kospi_return_1d,-0.010580437257885933
104,B,underwater,fx_level_z_252,-0.007742142304778099
104,alpha,,kospi_return_1d,0.0043984465301036835
104,alpha,,fx_level_z_252,-0.01360895112156868
105,beta,momentum,,0.030981536954641342
105,beta,persist,,0.07106689363718033
105,beta,underwater,,0.011790052056312561
105,B,momentum,kospi_return_1d,0.0008249527309089899
105,B,momentum,fx_level_z_252,-0.006382121238857508
105,B,persist,kospi_return_1d,0.00687035545706749
105,B,persist,fx_level_z_252,-0.007657398469746113
105,B,underwater,kospi_return_1d,-0.010670676827430725
105,B,underwater,fx_level_z_252,-0.0072668627835810184
105,alpha,,kospi_return_1d,0.004378678742796183
105,alpha,,fx_level_z_252,-0.014769420027732849
106,beta,momentum,,0.03154177963733673
106,beta,persist,,0.06995837390422821
106,beta,underwater,,0.010543393902480602
106,B,momentum,kospi_return_1d,0.00026546872686594725
106,B,momentum,fx_level_z_252,-0.007095229346305132
106,B,persist,kospi_return_1d,0.005373790860176086
106,B,persist,fx_level_z_252,-0.007915651425719261
106,B,underwater,kospi_return_1d,-0.00943740550428629
106,B,underwater,fx_level_z_252,-0.007317682728171349
106,alpha,,kospi_return_1d,0.004974386654794216
106,alpha,,fx_level_z_252,-0.01576792262494564
107,beta,momentum,,0.03292938694357872
107,beta,persist,,0.06875066459178925
107,beta,underwater,,0.008034429512917995
107,B,momentum,kospi_return_1d,-0.001852767076343298
107,B,momentum,fx_level_z_252,-0.006751430686563253
107,B,persist,kospi_return_1d,0.002785217948257923
107,B,persist,fx_level_z_252,-0.007109766826033592
107,B,underwater,kospi_return_1d,-0.006171452347189188
107,B,underwater,fx_level_z_252,-0.008060110732913017
107,alpha,,kospi_return_1d,0.007098539266735315
107,alpha,,fx_level_z_252,-0.01667097955942154
108,beta,momentum,,0.03495368734002113
108,beta,persist,,0.06834764033555984
108,beta,underwater,,0.005986315198242664
108,B,momentum,kospi_return_1d,-0.003011559136211872
108,B,momentum,fx_level_z_252,-0.006221024785190821
108,B,persist,kospi_return_1d,0.0014459725935012102
108,B,persist,fx_level_z_252,-0.006612578872591257
108,B,underwater,kospi_return_1d,-0.0038169878534972668
108,B,underwater,fx_level_z_252,-0.00873649213463068
108,alpha,,kospi_return_1d,0.007675113156437874
108,alpha,,fx_level_z_252,-0.016169624403119087
109,beta,momentum,,0.03601562976837158
109,beta,persist,,0.06752125173807144
109,beta,underwater,,0.005013972520828247
109,B,momentum,kospi_return_1d,-0.0038041304796934128
109,B,momentum,fx_level_z_252,-0.005606349557638168
109,B,persist,kospi_return_1d,0.0006279749795794487
109,B,persist,fx_level_z_252,-0.006174437236040831
109,B,underwater,kospi_return_1d,-0.0022595608606934547
109,B,underwater,fx_level_z_252,-0.009224790148437023
109,alpha,,kospi_return_1d,0.007785421330481768
109,alpha,,fx_level_z_252,-0.01566978543996811
110,beta,momentum,,0.036528561264276505
110,beta,persist,,0.06643376499414444
110,beta,underwater,,0.004413281567394733
110,B,momentum,kospi_return_1d,-0.003991896752268076
110,B,momentum,fx_level_z_252,-0.005156434141099453
110,B,persist,kospi_return_1d,0.0004946858389303088
110,B,persist,fx_level_z_252,-0.006325792521238327
110,B,underwater,kospi_return_1d,-0.0013297086115926504
110,B,underwater,fx_level_z_252,-0.009402402676641941
110,alpha,,kospi_return_1d,0.008107655681669712
110,alpha,,fx_level_z_252,-0.015444153919816017
111,beta,momentum,,0.03720756247639656
111,beta,persist,,0.06548669189214706
111,beta,underwater,,0.003776638302952051
111,B,momentum,kospi_return_1d,-0.003486905712634325
111,B,momentum,fx_level_z_252,-0.004954226780682802
111,B,persist,kospi_return_1d,0.0006696403725072742
111,B,persist,fx_level_z_252,-0.006936656776815653
111,B,underwater,kospi_return_1d,-0.0008892200421541929
111,B,underwater,fx_level_z_252,-0.00899985246360302
111,alpha,,kospi_return_1d,0.00955173373222351
111,alpha,,fx_level_z_252,-0.015433935448527336
112,beta,momentum,,0.0377223864197731
112,beta,persist,,0.06482824683189392
112,beta,underwater,,0.002687001833692193
112,B,momentum,kospi_return_1d,-0.003164222463965416
112,B,momentum,fx_level_z_252,-0.004804999101907015
112,B,persist,kospi_return_1d,0.0008644763729535043
112,B,persist,fx_level_z_252,-0.007589288987219334
112,B,underwater,kospi_return_1d,-0.00031089450931176543
112,B,underwater,fx_level_z_252,-0.00815511029213667
112,alpha,,kospi_return_1d,0.011081518605351448
112,alpha,,fx_level_z_252,-0.014435853809118271
113,beta,momentum,,0.03737489879131317
113,beta,persist,,0.06417906284332275
113,beta,underwater,,0.0018093520775437355
113,B,momentum,kospi_return_1d,-0.00391703937202692
113,B,momentum,fx_level_z_252,-0.00438383873552084
113,B,persist,kospi_return_1d,0.0012997103622183204
113,B,persist,fx_level_z_252,-0.008383982814848423
113,B,underwater,kospi_return_1d,0.00015040171274449676
113,B,underwater,fx_level_z_252,-0.008129934780299664
113,alpha,,kospi_return_1d,0.011562989093363285
113,alpha,,fx_level_z_252,-0.01305082906037569
114,beta,momentum,,0.035859376192092896
114,beta,persist,,0.0638195350766182
114,beta,underwater,,0.0007122558308765292
114,B,momentum,kospi_return_1d,-0.006355778314173222
114,B,momentum,fx_level_z_252,-0.004254576284438372
114,B,persist,kospi_return_1d,0.0021581598557531834
114,B,persist,fx_level_z_252,-0.009042520076036453
114,B,underwater,kospi_return_1d,0.00044058042112737894
114,B,underwater,fx_level_z_252,-0.009086450561881065
114,alpha,,kospi_return_1d,0.011144028976559639
114,alpha,,fx_level_z_252,-0.012050215154886246
115,beta,momentum,,0.03453725576400757
115,beta,persist,,0.06318030506372452
115,beta,underwater,,-5.728809628635645e-05
115,B,momentum,kospi_return_1d,-0.008088592439889908
115,B,momentum,fx_level_z_252,-0.005180696956813335
115,B,persist,kospi_return_1d,0.002834287704899907
115,B,persist,fx_level_z_252,-0.009596082381904125
115,B,underwater,kospi_return_1d,2.1017491235397756e-05
115,B,underwater,fx_level_z_252,-0.010226678103208542
115,alpha,,kospi_return_1d,0.010595761239528656
115,alpha,,fx_level_z_252,-0.011603742837905884
116,beta,momentum,,0.03366691619157791
116,beta,persist,,0.06327357888221741
116,beta,underwater,,-0.00011323363287374377
116,B,momentum,kospi_return_1d,-0.008886112831532955
116,B,momentum,fx_level_z_252,-0.006013164296746254
116,B,persist,kospi_return_1d,0.0037442210596054792
116,B,persist,fx_level_z_252,-0.009660380892455578
116,B,underwater,kospi_return_1d,-0.0005837129428982735
116,B,underwater,fx_level_z_252,-0.010367894545197487
116,alpha,,kospi_return_1d,0.010474143549799919
116,alpha,,fx_level_z_252,-0.012066937983036041
117,beta,momentum,,0.03350448980927467
117,beta,persist,,0.06407840549945831
117,beta,underwater,,-0.0004959512152709067
117,B,momentum,kospi_return_1d,-0.008478796109557152
117,B,momentum,fx_level_z_252,-0.006606818176805973
117,B,persist,kospi_return_1d,0.0049977414309978485
117,B,persist,fx_level_z_252,-0.01017925888299942
117,B,underwater,kospi_return_1d,-0.0014628618955612183
117,B,underwater,fx_level_z_252,-0.009949738159775734
117,alpha,,kospi_return_1d,0.011407957412302494
117,alpha,,fx_level_z_252,-0.012926144525408745
118,beta,momentum,,0.03417336195707321
118,beta,persist,,0.0655452162027359
118,beta,underwater,,-0.0011251268442720175
118,B,momentum,kospi_return_1d,-0.007858019322156906
118,B,momentum,fx_level_z_252,-0.006866962183266878
118,B,persist,kospi_return_1d,0.006570393219590187
118,B,persist,fx_level_z_252,-0.010686722584068775
118,B,underwater,kospi_return_1d,-0.0021897503174841404
118,B,underwater,fx_level_z_252,-0.009633485227823257
118,alpha,,kospi_return_1d,0.012005522847175598
118,alpha,,fx_level_z_252,-0.013813064433634281
119,beta,momentum,,0.03557400777935982
119,beta,persist,,0.0673459842801094
119,beta,underwater,,-0.001359522226266563
119,B,momentum,kospi_return_1d,-0.00687167514115572
119,B,momentum,fx_level_z_252,-0.006740310229361057
119,B,persist,kospi_return_1d,0.00801150407642126
119,B,persist,fx_level_z_252,-0.010766041465103626
119,B,underwater,kospi_return_1d,-0.0028763702139258385
119,B,underwater,fx_level_z_252,-0.009363710880279541
119,alpha,,kospi_return_1d,0.012665994465351105
119,alpha,,fx_level_z_252,-0.015003150328993797
120,beta,momentum,,0.03627796098589897
120,beta,persist,,0.06901141256093979
120,beta,underwater,,-0.0011166646145284176
120,B,momentum,kospi_return_1d,-0.006512136664241552
120,B,momentum,fx_level_z_252,-0.007474895101040602
120,B,persist,kospi_return_1d,0.009012104943394661
120,B,persist,fx_level_z_252,-0.010883243754506111
120,B,underwater,kospi_return_1d,-0.003198987804353237
120,B,underwater,fx_level_z_252,-0.008569926954805851
120,alpha,,kospi_return_1d,0.012764968909323215
120,alpha,,fx_level_z_252,-0.015964770689606667
121,beta,momentum,,0.037077780812978745
121,beta,persist,,0.07010132819414139
121,beta,underwater,,-0.001359294750727713
121,B,momentum,kospi_return_1d,-0.006388937588781118
121,B,momentum,fx_level_z_252,-0.008160024881362915
121,B,persist,kospi_return_1d,0.00944216176867485
121,B,persist,fx_level_z_252,-0.011032371781766415
121,B,underwater,kospi_return_1d,-0.002950468100607395
121,B,underwater,fx_level_z_252,-0.008630430325865746
121,alpha,,kospi_return_1d,0.012759290635585785
121,alpha,,fx_level_z_252,-0.017414243891835213
122,beta,momentum,,0.037872765213251114
122,beta,persist,,0.0705399364233017
122,beta,underwater,,-0.002527613192796707
122,B,momentum,kospi_return_1d,-0.006545566953718662
122,B,momentum,fx_level_z_252,-0.008342977613210678
122,B,persist,kospi_return_1d,0.009225430898368359
122,B,persist,fx_level_z_252,-0.011530078016221523
122,B,underwater,kospi_return_1d,-0.0016400930471718311
122,B,underwater,fx_level_z_252,-0.010576697066426277
122,alpha,,kospi_return_1d,0.012675873003900051
122,alpha,,fx_level_z_252,-0.01950368471443653
123,beta,momentum,,0.0391063466668129
123,beta,persist,,0.07096901535987854
123,beta,underwater,,-0.003393542254343629
123,B,momentum,kospi_return_1d,-0.006996908225119114
123,B,momentum,fx_level_z_252,-0.008776761591434479
123,B,persist,kospi_return_1d,0.008585006929934025
123,B,persist,fx_level_z_252,-0.012094680219888687
123,B,underwater,kospi_return_1d,-0.0003116191946901381
123,B,underwater,fx_level_z_252,-0.01160856056958437
123,alpha,,kospi_return_1d,0.01271850522607565
123,alpha,,fx_level_z_252,-0.021052224561572075
124,beta,momentum,,0.04131649062037468
124,beta,persist,,0.07196080684661865
124,beta,underwater,,-0.004071075469255447
124,B,momentum,kospi_return_1d,-0.00832093320786953
124,B,momentum,fx_level_z_252,-0.009855073876678944
124,B,persist,kospi_return_1d,0.007265743333846331
124,B,persist,fx_level_z_252,-0.012369809672236443
124,B,underwater,kospi_return_1d,0.001498537603765726
124,B,underwater,fx_level_z_252,-0.012538047507405281
124,alpha,,kospi_return_1d,0.013564924709498882
124,alpha,,fx_level_z_252,-0.022017965093255043
125,beta,momentum,,0.042677782475948334
125,beta,persist,,0.07341233640909195
125,beta,underwater,,-0.003480699146166444
125,B,momentum,kospi_return_1d,-0.009250807575881481
125,B,momentum,fx_level_z_252,-0.010162831284105778
125,B,persist,kospi_return_1d,0.00656344136223197
125,B,persist,fx_level_z_252,-0.012067518197000027
125,B,underwater,kospi_return_1d,0.0023018058855086565
125,B,underwater,fx_level_z_252,-0.012606431730091572
125,alpha,,kospi_return_1d,0.014049788005650043
125,alpha,,fx_level_z_252,-0.023576252162456512
126,beta,momentum,,0.04252906143665314
126,beta,persist,,0.07418642193078995
126,beta,underwater,,-0.0024533355608582497
126,B,momentum,kospi_return_1d,-0.009791597723960876
126,B,momentum,fx_level_z_252,-0.0111598651856184
126,B,persist,kospi_return_1d,0.007093706168234348
126,B,persist,fx_level_z_252,-0.011715631932020187
126,B,underwater,kospi_return_1d,0.0025526140816509724
126,B,underwater,fx_level_z_252,-0.012513776309788227
126,alpha,,kospi_return_1d,0.013443912379443645
126,alpha,,fx_level_z_252,-0.024136383086442947
127,beta,momentum,,0.041753605008125305
127,beta,persist,,0.0735320970416069
127,beta,underwater,,-0.0005044641438871622
127,B,momentum,kospi_return_1d,-0.009647861123085022
127,B,momentum,fx_level_z_252,-0.011858982034027576
127,B,persist,kospi_return_1d,0.007461573928594589
127,B,persist,fx_level_z_252,-0.011156636290252209
127,B,underwater,kospi_return_1d,0.0023792744614183903
127,B,underwater,fx_level_z_252,-0.011573856696486473
127,alpha,,kospi_return_1d,0.012027716264128685
127,alpha,,fx_level_z_252,-0.023619158193469048
128,beta,momentum,,0.04053884372115135
128,beta,persist,,0.07144364714622498
128,beta,underwater,,0.0036155860871076584
128,B,momentum,kospi_return_1d,-0.008978701196610928
128,B,momentum,fx_level_z_252,-0.011831510812044144
128,B,persist,kospi_return_1d,0.007109530735760927
128,B,persist,fx_level_z_252,-0.010375509969890118
128,B,underwater,kospi_return_1d,0.0016056934837251902
128,B,underwater,fx_level_z_252,-0.008545197546482086
128,alpha,,kospi_return_1d,0.009631140157580376
128,alpha,,fx_level_z_252,-0.02233136259019375
129,beta,momentum,,0.03893696144223213
129,beta,persist,,0.06915989518165588
129,beta,underwater,,0.006899506319314241
129,B,momentum,kospi_return_1d,-0.008044392801821232
129,B,momentum,fx_level_z_252,-0.011274520307779312
129,B,persist,kospi_return_1d,0.007369566708803177
129,B,persist,fx_level_z_252,-0.00993786845356226
129,B,underwater,kospi_return_1d,0.0005178666906431317
129,B,underwater,fx_level_z_252,-0.006895914673805237
129,alpha,,kospi_return_1d,0.007349202875047922
129,alpha,,fx_level_z_252,-0.021305624395608902
130,beta,momentum,,0.037870656698942184
130,beta,persist,,0.0674748346209526
130,beta,underwater,,0.009142693132162094
130,B,momentum,kospi_return_1d,-0.007393805310130119
130,B,momentum,fx_level_z_252,-0.010450722649693489
130,B,persist,kospi_return_1d,0.007225734181702137
130,B,persist,fx_level_z_252,-0.009501858614385128
130,B,underwater,kospi_return_1d,-0.00040578728658147156
130,B,underwater,fx_level_z_252,-0.005897037219256163
130,alpha,,kospi_return_1d,0.006161046214401722
130,alpha,,fx_level_z_252,-0.020626038312911987
131,beta,momentum,,0.037444934248924255
131,beta,persist,,0.06691877543926239
131,beta,underwater,,0.010675802826881409
131,B,momentum,kospi_return_1d,-0.006792335771024227
131,B,momentum,fx_level_z_252,-0.009766497649252415
131,B,persist,kospi_return_1d,0.0076387603767216206
131,B,persist,fx_level_z_252,-0.009122699499130249
131,B,underwater,kospi_return_1d,-0.0010280931601300836
131,B,underwater,fx_level_z_252,-0.005386907607316971
131,alpha,,kospi_return_1d,0.006208483595401049
131,alpha,,fx_level_z_252,-0.020453160628676414
132,beta,momentum,,0.037038274109363556
132,beta,persist,,0.06671135127544403
132,beta,underwater,,0.011608412489295006
132,B,momentum,kospi_return_1d,-0.006377321667969227
132,B,momentum,fx_level_z_252,-0.008040474727749825
132,B,persist,kospi_return_1d,0.007899660617113113
132,B,persist,fx_level_z_252,-0.008266115561127663
132,B,underwater,kospi_return_1d,-0.0013786668423563242
132,B,underwater,fx_level_z_252,-0.005269851069897413
132,alpha,,kospi_return_1d,0.006376379635185003
132,alpha,,fx_level_z_252,-0.019718395546078682
133,beta,momentum,,0.036926571279764175
133,beta,persist,,0.06676241755485535
133,beta,underwater,,0.01199280470609665
133,B,momentum,kospi_return_1d,-0.006195213180035353
133,B,momentum,fx_level_z_252,-0.006708824075758457
133,B,persist,kospi_return_1d,0.007914155721664429
133,B,persist,fx_level_z_252,-0.0075941020622849464
133,B,underwater,kospi_return_1d,-0.001518386066891253
133,B,underwater,fx_level_z_252,-0.005159152206033468
133,alpha,,kospi_return_1d,0.006640982814133167
133,alpha,,fx_level_z_252,-0.01954394392669201
134,beta,momentum,,0.0370512530207634
134,beta,persist,,0.06705082952976227
134,beta,underwater,,0.012115283869206905
134,B,momentum,kospi_return_1d,-0.006087327376008034
134,B,momentum,fx_level_z_252,-0.005104743875563145
134,B,persist,kospi_return_1d,0.007772406097501516
134,B,persist,fx_level_z_252,-0.007956162095069885
134,B,underwater,kospi_return_1d,-0.0014779327902942896
134,B,underwater,fx_level_z_252,-0.004846986383199692
134,alpha,,kospi_return_1d,0.007246095221489668
134,alpha,,fx_level_z_252,-0.020255032926797867
135,beta,momentum,,0.03809612989425659
135,beta,persist,,0.067517951130867
135,beta,underwater,,0.012270746752619743
135,B,momentum,kospi_return_1d,-0.006173626985400915
135,B,momentum,fx_level_z_252,-0.003115012776106596
135,B,persist,kospi_return_1d,0.007444337476044893
135,B,persist,fx_level_z_252,-0.01019442267715931
135,B,underwater,kospi_return_1d,-0.0012743687257170677
135,B,underwater,fx_level_z_252,-0.004227363038808107
135,alpha,,kospi_return_1d,0.0073398114182055
135,alpha,,fx_level_z_252,-0.021872708573937416
136,beta,momentum,,0.0387837216258049
136,beta,persist,,0.06767868250608444
136,beta,underwater,,0.01272585429251194
136,B,momentum,kospi_return_1d,-0.006430659908801317
136,B,momentum,fx_level_z_252,-0.0017391981091350317
136,B,persist,kospi_return_1d,0.0065788524225354195
136,B,persist,fx_level_z_252,-0.011936681345105171
136,B,underwater,kospi_return_1d,-0.0008155269897542894
136,B,underwater,fx_level_z_252,-0.003943717107176781
136,alpha,,kospi_return_1d,0.0065087503753602505
136,alpha,,fx_level_z_252,-0.023821735754609108
137,beta,momentum,,0.03869129717350006
137,beta,persist,,0.0666341558098793
137,beta,underwater,,0.013645605184137821
137,B,momentum,kospi_return_1d,-0.0070081134326756
137,B,momentum,fx_level_z_252,-2.9210816137492657e-05
137,B,persist,kospi_return_1d,0.005843849387019873
137,B,persist,fx_level_z_252,-0.011686463840305805
137,B,underwater,kospi_return_1d,-0.0002265634830109775
137,B,underwater,fx_level_z_252,-0.004377602133899927
137,alpha,,kospi_return_1d,0.004951654002070427
137,alpha,,fx_level_z_252,-0.026099706068634987
138,beta,momentum,,0.03887283429503441
138,beta,persist,,0.06561455875635147
138,beta,underwater,,0.014001264236867428
138,B,momentum,kospi_return_1d,-0.0074705760926008224
138,B,momentum,fx_level_z_252,0.0011937929084524512
138,B,persist,kospi_return_1d,0.005842647049576044
138,B,persist,fx_level_z_252,-0.011258317157626152
138,B,underwater,kospi_return_1d,0.0003136367304250598
138,B,underwater,fx_level_z_252,-0.004647020250558853
138,alpha,,kospi_return_1d,0.0028741746209561825
138,alpha,,fx_level_z_252,-0.02780167944729328
139,beta,momentum,,0.0394003801047802
139,beta,persist,,0.06552763283252716
139,beta,underwater,,0.014306101948022842
139,B,momentum,kospi_return_1d,-0.007871980778872967
139,B,momentum,fx_level_z_252,0.0016318854177370667
139,B,persist,kospi_return_1d,0.005288579501211643
139,B,persist,fx_level_z_252,-0.011085761711001396
139,B,underwater,kospi_return_1d,0.0006259667570702732
139,B,underwater,fx_level_z_252,-0.004792689811438322
139,alpha,,kospi_return_1d,0.0017463682452216744
139,alpha,,fx_level_z_252,-0.029032455757260323
140,beta,momentum,,0.03972047194838524
140,beta,persist,,0.06621221452951431
140,beta,underwater,,0.014755692332983017
140,B,momentum,kospi_return_1d,-0.00860885065048933
140,B,momentum,fx_level_z_252,0.0007058631745167077
140,B,persist,kospi_return_1d,0.003515120828524232
140,B,persist,fx_level_z_252,-0.011803404428064823
140,B,underwater,kospi_return_1d,0.0005381527007557452
140,B,underwater,fx_level_z_252,-0.004463650286197662
140,alpha,,kospi_return_1d,0.0012632709695026278
140,alpha,,fx_level_z_252,-0.03009754978120327
141,beta,momentum,,0.03924272954463959
141,beta,persist,,0.06652957201004028
141,beta,underwater,,0.015200729481875896
141,B,momentum,kospi_return_1d,-0.009009914472699165
141,B,momentum,fx_level_z_252,-0.0003236781049054116
141,B,persist,kospi_return_1d,0.0026440289802849293
141,B,persist,fx_level_z_252,-0.012049228884279728
141,B,underwater,kospi_return_1d,0.0002445306454319507
141,B,underwater,fx_level_z_252,-0.003542704042047262
141,alpha,,kospi_return_1d,0.00033376377541571856
141,alpha,,fx_level_z_252,-0.030333315953612328
142,beta,momentum,,0.03830913081765175
142,beta,persist,,0.06699821352958679
142,beta,underwater,,0.015231707133352757
142,B,momentum,kospi_return_1d,-0.009193981066346169
142,B,momentum,fx_level_z_252,-0.0011206635972484946
142,B,persist,kospi_return_1d,0.0022806990891695023
142,B,persist,fx_level_z_252,-0.011792205274105072
142,B,underwater,kospi_return_1d,-1.2988748494535685e-05
142,B,underwater,fx_level_z_252,-0.0031549648847430944
142,alpha,,kospi_return_1d,-0.0005462911794893444
142,alpha,,fx_level_z_252,-0.029477104544639587
143,beta,momentum,,0.037563830614089966
143,beta,persist,,0.06685621291399002
143,beta,underwater,,0.015106028877198696
143,B,momentum,kospi_return_1d,-0.009482897818088531
143,B,momentum,fx_level_z_252,-0.0009031502995640039
143,B,persist,kospi_return_1d,0.0025507903192192316
143,B,persist,fx_level_z_252,-0.010629110969603062
143,B,underwater,kospi_return_1d,-0.00027951743686571717
143,B,underwater,fx_level_z_252,-0.003055223962292075
143,alpha,,kospi_return_1d,-0.0009317942312918603
143,alpha,,fx_level_z_252,-0.028433075174689293
144,beta,momentum,,0.03739963099360466
144,beta,persist,,0.06598422676324844
144,beta,underwater,,0.01483448687940836
144,B,momentum,kospi_return_1d,-0.00973162055015564
144,B,momentum,fx_level_z_252,0.000117326999315992
144,B,persist,kospi_return_1d,0.004044333007186651
144,B,persist,fx_level_z_252,-0.008464768528938293
144,B,underwater,kospi_return_1d,-0.0005413763574324548
144,B,underwater,fx_level_z_252,-0.003210135968402028
144,alpha,,kospi_return_1d,-0.0008057273225858808
144,alpha,,fx_level_z_252,-0.02742285467684269
145,beta,momentum,,0.03831537440419197
145,beta,persist,,0.06545494496822357
145,beta,underwater,,0.015112615190446377
145,B,momentum,kospi_return_1d,-0.009205512702465057
145,B,momentum,fx_level_z_252,0.0008516502566635609
145,B,persist,kospi_return_1d,0.0059379711747169495
145,B,persist,fx_level_z_252,-0.004512147046625614
145,B,underwater,kospi_return_1d,-0.0008716537849977612
145,B,underwater,fx_level_z_252,-0.004496883135288954
145,alpha,,kospi_return_1d,6.085410132072866e-05
145,alpha,,fx_level_z_252,-0.026100536808371544
146,beta,momentum,,0.03944553807377815
146,beta,persist,,0.0655379369854927
146,beta,underwater,,0.015164407901465893
146,B,momentum,kospi_return_1d,-0.008835185319185257
146,B,momentum,fx_level_z_252,0.001158712082542479
146,B,persist,kospi_return_1d,0.007221965119242668
146,B,persist,fx_level_z_252,-0.00172230857424438
146,B,underwater,kospi_return_1d,-0.0009666075929999352
146,B,underwater,fx_level_z_252,-0.0055249580182135105
146,alpha,,kospi_return_1d,0.0005812228773720562
146,alpha,,fx_level_z_252,-0.024897204712033272
147,beta,momentum,,0.039979804307222366
147,beta,persist,,0.06569161266088486
147,beta,underwater,,0.01548776961863041
147,B,momentum,kospi_return_1d,-0.0087836142629385
147,B,momentum,fx_level_z_252,0.0005717045278288424
147,B,persist,kospi_return_1d,0.008039489388465881
147,B,persist,fx_level_z_252,5.011737812310457e-05
147,B,underwater,kospi_return_1d,-0.0009246589615941048
147,B,underwater,fx_level_z_252,-0.00617376621812582
147,alpha,,kospi_return_1d,0.0005515303928405046
147,alpha,,fx_level_z_252,-0.024302378296852112
148,beta,momentum,,0.03981062024831772
148,beta,persist,,0.06582693755626678
148,beta,underwater,,0.01592850871384144
148,B,momentum,kospi_return_1d,-0.00888750422745943
148,B,momentum,fx_level_z_252,-0.00011502655979711562
148,B,persist,kospi_return_1d,0.008730540983378887
148,B,persist,fx_level_z_252,0.0010980397928506136
148,B,underwater,kospi_return_1d,-0.001014373148791492
148,B,underwater,fx_level_z_252,-0.006630335934460163
148,alpha,,kospi_return_1d,5.0797389121726155e-06
148,alpha,,fx_level_z_252,-0.024053020402789116
149,beta,momentum,,0.03973272442817688
149,beta,persist,,0.06597228348255157
149,beta,underwater,,0.01645384542644024
149,B,momentum,kospi_return_1d,-0.00878728274255991
149,B,momentum,fx_level_z_252,-0.0008453346672467887
149,B,persist,kospi_return_1d,0.00968282762914896
149,B,persist,fx_level_z_252,0.001270520151592791
149,B,underwater,kospi_return_1d,-0.001619106624275446
149,B,underwater,fx_level_z_252,-0.006663610693067312
149,alpha,,kospi_return_1d,-0.00043224962428212166
149,alpha,,fx_level_z_252,-0.023733772337436676
150,beta,momentum,,0.03987845778465271
150,beta,persist,,0.06630595028400421
150,beta,underwater,,0.016323545947670937
150,B,momentum,kospi_return_1d,-0.008696064352989197
150,B,momentum,fx_level_z_252,-0.0019242000998929143
150,B,persist,kospi_return_1d,0.010484782978892326
150,B,persist,fx_level_z_252,0.0008847170975059271
150,B,underwater,kospi_return_1d,-0.0018584314966574311
150,B,underwater,fx_level_z_252,-0.006762058008462191
150,alpha,,kospi_return_1d,-0.0006377589888870716
150,alpha,,fx_level_z_252,-0.02395538054406643
