split,investor,parameter,term,weight
0,foreign,beta,momentum,0.0440838038921356
0,foreign,beta,herd,-0.0353841446340084
0,foreign,beta,underwater,0.0086286086589097
0,institution,beta,momentum,-0.0014326880918815
0,institution,beta,herd,-0.0047140214592218
0,institution,beta,underwater,-0.0025193439796566
0,retail,beta,momentum,-0.0296675935387611
0,retail,beta,herd,-0.0318512432277202
0,retail,beta,underwater,0.0315796099603176
1,foreign,beta,momentum,0.0541412383317947
1,foreign,beta,herd,-0.0331736467778682
1,foreign,beta,underwater,0.00763187604025
1,institution,beta,momentum,-3.788163303397596e-05
1,institution,beta,herd,-0.004748850595206
1,institution,beta,underwater,-0.0009587039821781
1,retail,beta,momentum,-0.0294937659054994
1,retail,beta,herd,-0.031798530369997
1,retail,beta,underwater,0.0318307168781757
2,foreign,beta,momentum,0.0529047586023807
2,foreign,beta,herd,-0.0322452746331691
2,foreign,beta,underwater,0.0065982844680547
2,institution,beta,momentum,-4.91498940391466e-05
2,institution,beta,herd,-0.0047609130851924
2,institution,beta,underwater,-0.0021236327011138
2,retail,beta,momentum,-0.0294293016195297
2,retail,beta,herd,-0.0289246067404747
2,retail,beta,underwater,0.0305007677525281
3,foreign,beta,momentum,0.0535029880702495
3,foreign,beta,herd,-0.0343613885343074
3,foreign,beta,underwater,0.0070645418018102
3,institution,beta,momentum,-0.0009986530058085
3,institution,beta,herd,-0.0045315595343708
3,institution,beta,underwater,-0.000886661291588
3,retail,beta,momentum,-0.0300915874540805
3,retail,beta,herd,-0.0293053723871707
3,retail,beta,underwater,0.0313050225377082
4,foreign,beta,momentum,0.0474812127649784
4,foreign,beta,herd,-0.0325622707605361
4,foreign,beta,underwater,0.0029539635870605
4,institution,beta,momentum,-2.124525781255215e-05
4,institution,beta,herd,-0.0047091366723179
4,institution,beta,underwater,-0.0002801865921355
4,retail,beta,momentum,-0.0305180251598358
4,retail,beta,herd,-0.0317361243069171
4,retail,beta,underwater,0.0321714617311954
5,foreign,beta,momentum,0.0347501337528228
5,foreign,beta,herd,-0.0221817269921302
5,foreign,beta,underwater,0.0007263114675879
5,institution,beta,momentum,-4.864253423875198e-05
5,institution,beta,herd,-0.0047318856231868
5,institution,beta,underwater,7.331970846280456e-05
5,retail,beta,momentum,-0.0251618456095457
5,retail,beta,herd,-0.0300989709794521
5,retail,beta,underwater,0.0263821687549352
6,foreign,beta,momentum,0.0509050488471984
6,foreign,beta,herd,-0.0317697376012802
6,foreign,beta,underwater,-0.0020628180354833
6,institution,beta,momentum,-0.0004025064990855
6,institution,beta,herd,-0.0047229966148734
6,institution,beta,underwater,-0.002586108399555
6,retail,beta,momentum,-0.0314467661082744
6,retail,beta,herd,-0.0317822359502315
6,retail,beta,underwater,0.0320347920060157
7,foreign,beta,momentum,0.0547493919730186
7,foreign,beta,herd,-0.0336855053901672
7,foreign,beta,underwater,0.0059995255433022
7,institution,beta,momentum,6.774740177206695e-05
7,institution,beta,herd,-0.0047263978049159
7,institution,beta,underwater,-0.0015358679229393
7,retail,beta,momentum,-0.0307945255190134
7,retail,beta,herd,-0.0313325449824333
7,retail,beta,underwater,0.0326218716800212
8,foreign,beta,momentum,0.0574524439871311
8,foreign,beta,herd,-0.0478978753089904
8,foreign,beta,underwater,-0.0142913293093442
8,institution,beta,momentum,-0.0039618453010916
8,institution,beta,herd,-0.0045673539862036
8,institution,beta,underwater,-0.002553483005613
8,retail,beta,momentum,-0.0314795635640621
8,retail,beta,herd,-0.0315634533762931
8,retail,beta,underwater,0.0313702523708343
9,foreign,beta,momentum,0.056279607117176
9,foreign,beta,herd,-0.0354590974748134
9,foreign,beta,underwater,0.0179931353777647
9,institution,beta,momentum,8.12975995359011e-05
9,institution,beta,herd,-0.0046562850475311
9,institution,beta,underwater,-0.0006357818492688
9,retail,beta,momentum,-0.030201181769371
9,retail,beta,herd,-0.0339249782264232
9,retail,beta,underwater,0.0309094879776239
10,foreign,beta,momentum,0.0543926060199737
10,foreign,beta,herd,-0.0430628918111324
10,foreign,beta,underwater,0.0160585474222898
10,institution,beta,momentum,-0.0005876760114915
10,institution,beta,herd,-0.0046847504563629
10,institution,beta,underwater,-0.0016295406967401
10,retail,beta,momentum,-0.0293410066515207
10,retail,beta,herd,-0.0325730592012405
10,retail,beta,underwater,0.0289893709123134
11,foreign,beta,momentum,0.0551186501979827
11,foreign,beta,herd,-0.0452364347875118
11,foreign,beta,underwater,0.0159540213644504
11,institution,beta,momentum,-0.0003486400528345
11,institution,beta,herd,-0.0041817021556198
11,institution,beta,underwater,-0.0003870364453177
11,retail,beta,momentum,-0.0300027132034301
11,retail,beta,herd,-0.0314396061003208
11,retail,beta,underwater,0.0298752337694168
12,foreign,beta,momentum,0.0482276193797588
12,foreign,beta,herd,-0.0424079522490501
12,foreign,beta,underwater,0.0096458652988076
12,institution,beta,momentum,0.0002763918018899
12,institution,beta,herd,-0.0045700850896537
12,institution,beta,underwater,-0.0003204459208063
12,retail,beta,momentum,-0.0310358814895153
12,retail,beta,herd,-0.0331207662820816
12,retail,beta,underwater,0.0315185934305191
13,foreign,beta,momentum,0.0343632847070694
13,foreign,beta,herd,-0.0305493082851171
13,foreign,beta,underwater,0.0050407792441546
13,institution,beta,momentum,-0.0001760225277394
13,institution,beta,herd,-0.004632350988686
13,institution,beta,underwater,-0.0002346592809772
13,retail,beta,momentum,-0.0281164608895778
13,retail,beta,herd,-0.0334660671651363
13,retail,beta,underwater,0.0262125935405492
14,foreign,beta,momentum,0.0526941381394863
14,foreign,beta,herd,-0.0450093075633049
14,foreign,beta,underwater,0.008918372914195
14,institution,beta,momentum,-0.0002779399219434
14,institution,beta,herd,-0.0045893285423517
14,institution,beta,underwater,-0.0024578256998211
14,retail,beta,momentum,-0.0313294529914855
14,retail,beta,herd,-0.03357969596982
14,retail,beta,underwater,0.0309996344149112
15,foreign,beta,momentum,0.0567833818495273
15,foreign,beta,herd,-0.0438758693635463
15,foreign,beta,underwater,0.0143618499860167
15,institution,beta,momentum,-5.9198166127316654e-05
15,institution,beta,herd,-0.0046085575595498
15,institution,beta,underwater,-0.0010464309016242
15,retail,beta,momentum,-0.0313150770962238
15,retail,beta,herd,-0.0329992659389972
15,retail,beta,underwater,0.0309843141585588
16,foreign,beta,momentum,0.0622393898665905
16,foreign,beta,herd,-0.04397414624691
16,foreign,beta,underwater,0.0145753184333443
16,institution,beta,momentum,-0.0029182098805904
16,institution,beta,herd,-0.0042670839466154
16,institution,beta,underwater,-0.0022061800118535
16,retail,beta,momentum,-0.0314362496137619
16,retail,beta,herd,-0.0335307456552982
16,retail,beta,underwater,0.0298873055726289
17,foreign,beta,momentum,0.0542283505201339
17,foreign,beta,herd,-0.0276017300784587
17,foreign,beta,underwater,0.0173406228423118
17,institution,beta,momentum,-0.0005911319749429
17,institution,beta,herd,-0.0046735815703868
17,institution,beta,underwater,0.0002071294293273
17,retail,beta,momentum,-0.028906051069498
17,retail,beta,herd,-0.0319582894444465
17,retail,beta,underwater,0.027196392416954
18,foreign,beta,momentum,0.0544888414442539
18,foreign,beta,herd,-0.0467989705502986
18,foreign,beta,underwater,0.0189500134438276
18,institution,beta,momentum,-3.162575012538582e-06
18,institution,beta,herd,-0.0041159410029649
18,institution,beta,underwater,-0.0003728687297552
18,retail,beta,momentum,-0.0302725248038768
18,retail,beta,herd,-0.0315229706466198
18,retail,beta,underwater,0.0291804037988185
19,foreign,beta,momentum,0.046918760985136
19,foreign,beta,herd,-0.0442248471081256
19,foreign,beta,underwater,0.0107817631214857
19,institution,beta,momentum,-3.551358531694859e-05
19,institution,beta,herd,-0.0045917322859168
19,institution,beta,underwater,-0.0001534135953988
19,retail,beta,momentum,-0.0308154411613941
19,retail,beta,herd,-0.0336844511330127
19,retail,beta,underwater,0.0309398099780082
20,foreign,beta,momentum,0.0360133126378059
20,foreign,beta,herd,-0.0353446416556835
20,foreign,beta,underwater,0.011613093316555
20,institution,beta,momentum,0.0002088893234031
20,institution,beta,herd,-0.004618763923645
20,institution,beta,underwater,-0.0006046769558452
20,retail,beta,momentum,-0.0282806325703859
20,retail,beta,herd,-0.0326527208089828
20,retail,beta,underwater,0.0256569571793079
21,foreign,beta,momentum,0.0536014474928379
21,foreign,beta,herd,-0.0461347699165344
21,foreign,beta,underwater,0.0119411228224635
21,institution,beta,momentum,0.0003663289535325
21,institution,beta,herd,-0.0045493794605135
21,institution,beta,underwater,-0.0012306901626288
21,retail,beta,momentum,-0.0321612060070037
21,retail,beta,herd,-0.0335304327309131
21,retail,beta,underwater,0.0316967815160751
22,foreign,beta,momentum,0.0540967136621475
22,foreign,beta,herd,-0.0461730137467384
22,foreign,beta,underwater,0.0154658975079655
22,institution,beta,momentum,-5.766799586126581e-05
22,institution,beta,herd,-0.0045745149254798
22,institution,beta,underwater,1.6818506992422044e-05
22,retail,beta,momentum,-0.0310120843350887
22,retail,beta,herd,-0.0330424830317497
22,retail,beta,underwater,0.0312998965382576
23,foreign,beta,momentum,0.0592094957828521
23,foreign,beta,herd,-0.0455233938992023
23,foreign,beta,underwater,0.013901948928833
23,institution,beta,momentum,-0.0034121831413358
23,institution,beta,herd,-0.0041533079929649
23,institution,beta,underwater,-0.0009857886470854
23,retail,beta,momentum,-0.0310211740434169
23,retail,beta,herd,-0.0329439304769039
23,retail,beta,underwater,0.0286852587014436
24,foreign,beta,momentum,0.0444071367383003
24,foreign,beta,herd,-0.0391477309167385
24,foreign,beta,underwater,0.0123210055753588
24,institution,beta,momentum,-0.0002481398987583
24,institution,beta,herd,-0.0044426638633012
24,institution,beta,underwater,1.9896411686204377e-05
24,retail,beta,momentum,-0.029911009594798
24,retail,beta,herd,-0.0301251746714115
24,retail,beta,underwater,0.0256879962980747
25,foreign,beta,momentum,0.046804305166006
25,foreign,beta,herd,-0.0424949377775192
25,foreign,beta,underwater,0.0129683781415224
25,institution,beta,momentum,6.560181645909324e-06
25,institution,beta,herd,-0.0046433107927441
25,institution,beta,underwater,4.433402500580996e-05
25,retail,beta,momentum,-0.0307649243623018
25,retail,beta,herd,-0.0320702455937862
25,retail,beta,underwater,0.0294694192707538
26,foreign,beta,momentum,0.0382728241384029
26,foreign,beta,herd,-0.0348142609000206
26,foreign,beta,underwater,0.0110861090943217
26,institution,beta,momentum,0.0001113561520469
26,institution,beta,herd,-0.0046626199036836
26,institution,beta,underwater,-0.0004454648296814
26,retail,beta,momentum,-0.027527566999197
26,retail,beta,herd,-0.0317177809774875
26,retail,beta,underwater,0.0187176950275897
27,foreign,beta,momentum,0.0528815351426601
27,foreign,beta,herd,-0.0456518977880477
27,foreign,beta,underwater,0.0113264508545398
27,institution,beta,momentum,-0.000305971072521
27,institution,beta,herd,-0.0046130828559398
27,institution,beta,underwater,-0.0014304488431662
27,retail,beta,momentum,-0.0310318600386381
27,retail,beta,herd,-0.0303668342530727
27,retail,beta,underwater,0.0289034508168697
28,foreign,beta,momentum,0.0525617562234401
28,foreign,beta,herd,-0.0460491925477981
28,foreign,beta,underwater,0.0152787696570158
28,institution,beta,momentum,-8.821989467833191e-05
28,institution,beta,herd,-0.0046228226274251
28,institution,beta,underwater,-0.0001436982129234
28,retail,beta,momentum,-0.0294110942631959
28,retail,beta,herd,-0.0313122868537902
28,retail,beta,underwater,0.0288273114711046
29,foreign,beta,momentum,0.0554697550833225
29,foreign,beta,herd,-0.0453334003686904
29,foreign,beta,underwater,0.012973753735423
29,institution,beta,momentum,-0.0032959664240479
29,institution,beta,herd,-0.0043551470153033
29,institution,beta,underwater,-0.001677974127233
29,retail,beta,momentum,-0.030515206977725
29,retail,beta,herd,-0.031587153673172
29,retail,beta,underwater,0.0273531973361969
30,foreign,beta,momentum,0.0526409745216369
30,foreign,beta,herd,-0.0429578088223934
30,foreign,beta,underwater,0.0003403002920094
30,institution,beta,momentum,-0.0001971895690076
30,institution,beta,herd,-0.0040602032095193
30,institution,beta,underwater,6.845744792371988e-06
30,retail,beta,momentum,-0.0308990124613046
30,retail,beta,herd,-0.0323441587388515
30,retail,beta,underwater,0.0306542851030826
31,foreign,beta,momentum,0.0372453294694423
31,foreign,beta,herd,-0.0366406068205833
31,foreign,beta,underwater,0.0120035232976078
31,institution,beta,momentum,-1.8228332919534296e-05
31,institution,beta,herd,-0.0041086757555603
31,institution,beta,underwater,5.8665318647399545e-06
31,retail,beta,momentum,-0.0282430779188871
31,retail,beta,herd,-0.0308311432600021
31,retail,beta,underwater,0.0241499133408069
32,foreign,beta,momentum,0.053107526153326
32,foreign,beta,herd,-0.0474880523979663
32,foreign,beta,underwater,0.0108104469254612
32,institution,beta,momentum,-0.0002400389203103
32,institution,beta,herd,-0.0037538199685513
32,institution,beta,underwater,-0.0009372687200084
32,retail,beta,momentum,-0.0319406911730766
32,retail,beta,herd,-0.0318677686154842
32,retail,beta,underwater,0.0313736647367477
33,foreign,beta,momentum,0.0544346384704113
33,foreign,beta,herd,-0.0475920252501964
33,foreign,beta,underwater,0.0152721023187041
33,institution,beta,momentum,-0.0002631127426866
33,institution,beta,herd,-0.0039268280379474
33,institution,beta,underwater,-0.0002747817197814
33,retail,beta,momentum,-0.0308926049619913
33,retail,beta,herd,-0.0313124023377895
33,retail,beta,underwater,0.0301367100328207
34,foreign,beta,momentum,0.058634877204895
34,foreign,beta,herd,-0.0472499914467334
34,foreign,beta,underwater,0.0130812283605337
34,institution,beta,momentum,-0.003843231126666
34,institution,beta,herd,-0.001275690505281
34,institution,beta,underwater,-0.0010912426514551
34,retail,beta,momentum,-0.0313835591077804
34,retail,beta,herd,-0.0314536616206169
34,retail,beta,underwater,0.0283156372606754
35,foreign,beta,momentum,0.0237505212426185
35,foreign,beta,herd,-0.0318919941782951
35,foreign,beta,underwater,0.0005939400289207
35,institution,beta,momentum,0.0005361195653676
35,institution,beta,herd,-0.0045165158808231
35,institution,beta,underwater,2.131491783075034e-06
35,retail,beta,momentum,-0.0285890866070985
35,retail,beta,herd,-0.0324257612228393
35,retail,beta,underwater,0.0256321169435977
36,foreign,beta,momentum,0.0469363741576671
36,foreign,beta,herd,-0.0452112108469009
36,foreign,beta,underwater,0.0053411806002259
36,institution,beta,momentum,3.334254870424047e-05
36,institution,beta,herd,-0.0044953050091862
36,institution,beta,underwater,-0.0003619752533268
36,retail,beta,momentum,-0.0323413200676441
36,retail,beta,herd,-0.0340625792741775
36,retail,beta,underwater,0.0322415456175804
37,foreign,beta,momentum,0.0473966002464294
37,foreign,beta,herd,-0.0447273962199687
37,foreign,beta,underwater,0.013015903532505
37,institution,beta,momentum,0.0002441259712213
37,institution,beta,herd,-0.0045311800204217
37,institution,beta,underwater,-0.0004501631483435
37,retail,beta,momentum,-0.0310381427407264
37,retail,beta,herd,-0.0330480337142944
37,retail,beta,underwater,0.0316535159945488
38,foreign,beta,momentum,0.0514074750244617
38,foreign,beta,herd,-0.0455460622906684
38,foreign,beta,underwater,0.008729051798582
38,institution,beta,momentum,3.1755589589010924e-05
38,institution,beta,herd,-0.0039796307682991
38,institution,beta,underwater,-2.2464810172095895e-06
38,retail,beta,momentum,-0.0324342548847198
38,retail,beta,herd,-0.0332043096423149
38,retail,beta,underwater,0.0304295215755701
39,foreign,beta,momentum,0.0287584010511636
39,foreign,beta,herd,-0.0350064523518085
39,foreign,beta,underwater,0.0037555298767983
39,institution,beta,momentum,0.0003781414416152
39,institution,beta,herd,-0.0045432606711983
39,institution,beta,underwater,-0.0001751004747347
39,retail,beta,momentum,-0.0294357910752296
39,retail,beta,herd,-0.0328579954802989
39,retail,beta,underwater,0.0261176191270351
40,foreign,beta,momentum,0.0357912518084049
40,foreign,beta,herd,-0.0332853272557258
40,foreign,beta,underwater,0.0065712109208106
40,institution,beta,momentum,9.853705705609173e-05
40,institution,beta,herd,-0.0045730248093605
40,institution,beta,underwater,9.958198643289506e-05
40,retail,beta,momentum,-0.029855903238058
40,retail,beta,herd,-0.0329066254198551
40,retail,beta,underwater,0.0279938578605651
41,foreign,beta,momentum,0.0451754257082939
41,foreign,beta,herd,-0.0363685488700866
41,foreign,beta,underwater,0.0109038464725017
41,institution,beta,momentum,-0.0011227154172956
41,institution,beta,herd,-0.0041542607359588
41,institution,beta,underwater,-0.0001357554720016
41,retail,beta,momentum,-0.0296405982226133
41,retail,beta,herd,-0.0334204174578189
41,retail,beta,underwater,0.0232959426939487
42,foreign,beta,momentum,0.0500084646046161
42,foreign,beta,herd,-0.0478415749967098
42,foreign,beta,underwater,0.003436574479565
42,institution,beta,momentum,-1.9840983441099524e-05
42,institution,beta,herd,-0.0045342426747083
42,institution,beta,underwater,-0.0011961536947637
42,retail,beta,momentum,-0.0322376862168312
42,retail,beta,herd,-0.033118188381195
42,retail,beta,underwater,0.0323064029216766
43,foreign,beta,momentum,0.0616055540740489
43,foreign,beta,herd,-0.0462056659162044
43,foreign,beta,underwater,0.0096706114709377
43,institution,beta,momentum,-0.001371158636175
43,institution,beta,herd,-0.0037256784271448
43,institution,beta,underwater,-0.0034294286742806
43,retail,beta,momentum,-0.0323232859373092
43,retail,beta,herd,-0.0331945642828941
43,retail,beta,underwater,0.0305451415479183
44,foreign,beta,momentum,0.0640502944588661
44,foreign,beta,herd,-0.0422398522496223
44,foreign,beta,underwater,0.0091648204252123
44,institution,beta,momentum,-0.0026968005113303
44,institution,beta,herd,-0.003896783106029
44,institution,beta,underwater,-0.0011043502017855
44,retail,beta,momentum,-0.0321610942482948
44,retail,beta,herd,-0.0328038670122623
44,retail,beta,underwater,0.0302637200802564
0,foreign,alpha,kospi_return_1d,0.0301627051085233
0,foreign,alpha,fx_level_z_252,-0.0186985116451978
0,institution,alpha,kospi_return_1d,-0.0002996391267515
0,institution,alpha,fx_level_z_252,1.4537177776219323e-05
0,retail,alpha,kospi_return_1d,-0.0276813395321369
0,retail,alpha,fx_level_z_252,0.0253598392009735
1,foreign,alpha,kospi_return_1d,0.0309377666562795
1,foreign,alpha,fx_level_z_252,-0.0188560243695974
1,institution,alpha,kospi_return_1d,-0.0004019999178126
1,institution,alpha,fx_level_z_252,-0.0020035982597619
1,retail,alpha,kospi_return_1d,-0.0273381453007459
1,retail,alpha,fx_level_z_252,0.0301688164472579
2,foreign,alpha,kospi_return_1d,0.0365620478987693
2,foreign,alpha,fx_level_z_252,-0.0094738621264696
2,institution,alpha,kospi_return_1d,-0.0029195696115493
2,institution,alpha,fx_level_z_252,-0.0005403379327617
2,retail,alpha,kospi_return_1d,-0.0249375291168689
2,retail,alpha,fx_level_z_252,0.0224271193146705
3,foreign,alpha,kospi_return_1d,0.0297085344791412
3,foreign,alpha,fx_level_z_252,-0.0186141543090343
3,institution,alpha,kospi_return_1d,-0.0030528784263879
3,institution,alpha,fx_level_z_252,-0.0003968915552832
3,retail,alpha,kospi_return_1d,-0.024524426087737
3,retail,alpha,fx_level_z_252,0.0268698036670684
4,foreign,alpha,kospi_return_1d,0.0333015397191047
4,foreign,alpha,fx_level_z_252,-0.0236283391714096
4,institution,alpha,kospi_return_1d,-0.0019264338770881
4,institution,alpha,fx_level_z_252,-0.0004431822162587
4,retail,alpha,kospi_return_1d,-0.0279938876628875
4,retail,alpha,fx_level_z_252,0.0276472903788089
5,foreign,alpha,kospi_return_1d,0.0295950882136821
5,foreign,alpha,fx_level_z_252,-0.0357808955013752
5,institution,alpha,kospi_return_1d,-0.0035064504481852
5,institution,alpha,fx_level_z_252,-0.0004938627826049
5,retail,alpha,kospi_return_1d,-0.0235666260123252
5,retail,alpha,fx_level_z_252,0.0307684503495693
6,foreign,alpha,kospi_return_1d,0.0341832265257835
6,foreign,alpha,fx_level_z_252,-0.0096545573323965
6,institution,alpha,kospi_return_1d,-0.002814510371536
6,institution,alpha,fx_level_z_252,-0.0012989902170374
6,retail,alpha,kospi_return_1d,-0.0270425267517566
6,retail,alpha,fx_level_z_252,0.0290358196943998
7,foreign,alpha,kospi_return_1d,0.034208059310913
7,foreign,alpha,fx_level_z_252,-0.0259996317327022
7,institution,alpha,kospi_return_1d,-0.0014481048565357
7,institution,alpha,fx_level_z_252,-0.0001576083595864
7,retail,alpha,kospi_return_1d,-0.0284473896026611
7,retail,alpha,fx_level_z_252,0.0308608412742614
8,foreign,alpha,kospi_return_1d,0.048773780465126
8,foreign,alpha,fx_level_z_252,-0.0228095613420009
8,institution,alpha,kospi_return_1d,-0.0011489007156342
8,institution,alpha,fx_level_z_252,-0.0001775350974639
8,retail,alpha,kospi_return_1d,-0.0310023576021194
8,retail,alpha,fx_level_z_252,0.0246000457555055
9,foreign,alpha,kospi_return_1d,0.0255687665194273
9,foreign,alpha,fx_level_z_252,-0.0281670037657022
9,institution,alpha,kospi_return_1d,4.12309163948521e-05
9,institution,alpha,fx_level_z_252,-3.2148585887625813e-05
9,retail,alpha,kospi_return_1d,-0.0245357565581798
9,retail,alpha,fx_level_z_252,0.0305328853428363
10,foreign,alpha,kospi_return_1d,0.0355197712779045
10,foreign,alpha,fx_level_z_252,-0.0221934374421834
10,institution,alpha,kospi_return_1d,-0.0027677929028868
10,institution,alpha,fx_level_z_252,-0.0001327945356024
10,retail,alpha,kospi_return_1d,-0.0257245171815156
10,retail,alpha,fx_level_z_252,0.0282586012035608
11,foreign,alpha,kospi_return_1d,0.0286067072302103
11,foreign,alpha,fx_level_z_252,-0.0309928096830844
11,institution,alpha,kospi_return_1d,-0.0030178464949131
11,institution,alpha,fx_level_z_252,-8.574085950385779e-05
11,retail,alpha,kospi_return_1d,-0.0206545367836952
11,retail,alpha,fx_level_z_252,0.0305491108447313
12,foreign,alpha,kospi_return_1d,0.0315768495202064
12,foreign,alpha,fx_level_z_252,-0.0356374569237232
12,institution,alpha,kospi_return_1d,-0.0016889965627342
12,institution,alpha,fx_level_z_252,-0.0001056162727763
12,retail,alpha,kospi_return_1d,-0.0252541471272707
12,retail,alpha,fx_level_z_252,0.0302644986659288
13,foreign,alpha,kospi_return_1d,0.0269607361406087
13,foreign,alpha,fx_level_z_252,-0.048394501209259
13,institution,alpha,kospi_return_1d,-0.0033245934173464
13,institution,alpha,fx_level_z_252,-9.885503095574676e-05
13,retail,alpha,kospi_return_1d,-0.0208768360316753
13,retail,alpha,fx_level_z_252,0.0317665487527847
14,foreign,alpha,kospi_return_1d,0.0335675589740276
14,foreign,alpha,fx_level_z_252,-0.023569606244564
14,institution,alpha,kospi_return_1d,-0.0026154855731874
14,institution,alpha,fx_level_z_252,-0.0013693133369088
14,retail,alpha,kospi_return_1d,-0.0247559957206249
14,retail,alpha,fx_level_z_252,0.0320533476769924
15,foreign,alpha,kospi_return_1d,0.0330700352787971
15,foreign,alpha,fx_level_z_252,-0.0375532396137714
15,institution,alpha,kospi_return_1d,-0.0011892298934981
15,institution,alpha,fx_level_z_252,-0.0003262745740357
15,retail,alpha,kospi_return_1d,-0.0250782296061515
15,retail,alpha,fx_level_z_252,0.032787799835205
16,foreign,alpha,kospi_return_1d,0.0382746271789073
16,foreign,alpha,fx_level_z_252,-0.0334605127573013
16,institution,alpha,kospi_return_1d,-0.001135037979111
16,institution,alpha,fx_level_z_252,1.090390287572518e-05
16,retail,alpha,kospi_return_1d,-0.029780339449644
16,retail,alpha,fx_level_z_252,0.0286854337900877
17,foreign,alpha,kospi_return_1d,0.0466211624443531
17,foreign,alpha,fx_level_z_252,-0.0084477523341774
17,institution,alpha,kospi_return_1d,-0.0038498321082443
17,institution,alpha,fx_level_z_252,-0.0042150551453232
17,retail,alpha,kospi_return_1d,-0.0209137815982103
17,retail,alpha,fx_level_z_252,0.0263363476842641
18,foreign,alpha,kospi_return_1d,0.0314199551939964
18,foreign,alpha,fx_level_z_252,-0.0225922018289566
18,institution,alpha,kospi_return_1d,-0.0038904005195945
18,institution,alpha,fx_level_z_252,-0.0032398356124758
18,retail,alpha,kospi_return_1d,-0.0195920784026384
18,retail,alpha,fx_level_z_252,0.0298339538276195
19,foreign,alpha,kospi_return_1d,0.0347660891711711
19,foreign,alpha,fx_level_z_252,-0.0269574169069528
19,institution,alpha,kospi_return_1d,-0.0032491981983184
19,institution,alpha,fx_level_z_252,-0.0034184728283435
19,retail,alpha,kospi_return_1d,-0.0265736691653728
19,retail,alpha,fx_level_z_252,0.03188231959939
20,foreign,alpha,kospi_return_1d,0.0317017622292041
20,foreign,alpha,fx_level_z_252,-0.0418142639100551
20,institution,alpha,kospi_return_1d,-0.0041181906126439
20,institution,alpha,fx_level_z_252,-0.0033243175130337
20,retail,alpha,kospi_return_1d,-0.02176827006042
20,retail,alpha,fx_level_z_252,0.0326840691268444
21,foreign,alpha,kospi_return_1d,0.0367728024721145
21,foreign,alpha,fx_level_z_252,-0.0193161647766828
21,institution,alpha,kospi_return_1d,-0.0037351248320192
21,institution,alpha,fx_level_z_252,-0.0044350586831569
21,retail,alpha,kospi_return_1d,-0.0243137013167142
21,retail,alpha,fx_level_z_252,0.0334145911037921
22,foreign,alpha,kospi_return_1d,0.0355332642793655
22,foreign,alpha,fx_level_z_252,-0.0306333601474761
22,institution,alpha,kospi_return_1d,-0.0030428629834204
22,institution,alpha,fx_level_z_252,-0.0039550722576677
22,retail,alpha,kospi_return_1d,-0.0238958299160003
22,retail,alpha,fx_level_z_252,0.0333536006510257
23,foreign,alpha,kospi_return_1d,0.0405164361000061
23,foreign,alpha,fx_level_z_252,-0.0261531621217727
23,institution,alpha,kospi_return_1d,-0.0029673201497644
23,institution,alpha,fx_level_z_252,-0.0039575439877808
23,retail,alpha,kospi_return_1d,-0.0293038841336965
23,retail,alpha,fx_level_z_252,0.0283071156591177
24,foreign,alpha,kospi_return_1d,0.0426440685987472
24,foreign,alpha,fx_level_z_252,-0.001039435272105
24,institution,alpha,kospi_return_1d,-0.0043050674721598
24,institution,alpha,fx_level_z_252,-0.0003183134540449
24,retail,alpha,kospi_return_1d,-0.01917614787817
24,retail,alpha,fx_level_z_252,0.0220454316586256
25,foreign,alpha,kospi_return_1d,0.0413748696446418
25,foreign,alpha,fx_level_z_252,-0.014475411735475
25,institution,alpha,kospi_return_1d,-0.004119012504816
25,institution,alpha,fx_level_z_252,-0.0024545576889067
25,retail,alpha,kospi_return_1d,-0.024827865883708
25,retail,alpha,fx_level_z_252,0.0271027162671089
26,foreign,alpha,kospi_return_1d,0.0380482114851474
26,foreign,alpha,fx_level_z_252,-0.0303417947143316
26,institution,alpha,kospi_return_1d,-0.004478717688471
26,institution,alpha,fx_level_z_252,-0.0021644853986799
26,retail,alpha,kospi_return_1d,-0.022138962522149
26,retail,alpha,fx_level_z_252,0.0296573396772146
27,foreign,alpha,kospi_return_1d,0.0429256409406662
27,foreign,alpha,fx_level_z_252,-0.0106981210410594
27,institution,alpha,kospi_return_1d,-0.0043721767142415
27,institution,alpha,fx_level_z_252,-0.0041453852318227
27,retail,alpha,kospi_return_1d,-0.0260230004787445
27,retail,alpha,fx_level_z_252,0.0300456676632165
28,foreign,alpha,kospi_return_1d,0.0415642596781253
28,foreign,alpha,fx_level_z_252,-0.0181291401386261
28,institution,alpha,kospi_return_1d,-0.0041079563088715
28,institution,alpha,fx_level_z_252,-0.0035051105078309
28,retail,alpha,kospi_return_1d,-0.0232389569282531
28,retail,alpha,fx_level_z_252,0.0289050657302141
29,foreign,alpha,kospi_return_1d,0.0469737946987152
29,foreign,alpha,fx_level_z_252,-0.0172459334135055
29,institution,alpha,kospi_return_1d,-0.0040702624246478
29,institution,alpha,fx_level_z_252,-0.0032289503142237
29,retail,alpha,kospi_return_1d,-0.0291697904467582
29,retail,alpha,fx_level_z_252,0.0199297126382589
30,foreign,alpha,kospi_return_1d,0.0375980362296104
30,foreign,alpha,fx_level_z_252,-0.0259761326014995
30,institution,alpha,kospi_return_1d,-0.0040568858385086
30,institution,alpha,fx_level_z_252,-0.0004285635950509
30,retail,alpha,kospi_return_1d,-0.0206333082169294
30,retail,alpha,fx_level_z_252,0.0312480833381414
31,foreign,alpha,kospi_return_1d,0.0308631509542465
31,foreign,alpha,fx_level_z_252,-0.0407314375042915
31,institution,alpha,kospi_return_1d,-0.0045128823257982
31,institution,alpha,fx_level_z_252,-1.0317045962437987e-05
31,retail,alpha,kospi_return_1d,-0.0157280825078487
31,retail,alpha,fx_level_z_252,0.0320487692952156
32,foreign,alpha,kospi_return_1d,0.0363133959472179
32,foreign,alpha,fx_level_z_252,-0.019608836621046
32,institution,alpha,kospi_return_1d,-0.0044287238270044
32,institution,alpha,fx_level_z_252,-0.0034235275816172
32,retail,alpha,kospi_return_1d,-0.0220023766160011
32,retail,alpha,fx_level_z_252,0.0316303111612796
33,foreign,alpha,kospi_return_1d,0.0347135663032531
33,foreign,alpha,fx_level_z_252,-0.0295467469841241
33,institution,alpha,kospi_return_1d,-0.0041805487126111
33,institution,alpha,fx_level_z_252,-0.00138875329867
33,retail,alpha,kospi_return_1d,-0.0194327514618635
33,retail,alpha,fx_level_z_252,0.0321811810135841
34,foreign,alpha,kospi_return_1d,0.0397805757820606
34,foreign,alpha,fx_level_z_252,-0.0266215074807405
34,institution,alpha,kospi_return_1d,-0.0041834902949631
34,institution,alpha,fx_level_z_252,-0.0014003836549818
34,retail,alpha,kospi_return_1d,-0.024793155491352
34,retail,alpha,fx_level_z_252,0.0268925856798887
35,foreign,alpha,kospi_return_1d,0.0316542275249958
35,foreign,alpha,fx_level_z_252,-0.0439505279064178
35,institution,alpha,kospi_return_1d,-0.0042944336310029
35,institution,alpha,fx_level_z_252,-0.0001034687302308
35,retail,alpha,kospi_return_1d,-0.0233251620084047
35,retail,alpha,fx_level_z_252,0.0332066342234611
36,foreign,alpha,kospi_return_1d,0.0394090339541435
36,foreign,alpha,fx_level_z_252,-0.0241256635636091
36,institution,alpha,kospi_return_1d,-0.0041261324658989
36,institution,alpha,fx_level_z_252,-0.0032505963463336
36,retail,alpha,kospi_return_1d,-0.0236445143818855
36,retail,alpha,fx_level_z_252,0.032169010490179
37,foreign,alpha,kospi_return_1d,0.0389723032712936
37,foreign,alpha,fx_level_z_252,-0.0324493907392025
37,institution,alpha,kospi_return_1d,-0.0037006512284278
37,institution,alpha,fx_level_z_252,-0.0017475553322583
37,retail,alpha,kospi_return_1d,-0.0257362481206655
37,retail,alpha,fx_level_z_252,0.0331697911024093
38,foreign,alpha,kospi_return_1d,0.0434422045946121
38,foreign,alpha,fx_level_z_252,-0.0299805309623479
38,institution,alpha,kospi_return_1d,-0.0037562295328825
38,institution,alpha,fx_level_z_252,-0.0020090376492589
38,retail,alpha,kospi_return_1d,-0.02869170345366
38,retail,alpha,fx_level_z_252,0.0289356913417577
39,foreign,alpha,kospi_return_1d,0.0169399250298738
39,foreign,alpha,fx_level_z_252,-0.0325620137155056
39,institution,alpha,kospi_return_1d,-0.0045165214687585
39,institution,alpha,fx_level_z_252,-0.0032647396437823
39,retail,alpha,kospi_return_1d,-0.0214538928121328
39,retail,alpha,fx_level_z_252,0.0332329794764518
40,foreign,alpha,kospi_return_1d,0.0360690876841545
40,foreign,alpha,fx_level_z_252,-0.0495377592742443
40,institution,alpha,kospi_return_1d,-0.0043499385938048
40,institution,alpha,fx_level_z_252,-0.0013884284999221
40,retail,alpha,kospi_return_1d,-0.0202009733766317
40,retail,alpha,fx_level_z_252,0.0339679569005966
41,foreign,alpha,kospi_return_1d,0.0380823276937007
41,foreign,alpha,fx_level_z_252,-0.0409197844564914
41,institution,alpha,kospi_return_1d,-0.0042703878134489
41,institution,alpha,fx_level_z_252,-0.0019412360852584
41,retail,alpha,kospi_return_1d,-0.027002053335309
41,retail,alpha,fx_level_z_252,0.0315364636480808
42,foreign,alpha,kospi_return_1d,0.0400631129741668
42,foreign,alpha,fx_level_z_252,-0.0140921538695693
42,institution,alpha,kospi_return_1d,-0.0040644714608788
42,institution,alpha,fx_level_z_252,-0.0038577942177653
42,retail,alpha,kospi_return_1d,-0.0255190022289752
42,retail,alpha,fx_level_z_252,0.0329978466033935
43,foreign,alpha,kospi_return_1d,0.0463366545736789
43,foreign,alpha,fx_level_z_252,-0.0217210035771131
43,institution,alpha,kospi_return_1d,-0.0041321571916341
43,institution,alpha,fx_level_z_252,-0.0043207360431551
43,retail,alpha,kospi_return_1d,-0.0300027206540107
43,retail,alpha,fx_level_z_252,0.0309128351509571
44,foreign,alpha,kospi_return_1d,0.0447430051863193
44,foreign,alpha,fx_level_z_252,-0.0323334708809852
44,institution,alpha,kospi_return_1d,-0.0033388189040124
44,institution,alpha,fx_level_z_252,-0.0025729353073984
44,retail,alpha,kospi_return_1d,-0.0301753897219896
44,retail,alpha,fx_level_z_252,0.0308675821870565
