split,investor,comparison,metric,improvement
0,foreign,컨텍스트 없음,direction_accuracy,-1.0309278350515538
0,institution,컨텍스트 없음,direction_accuracy,1.5463917525773196
0,retail,컨텍스트 없음,direction_accuracy,4.123711340206182
1,foreign,컨텍스트 없음,direction_accuracy,2.0618556701030966
1,institution,컨텍스트 없음,direction_accuracy,-0.5154639175257714
1,retail,컨텍스트 없음,direction_accuracy,-7.216494845360821
2,foreign,컨텍스트 없음,direction_accuracy,2.577319587628868
2,institution,컨텍스트 없음,direction_accuracy,10.309278350515461
2,retail,컨텍스트 없음,direction_accuracy,-0.5154639175257714
3,foreign,컨텍스트 없음,direction_accuracy,1.0309278350515427
3,institution,컨텍스트 없음,direction_accuracy,5.670103092783507
3,retail,컨텍스트 없음,direction_accuracy,1.0309278350515538
4,foreign,컨텍스트 없음,direction_accuracy,3.6082474226804218
4,institution,컨텍스트 없음,direction_accuracy,7.216494845360821
4,retail,컨텍스트 없음,direction_accuracy,2.0618556701030966
5,foreign,컨텍스트 없음,direction_accuracy,-1.0309278350515427
5,institution,컨텍스트 없음,direction_accuracy,7.731958762886604
5,retail,컨텍스트 없음,direction_accuracy,-4.639175257731953
6,foreign,컨텍스트 없음,direction_accuracy,-2.577319587628868
6,institution,컨텍스트 없음,direction_accuracy,7.731958762886593
6,retail,컨텍스트 없음,direction_accuracy,-2.0618556701030966
7,foreign,컨텍스트 없음,direction_accuracy,1.0309278350515538
7,institution,컨텍스트 없음,direction_accuracy,8.24742268041237
7,retail,컨텍스트 없음,direction_accuracy,0.5154639175257714
8,foreign,컨텍스트 없음,direction_accuracy,5.58375634517766
8,institution,컨텍스트 없음,direction_accuracy,-1.0152284263959421
8,retail,컨텍스트 없음,direction_accuracy,2.5380710659898553
9,foreign,컨텍스트 없음,direction_accuracy,-3.6082474226804107
9,institution,컨텍스트 없음,direction_accuracy,3.0927835051546393
9,retail,컨텍스트 없음,direction_accuracy,-2.0618556701030966
10,foreign,컨텍스트 없음,direction_accuracy,2.577319587628868
10,institution,컨텍스트 없음,direction_accuracy,8.247422680412376
10,retail,컨텍스트 없음,direction_accuracy,1.0309278350515538
11,foreign,컨텍스트 없음,direction_accuracy,-1.0309278350515427
11,institution,컨텍스트 없음,direction_accuracy,1.0309278350515427
11,retail,컨텍스트 없음,direction_accuracy,2.0618556701030855
12,foreign,컨텍스트 없음,direction_accuracy,1.546391752577314
12,institution,컨텍스트 없음,direction_accuracy,3.6082474226804164
12,retail,컨텍스트 없음,direction_accuracy,5.670103092783507
13,foreign,컨텍스트 없음,direction_accuracy,1.0309278350515427
13,institution,컨텍스트 없음,direction_accuracy,3.6082474226804218
13,retail,컨텍스트 없음,direction_accuracy,-1.5463917525773252
14,foreign,컨텍스트 없음,direction_accuracy,-1.546391752577314
14,institution,컨텍스트 없음,direction_accuracy,2.0618556701030966
14,retail,컨텍스트 없음,direction_accuracy,2.577319587628868
15,foreign,컨텍스트 없음,direction_accuracy,-4.123711340206182
15,institution,컨텍스트 없음,direction_accuracy,8.762886597938147
15,retail,컨텍스트 없음,direction_accuracy,3.6082474226804107
16,foreign,컨텍스트 없음,direction_accuracy,1.015228426395931
16,institution,컨텍스트 없음,direction_accuracy,4.060913705583758
16,retail,컨텍스트 없음,direction_accuracy,2.538071065989844
17,foreign,컨텍스트 없음,direction_accuracy,-3.0927835051546393
17,institution,컨텍스트 없음,direction_accuracy,-7.731958762886604
17,retail,컨텍스트 없음,direction_accuracy,-0.5154639175257714
18,foreign,컨텍스트 없음,direction_accuracy,-4.639175257731953
18,institution,컨텍스트 없음,direction_accuracy,-8.247422680412376
18,retail,컨텍스트 없음,direction_accuracy,-1.0309278350515538
19,foreign,컨텍스트 없음,direction_accuracy,0.5154639175257825
19,institution,컨텍스트 없음,direction_accuracy,-0.5154639175257714
19,retail,컨텍스트 없음,direction_accuracy,2.061855670103091
20,foreign,컨텍스트 없음,direction_accuracy,-7.216494845360833
20,institution,컨텍스트 없음,direction_accuracy,0.0
20,retail,컨텍스트 없음,direction_accuracy,-4.639175257731953
21,foreign,컨텍스트 없음,direction_accuracy,-0.5154639175257714
21,institution,컨텍스트 없음,direction_accuracy,-5.154639175257724
21,retail,컨텍스트 없음,direction_accuracy,-5.154639175257724
22,foreign,컨텍스트 없음,direction_accuracy,-6.185567010309279
22,institution,컨텍스트 없음,direction_accuracy,-3.0927835051546335
22,retail,컨텍스트 없음,direction_accuracy,-1.0309278350515538
23,foreign,컨텍스트 없음,direction_accuracy,-2.0304568527918843
23,institution,컨텍스트 없음,direction_accuracy,-5.076142131979699
23,retail,컨텍스트 없음,direction_accuracy,0.0
24,foreign,컨텍스트 없음,direction_accuracy,3.6082474226804107
24,institution,컨텍스트 없음,direction_accuracy,-2.0618556701030855
24,retail,컨텍스트 없음,direction_accuracy,-0.5154639175257714
25,foreign,컨텍스트 없음,direction_accuracy,1.0309278350515427
25,institution,컨텍스트 없음,direction_accuracy,4.123711340206182
25,retail,컨텍스트 없음,direction_accuracy,5.154639175257736
26,foreign,컨텍스트 없음,direction_accuracy,0.0
26,institution,컨텍스트 없음,direction_accuracy,3.0927835051546393
26,retail,컨텍스트 없음,direction_accuracy,-2.0618556701030966
27,foreign,컨텍스트 없음,direction_accuracy,3.6082474226804107
27,institution,컨텍스트 없음,direction_accuracy,-3.6082474226804107
27,retail,컨텍스트 없음,direction_accuracy,0.0
28,foreign,컨텍스트 없음,direction_accuracy,-0.5154639175257714
28,institution,컨텍스트 없음,direction_accuracy,-1.0309278350515427
28,retail,컨텍스트 없음,direction_accuracy,1.5463917525773252
29,foreign,컨텍스트 없음,direction_accuracy,3.5532994923857864
29,institution,컨텍스트 없음,direction_accuracy,-2.538071065989844
29,retail,컨텍스트 없음,direction_accuracy,1.0152284263959421
30,foreign,컨텍스트 없음,direction_accuracy,3.0927835051546393
30,institution,컨텍스트 없음,direction_accuracy,4.123711340206182
30,retail,컨텍스트 없음,direction_accuracy,3.6082474226804107
31,foreign,컨텍스트 없음,direction_accuracy,-1.5463917525773252
31,institution,컨텍스트 없음,direction_accuracy,-4.123711340206193
31,retail,컨텍스트 없음,direction_accuracy,-1.546391752577314
32,foreign,컨텍스트 없음,direction_accuracy,2.0618556701030966
32,institution,컨텍스트 없음,direction_accuracy,-9.278350515463918
32,retail,컨텍스트 없음,direction_accuracy,0.0
33,foreign,컨텍스트 없음,direction_accuracy,-1.546391752577314
33,institution,컨텍스트 없음,direction_accuracy,-2.577319587628868
33,retail,컨텍스트 없음,direction_accuracy,2.577319587628868
34,foreign,컨텍스트 없음,direction_accuracy,2.5380710659898553
34,institution,컨텍스트 없음,direction_accuracy,-1.5228426395939076
34,retail,컨텍스트 없음,direction_accuracy,1.522842639593902
35,foreign,컨텍스트 없음,direction_accuracy,0.5154639175257714
35,institution,컨텍스트 없음,direction_accuracy,-1.546391752577314
35,retail,컨텍스트 없음,direction_accuracy,1.5463917525773252
36,foreign,컨텍스트 없음,direction_accuracy,4.123711340206193
36,institution,컨텍스트 없음,direction_accuracy,2.061855670103091
36,retail,컨텍스트 없음,direction_accuracy,3.6082474226804218
37,foreign,컨텍스트 없음,direction_accuracy,-6.70103092783505
37,institution,컨텍스트 없음,direction_accuracy,14.432989690721648
37,retail,컨텍스트 없음,direction_accuracy,6.185567010309284
38,foreign,컨텍스트 없음,direction_accuracy,3.5532994923857864
38,institution,컨텍스트 없음,direction_accuracy,9.137055837563462
38,retail,컨텍스트 없음,direction_accuracy,5.076142131979699
39,foreign,컨텍스트 없음,direction_accuracy,-1.0309278350515427
39,institution,컨텍스트 없음,direction_accuracy,1.5463917525773252
39,retail,컨텍스트 없음,direction_accuracy,-4.6391752577319645
40,foreign,컨텍스트 없음,direction_accuracy,-2.577319587628868
40,institution,컨텍스트 없음,direction_accuracy,9.793814432989695
40,retail,컨텍스트 없음,direction_accuracy,-1.0309278350515538
41,foreign,컨텍스트 없음,direction_accuracy,-0.50761421319796
41,institution,컨텍스트 없음,direction_accuracy,6.091370558375636
41,retail,컨텍스트 없음,direction_accuracy,0.0
42,foreign,컨텍스트 없음,direction_accuracy,-0.5154639175257714
42,institution,컨텍스트 없음,direction_accuracy,0.5154639175257714
42,retail,컨텍스트 없음,direction_accuracy,2.0618556701030855
43,foreign,컨텍스트 없음,direction_accuracy,8.121827411167516
43,institution,컨텍스트 없음,direction_accuracy,-5.076142131979699
43,retail,컨텍스트 없음,direction_accuracy,4.060913705583746
44,foreign,컨텍스트 없음,direction_accuracy,0.0
44,institution,컨텍스트 없음,direction_accuracy,4.5685279187817285
44,retail,컨텍스트 없음,direction_accuracy,4.5685279187817285
0,foreign,컨텍스트 없음,correlation,1.8054631318609682
0,institution,컨텍스트 없음,correlation,2.30685207890818
0,retail,컨텍스트 없음,correlation,6.39737235025285
1,foreign,컨텍스트 없음,correlation,3.1905079118678072
1,institution,컨텍스트 없음,correlation,2.5169898807364603
1,retail,컨텍스트 없음,correlation,-3.9559384959183626
2,foreign,컨텍스트 없음,correlation,0.48494540141352793
2,institution,컨텍스트 없음,correlation,9.37733854545613
2,retail,컨텍스트 없음,correlation,-0.6402972134884388
3,foreign,컨텍스트 없음,correlation,6.492092732256138
3,institution,컨텍스트 없음,correlation,4.693945730890969
3,retail,컨텍스트 없음,correlation,3.604943711639658
4,foreign,컨텍스트 없음,correlation,0.31050210301120096
4,institution,컨텍스트 없음,correlation,6.408709120082171
4,retail,컨텍스트 없음,correlation,-9.138148982233718
5,foreign,컨텍스트 없음,correlation,-5.9260122560062465
5,institution,컨텍스트 없음,correlation,6.0803954703961205
5,retail,컨텍스트 없음,correlation,-6.751410353289488
6,foreign,컨텍스트 없음,correlation,0.1684310829714708
6,institution,컨텍스트 없음,correlation,1.3584566120188302
6,retail,컨텍스트 없음,correlation,-5.160589799680871
7,foreign,컨텍스트 없음,correlation,1.0797104015402126
7,institution,컨텍스트 없음,correlation,5.93295542278017
7,retail,컨텍스트 없음,correlation,-3.06052938843481
8,foreign,컨텍스트 없음,correlation,0.1462120728113414
8,institution,컨텍스트 없음,correlation,2.15298756652312
8,retail,컨텍스트 없음,correlation,-1.3930045251811907
9,foreign,컨텍스트 없음,correlation,5.400134525971778
9,institution,컨텍스트 없음,correlation,1.6368535793409897
9,retail,컨텍스트 없음,correlation,3.7502688179239185
10,foreign,컨텍스트 없음,correlation,8.583169334300445
10,institution,컨텍스트 없음,correlation,7.4026669595429
10,retail,컨텍스트 없음,correlation,7.0015448532933675
11,foreign,컨텍스트 없음,correlation,7.816778939074581
11,institution,컨텍스트 없음,correlation,7.261408247682391
11,retail,컨텍스트 없음,correlation,12.009265718831752
12,foreign,컨텍스트 없음,correlation,4.512457583764751
12,institution,컨텍스트 없음,correlation,3.9449474385176
12,retail,컨텍스트 없음,correlation,2.0927994519264304
13,foreign,컨텍스트 없음,correlation,-16.90013543073892
13,institution,컨텍스트 없음,correlation,4.3622993438816104
13,retail,컨텍스트 없음,correlation,5.933082891615027
14,foreign,컨텍스트 없음,correlation,3.4892744098931896
14,institution,컨텍스트 없음,correlation,-1.3921054092332699
14,retail,컨텍스트 없음,correlation,4.17497873436423
15,foreign,컨텍스트 없음,correlation,3.014695647707616
15,institution,컨텍스트 없음,correlation,10.281117221279601
15,retail,컨텍스트 없음,correlation,6.487900034305569
16,foreign,컨텍스트 없음,correlation,1.766882584579682
16,institution,컨텍스트 없음,correlation,1.10871008161268
16,retail,컨텍스트 없음,correlation,1.21477053359611
17,foreign,컨텍스트 없음,correlation,-5.289301285119671
17,institution,컨텍스트 없음,correlation,-2.0529196210143
17,retail,컨텍스트 없음,correlation,-0.27248861553518106
18,foreign,컨텍스트 없음,correlation,-1.1470030848087287
18,institution,컨텍스트 없음,correlation,-1.7450997770996595
18,retail,컨텍스트 없음,correlation,0.09458498317199138
19,foreign,컨텍스트 없음,correlation,2.5622759639727266
19,institution,컨텍스트 없음,correlation,-1.3366823926990998
19,retail,컨텍스트 없음,correlation,1.4167291130509005
20,foreign,컨텍스트 없음,correlation,-9.021978157043954
20,institution,컨텍스트 없음,correlation,-3.09489845063013
20,retail,컨텍스트 없음,correlation,-0.862988268225251
21,foreign,컨텍스트 없음,correlation,3.2219012039095496
21,institution,컨텍스트 없음,correlation,-4.854154887931431
21,retail,컨텍스트 없음,correlation,2.731056339123819
22,foreign,컨텍스트 없음,correlation,2.5956399963373484
22,institution,컨텍스트 없음,correlation,-1.2166248416719303
22,retail,컨텍스트 없음,correlation,-2.74953792753338
23,foreign,컨텍스트 없음,correlation,0.32611723242615964
23,institution,컨텍스트 없음,correlation,-4.471975187502139
23,retail,컨텍스트 없음,correlation,3.6361275574230607
24,foreign,컨텍스트 없음,correlation,1.5698351256358518
24,institution,컨텍스트 없음,correlation,-3.4901591828807006
24,retail,컨텍스트 없음,correlation,-0.22172063937596076
25,foreign,컨텍스트 없음,correlation,-3.5830199195515195
25,institution,컨텍스트 없음,correlation,2.8639113432357393
25,retail,컨텍스트 없음,correlation,5.78504466108192
26,foreign,컨텍스트 없음,correlation,-8.303423872701249
26,institution,컨텍스트 없음,correlation,0.45992062732189004
26,retail,컨텍스트 없음,correlation,0.807988241663421
27,foreign,컨텍스트 없음,correlation,1.8725194910029885
27,institution,컨텍스트 없음,correlation,-6.8305298934442105
27,retail,컨텍스트 없음,correlation,5.707216576546081
28,foreign,컨텍스트 없음,correlation,0.9943256122783101
28,institution,컨텍스트 없음,correlation,0.3235839857634801
28,retail,컨텍스트 없음,correlation,-2.83801030770634
29,foreign,컨텍스트 없음,correlation,-0.7834364695826004
29,institution,컨텍스트 없음,correlation,-5.04142846983864
29,retail,컨텍스트 없음,correlation,0.69496430694961
30,foreign,컨텍스트 없음,correlation,1.7039943914908484
30,institution,컨텍스트 없음,correlation,-1.5072611823725102
30,retail,컨텍스트 없음,correlation,4.862200269688502
31,foreign,컨텍스트 없음,correlation,-9.997648542186482
31,institution,컨텍스트 없음,correlation,-11.49297515269242
31,retail,컨텍스트 없음,correlation,1.437124396512529
32,foreign,컨텍스트 없음,correlation,7.414446352678489
32,institution,컨텍스트 없음,correlation,-5.4490113509703
32,retail,컨텍스트 없음,correlation,8.58351676502772
33,foreign,컨텍스트 없음,correlation,4.028258536608509
33,institution,컨텍스트 없음,correlation,-3.1689321635189893
33,retail,컨텍스트 없음,correlation,-1.9308891398561456
34,foreign,컨텍스트 없음,correlation,1.2293694862169204
34,institution,컨텍스트 없음,correlation,-2.3422436090288006
34,retail,컨텍스트 없음,correlation,1.1039879383609703
35,foreign,컨텍스트 없음,correlation,-21.92589627168843
35,institution,컨텍스트 없음,correlation,-7.34232592354372
35,retail,컨텍스트 없음,correlation,-2.943295646295363
36,foreign,컨텍스트 없음,correlation,0.5846112200563136
36,institution,컨텍스트 없음,correlation,-5.10972000787297
36,retail,컨텍스트 없음,correlation,1.0549404995922411
37,foreign,컨텍스트 없음,correlation,-5.82630095575567
37,institution,컨텍스트 없음,correlation,2.8938886204852103
37,retail,컨텍스트 없음,correlation,-1.9362764887152188
38,foreign,컨텍스트 없음,correlation,-2.575808096025739
38,institution,컨텍스트 없음,correlation,-3.7786942369765293
38,retail,컨텍스트 없음,correlation,2.7946606562485115
39,foreign,컨텍스트 없음,correlation,-13.477097370780399
39,institution,컨텍스트 없음,correlation,-5.34626551850892
39,retail,컨텍스트 없음,correlation,1.3702050045154512
40,foreign,컨텍스트 없음,correlation,-12.156636709949309
40,institution,컨텍스트 없음,correlation,-2.9547652379981
40,retail,컨텍스트 없음,correlation,-3.0835810003993713
41,foreign,컨텍스트 없음,correlation,-8.52440341326252
41,institution,컨텍스트 없음,correlation,-13.012096062278031
41,retail,컨텍스트 없음,correlation,-5.64214960111713
42,foreign,컨텍스트 없음,correlation,1.5749401358565396
42,institution,컨텍스트 없음,correlation,-2.5355443556374806
42,retail,컨텍스트 없음,correlation,2.857078084434322
43,foreign,컨텍스트 없음,correlation,0.12445870113831914
43,institution,컨텍스트 없음,correlation,-2.2335429160315696
43,retail,컨텍스트 없음,correlation,1.610346986122041
44,foreign,컨텍스트 없음,correlation,2.8104129490007788
44,institution,컨텍스트 없음,correlation,-3.2656976665770805
44,retail,컨텍스트 없음,correlation,0.5521437770701604
0,foreign,컨텍스트 없음,mae,0.006123077842126595
0,institution,컨텍스트 없음,mae,0.0001703514105064058
0,retail,컨텍스트 없음,mae,0.0009007526444002045
1,foreign,컨텍스트 없음,mae,0.0019759726628106877
1,institution,컨텍스트 없음,mae,0.00025016742325800756
1,retail,컨텍스트 없음,mae,-0.0013433136393978806
2,foreign,컨텍스트 없음,mae,0.0014784333593760024
2,institution,컨텍스트 없음,mae,0.0004272920271705116
2,retail,컨텍스트 없음,mae,0.001200343216961386
3,foreign,컨텍스트 없음,mae,0.0035507195808003045
3,institution,컨텍스트 없음,mae,0.000341931532077705
3,retail,컨텍스트 없음,mae,0.0063351826723089255
4,foreign,컨텍스트 없음,mae,0.0008757651495338026
4,institution,컨텍스트 없음,mae,0.0002784112983922893
4,retail,컨텍스트 없음,mae,0.0006804626480648168
5,foreign,컨텍스트 없음,mae,-0.002428249362976198
5,institution,컨텍스트 없음,mae,0.0004188818201486949
5,retail,컨텍스트 없음,mae,0.0011423002597251986
6,foreign,컨텍스트 없음,mae,0.0006703370329972091
6,institution,컨텍스트 없음,mae,0.00015382841619489274
6,retail,컨텍스트 없음,mae,0.0004994610562132906
7,foreign,컨텍스트 없음,mae,0.0008070223410278077
7,institution,컨텍스트 없음,mae,0.000302146971192796
7,retail,컨텍스트 없음,mae,-9.144847605319084e-05
8,foreign,컨텍스트 없음,mae,-0.003895965197979301
8,institution,컨텍스트 없음,mae,3.1851548204925306e-06
8,retail,컨텍스트 없음,mae,-0.0005563439749333154
9,foreign,컨텍스트 없음,mae,0.0033451305461847103
9,institution,컨텍스트 없음,mae,0.00035947727052729195
9,retail,컨텍스트 없음,mae,0.0037568207138899967
10,foreign,컨텍스트 없음,mae,0.006803286032101397
10,institution,컨텍스트 없음,mae,0.000596801215729012
10,retail,컨텍스트 없음,mae,0.0056214101430143715
11,foreign,컨텍스트 없음,mae,0.00491458221492308
11,institution,컨텍스트 없음,mae,0.0005564112347501982
11,retail,컨텍스트 없음,mae,0.008920043676890033
12,foreign,컨텍스트 없음,mae,0.001949277357198298
12,institution,컨텍스트 없음,mae,0.00025003035563669895
12,retail,컨텍스트 없음,mae,0.007954508389019899
13,foreign,컨텍스트 없음,mae,-0.013077728849950898
13,institution,컨텍스트 없음,mae,0.000473203254363605
13,retail,컨텍스트 없음,mae,0.006453721598030815
14,foreign,컨텍스트 없음,mae,0.007963097947796677
14,institution,컨텍스트 없음,mae,0.0004617679643938999
14,retail,컨텍스트 없음,mae,0.012803803859326585
15,foreign,컨텍스트 없음,mae,0.00019154582628999606
15,institution,컨텍스트 없음,mae,0.0006374286705565085
15,retail,컨텍스트 없음,mae,0.006287758838692592
16,foreign,컨텍스트 없음,mae,-0.0034302032563297002
16,institution,컨텍스트 없음,mae,0.00013125312213520257
16,retail,컨텍스트 없음,mae,0.0015133423588905015
17,foreign,컨텍스트 없음,mae,-0.0011484332986658186
17,institution,컨텍스트 없음,mae,-0.0003445040186765974
17,retail,컨텍스트 없음,mae,0.0028017779941832965
18,foreign,컨텍스트 없음,mae,-0.0008282837609174809
18,institution,컨텍스트 없음,mae,1.0372713076495232e-05
18,retail,컨텍스트 없음,mae,0.005873972031266217
19,foreign,컨텍스트 없음,mae,0.0007452736113618963
19,institution,컨텍스트 없음,mae,-1.3322192617792883e-05
19,retail,컨텍스트 없음,mae,0.0030478682433802695
20,foreign,컨텍스트 없음,mae,-0.00901740421565031
20,institution,컨텍스트 없음,mae,-4.028230021919932e-05
20,retail,컨텍스트 없음,mae,0.0016749482481864808
21,foreign,컨텍스트 없음,mae,0.0036367219332701928
21,institution,컨텍스트 없음,mae,-0.0008402682131080919
21,retail,컨텍스트 없음,mae,0.002611318269514107
22,foreign,컨텍스트 없음,mae,-0.0027584314205895133
22,institution,컨텍스트 없음,mae,-9.36396701252118e-05
22,retail,컨텍스트 없음,mae,-0.0017322665632500955
23,foreign,컨텍스트 없음,mae,-0.0030613510117766807
23,institution,컨텍스트 없음,mae,-0.00025155561981159147
23,retail,컨텍스트 없음,mae,-0.002490034638927663
24,foreign,컨텍스트 없음,mae,0.0003928772363447075
24,institution,컨텍스트 없음,mae,-4.210315991880209e-05
24,retail,컨텍스트 없음,mae,0.008191385330421075
25,foreign,컨텍스트 없음,mae,0.0008863885409904071
25,institution,컨텍스트 없음,mae,7.627427322395852e-06
25,retail,컨텍스트 없음,mae,0.005995131253754504
26,foreign,컨텍스트 없음,mae,-0.004249124368892687
26,institution,컨텍스트 없음,mae,0.0001752650778988063
26,retail,컨텍스트 없음,mae,0.0022707640711870924
27,foreign,컨텍스트 없음,mae,0.0038626403694843048
27,institution,컨텍스트 없음,mae,-0.0005505718965893996
27,retail,컨텍스트 없음,mae,0.0053484965615051006
28,foreign,컨텍스트 없음,mae,0.0018928077950421118
28,institution,컨텍스트 없음,mae,-0.0004956353085682902
28,retail,컨텍스트 없음,mae,0.00399497694926354
29,foreign,컨텍스트 없음,mae,-0.0051678931952199025
29,institution,컨텍스트 없음,mae,-0.00032569768174958713
29,retail,컨텍스트 없음,mae,-0.0011764478628633057
30,foreign,컨텍스트 없음,mae,0.001956513272742405
30,institution,컨텍스트 없음,mae,-0.00012323330004609945
30,retail,컨텍스트 없음,mae,0.009120783012494693
31,foreign,컨텍스트 없음,mae,-0.006904256062044423
31,institution,컨텍스트 없음,mae,-0.0002076866525966975
31,retail,컨텍스트 없음,mae,0.0047872738970309026
32,foreign,컨텍스트 없음,mae,0.006415727341574001
32,institution,컨텍스트 없음,mae,-0.0003850252231639012
32,retail,컨텍스트 없음,mae,0.008678842939618903
33,foreign,컨텍스트 없음,mae,-0.00017469263630770504
33,institution,컨텍스트 없음,mae,-9.269733269309799e-05
33,retail,컨텍스트 없음,mae,0.007023427918968594
34,foreign,컨텍스트 없음,mae,-0.0013888766758644866
34,institution,컨텍스트 없음,mae,-0.00040193029539310754
34,retail,컨텍스트 없음,mae,0.003997056477887506
35,foreign,컨텍스트 없음,mae,-0.016092967318362517
35,institution,컨텍스트 없음,mae,-0.0003511210175910079
35,retail,컨텍스트 없음,mae,0.0035061476531333124
36,foreign,컨텍스트 없음,mae,0.0041077320233524894
36,institution,컨텍스트 없음,mae,-0.000268416192748408
36,retail,컨텍스트 없음,mae,0.006019763802130179
37,foreign,컨텍스트 없음,mae,-0.0038836698986039753
37,institution,컨텍스트 없음,mae,0.00015491109620270616
37,retail,컨텍스트 없음,mae,0.0037886998856190846
38,foreign,컨텍스트 없음,mae,-0.003004473412461406
38,institution,컨텍스트 없음,mae,0.00018202250731480518
38,retail,컨텍스트 없음,mae,0.0008047001949288979
39,foreign,컨텍스트 없음,mae,-0.002166221966035692
39,institution,컨텍스트 없음,mae,-2.5817478212800116e-05
39,retail,컨텍스트 없음,mae,0.00033144255231148945
40,foreign,컨텍스트 없음,mae,-0.013960002715694586
40,institution,컨텍스트 없음,mae,0.00013516183842449125
40,retail,컨텍스트 없음,mae,0.002360291265373682
41,foreign,컨텍스트 없음,mae,-0.006995492474161785
41,institution,컨텍스트 없음,mae,-0.0001058051055751047
41,retail,컨텍스트 없음,mae,-0.006736517259803898
42,foreign,컨텍스트 없음,mae,0.001879495928020808
42,institution,컨텍스트 없음,mae,-0.0002559454514244053
42,retail,컨텍스트 없음,mae,0.004599945754120122
43,foreign,컨텍스트 없음,mae,0.0003183495707166917
43,institution,컨텍스트 없음,mae,-0.001622485216079994
43,retail,컨텍스트 없음,mae,0.0004190643256538895
44,foreign,컨텍스트 없음,mae,-0.0158170313570829
44,institution,컨텍스트 없음,mae,-5.541675596149043e-05
44,retail,컨텍스트 없음,mae,-0.0028562148829667233
0,foreign,상호작용 B만,direction_accuracy,-1.0309278350515538
0,institution,상호작용 B만,direction_accuracy,0.5154639175257714
0,retail,상호작용 B만,direction_accuracy,13.4020618556701
1,foreign,상호작용 B만,direction_accuracy,0.0
1,institution,상호작용 B만,direction_accuracy,-3.0927835051546393
1,retail,상호작용 B만,direction_accuracy,-2.0618556701030855
2,foreign,상호작용 B만,direction_accuracy,4.639175257731953
2,institution,상호작용 B만,direction_accuracy,7.216494845360821
2,retail,상호작용 B만,direction_accuracy,2.0618556701030855
3,foreign,상호작용 B만,direction_accuracy,2.0618556701030855
3,institution,상호작용 B만,direction_accuracy,5.670103092783507
3,retail,상호작용 B만,direction_accuracy,2.577319587628868
4,foreign,상호작용 B만,direction_accuracy,2.577319587628868
4,institution,상호작용 B만,direction_accuracy,4.639175257731953
4,retail,상호작용 B만,direction_accuracy,6.70103092783505
5,foreign,상호작용 B만,direction_accuracy,-2.0618556701030966
5,institution,상호작용 B만,direction_accuracy,6.185567010309279
5,retail,상호작용 B만,direction_accuracy,-3.0927835051546393
6,foreign,상호작용 B만,direction_accuracy,0.0
6,institution,상호작용 B만,direction_accuracy,5.670103092783507
6,retail,상호작용 B만,direction_accuracy,5.154639175257736
7,foreign,상호작용 B만,direction_accuracy,1.5463917525773252
7,institution,상호작용 B만,direction_accuracy,4.639175257731959
7,retail,상호작용 B만,direction_accuracy,4.123711340206182
8,foreign,상호작용 B만,direction_accuracy,4.568527918781717
8,institution,상호작용 B만,direction_accuracy,-1.0152284263959421
8,retail,상호작용 B만,direction_accuracy,3.0456852791878153
9,foreign,상호작용 B만,direction_accuracy,0.0
9,institution,상호작용 B만,direction_accuracy,1.0309278350515538
9,retail,상호작용 B만,direction_accuracy,3.0927835051546393
10,foreign,상호작용 B만,direction_accuracy,2.0618556701030966
10,institution,상호작용 B만,direction_accuracy,3.6082474226804107
10,retail,상호작용 B만,direction_accuracy,3.0927835051546393
11,foreign,상호작용 B만,direction_accuracy,-1.5463917525773252
11,institution,상호작용 B만,direction_accuracy,2.577319587628868
11,retail,상호작용 B만,direction_accuracy,2.577319587628868
12,foreign,상호작용 B만,direction_accuracy,2.0618556701030855
12,institution,상호작용 B만,direction_accuracy,3.6082474226804164
12,retail,상호작용 B만,direction_accuracy,6.185567010309279
13,foreign,상호작용 B만,direction_accuracy,-0.5154639175257825
13,institution,상호작용 B만,direction_accuracy,4.6391752577319645
13,retail,상호작용 B만,direction_accuracy,-0.5154639175257714
14,foreign,상호작용 B만,direction_accuracy,-2.577319587628857
14,institution,상호작용 B만,direction_accuracy,6.185567010309284
14,retail,상호작용 B만,direction_accuracy,0.5154639175257714
15,foreign,상호작용 B만,direction_accuracy,-3.6082474226804107
15,institution,상호작용 B만,direction_accuracy,2.577319587628868
15,retail,상호작용 B만,direction_accuracy,4.123711340206182
16,foreign,상호작용 B만,direction_accuracy,0.0
16,institution,상호작용 B만,direction_accuracy,-0.5076142131979711
16,retail,상호작용 B만,direction_accuracy,4.060913705583758
17,foreign,상호작용 B만,direction_accuracy,-1.0309278350515427
17,institution,상호작용 B만,direction_accuracy,-5.670103092783507
17,retail,상호작용 B만,direction_accuracy,0.0
18,foreign,상호작용 B만,direction_accuracy,-2.577319587628868
18,institution,상호작용 B만,direction_accuracy,-5.670103092783507
18,retail,상호작용 B만,direction_accuracy,-0.5154639175257825
19,foreign,상호작용 B만,direction_accuracy,0.5154639175257825
19,institution,상호작용 B만,direction_accuracy,1.0309278350515427
19,retail,상호작용 B만,direction_accuracy,2.061855670103091
20,foreign,상호작용 B만,direction_accuracy,-7.216494845360833
20,institution,상호작용 B만,direction_accuracy,-1.546391752577314
20,retail,상호작용 B만,direction_accuracy,-5.154639175257724
21,foreign,상호작용 B만,direction_accuracy,0.5154639175257714
21,institution,상호작용 B만,direction_accuracy,-7.216494845360821
21,retail,상호작용 B만,direction_accuracy,-5.670103092783507
22,foreign,상호작용 B만,direction_accuracy,-5.670103092783507
22,institution,상호작용 B만,direction_accuracy,-2.577319587628862
22,retail,상호작용 B만,direction_accuracy,-0.5154639175257825
23,foreign,상호작용 B만,direction_accuracy,-2.5380710659898553
23,institution,상호작용 B만,direction_accuracy,-3.5532994923857975
23,retail,상호작용 B만,direction_accuracy,-0.5076142131979711
24,foreign,상호작용 B만,direction_accuracy,4.123711340206182
24,institution,상호작용 B만,direction_accuracy,0.0
24,retail,상호작용 B만,direction_accuracy,1.0309278350515538
25,foreign,상호작용 B만,direction_accuracy,3.0927835051546393
25,institution,상호작용 B만,direction_accuracy,2.577319587628868
25,retail,상호작용 B만,direction_accuracy,5.154639175257736
26,foreign,상호작용 B만,direction_accuracy,1.0309278350515538
26,institution,상호작용 B만,direction_accuracy,3.6082474226804107
26,retail,상호작용 B만,direction_accuracy,-1.5463917525773252
27,foreign,상호작용 B만,direction_accuracy,4.123711340206182
27,institution,상호작용 B만,direction_accuracy,0.0
27,retail,상호작용 B만,direction_accuracy,2.0618556701030966
28,foreign,상호작용 B만,direction_accuracy,1.0309278350515538
28,institution,상호작용 B만,direction_accuracy,-4.639175257731959
28,retail,상호작용 B만,direction_accuracy,3.0927835051546393
29,foreign,상호작용 B만,direction_accuracy,3.5532994923857864
29,institution,상호작용 B만,direction_accuracy,0.5076142131979711
29,retail,상호작용 B만,direction_accuracy,1.0152284263959421
30,foreign,상호작용 B만,direction_accuracy,3.0927835051546393
30,institution,상호작용 B만,direction_accuracy,4.123711340206182
30,retail,상호작용 B만,direction_accuracy,4.123711340206182
31,foreign,상호작용 B만,direction_accuracy,-0.5154639175257825
31,institution,상호작용 B만,direction_accuracy,-2.0618556701030966
31,retail,상호작용 B만,direction_accuracy,-0.5154639175257714
32,foreign,상호작용 B만,direction_accuracy,2.0618556701030966
32,institution,상호작용 B만,direction_accuracy,-1.5463917525773252
32,retail,상호작용 B만,direction_accuracy,-1.5463917525773252
33,foreign,상호작용 B만,direction_accuracy,-1.0309278350515427
33,institution,상호작용 B만,direction_accuracy,0.0
33,retail,상호작용 B만,direction_accuracy,3.6082474226804218
34,foreign,상호작용 B만,direction_accuracy,2.0304568527918843
34,institution,상호작용 B만,direction_accuracy,1.015228426395931
34,retail,상호작용 B만,direction_accuracy,2.538071065989844
35,foreign,상호작용 B만,direction_accuracy,0.0
35,institution,상호작용 B만,direction_accuracy,1.0309278350515483
35,retail,상호작용 B만,direction_accuracy,0.5154639175257714
36,foreign,상호작용 B만,direction_accuracy,4.123711340206193
36,institution,상호작용 B만,direction_accuracy,-0.5154639175257714
36,retail,상호작용 B만,direction_accuracy,3.6082474226804218
37,foreign,상호작용 B만,direction_accuracy,-4.123711340206182
37,institution,상호작용 B만,direction_accuracy,8.24742268041237
37,retail,상호작용 B만,direction_accuracy,6.701030927835055
38,foreign,상호작용 B만,direction_accuracy,4.060913705583758
38,institution,상호작용 B만,direction_accuracy,5.076142131979699
38,retail,상호작용 B만,direction_accuracy,3.5532994923857864
39,foreign,상호작용 B만,direction_accuracy,0.5154639175257714
39,institution,상호작용 B만,direction_accuracy,2.577319587628868
39,retail,상호작용 B만,direction_accuracy,-3.0927835051546393
40,foreign,상호작용 B만,direction_accuracy,-2.577319587628868
40,institution,상호작용 B만,direction_accuracy,6.701030927835055
40,retail,상호작용 B만,direction_accuracy,-2.0618556701030966
41,foreign,상호작용 B만,direction_accuracy,1.0152284263959421
41,institution,상호작용 B만,direction_accuracy,0.5076142131979711
41,retail,상호작용 B만,direction_accuracy,2.030456852791873
42,foreign,상호작용 B만,direction_accuracy,0.5154639175257714
42,institution,상호작용 B만,direction_accuracy,-1.0309278350515483
42,retail,상호작용 B만,direction_accuracy,1.546391752577314
43,foreign,상호작용 B만,direction_accuracy,7.106598984771573
43,institution,상호작용 B만,direction_accuracy,-1.5228426395939132
43,retail,상호작용 B만,direction_accuracy,2.538071065989844
44,foreign,상호작용 B만,direction_accuracy,0.0
44,institution,상호작용 B만,direction_accuracy,3.5532994923857864
44,retail,상호작용 B만,direction_accuracy,4.060913705583758
0,foreign,상호작용 B만,correlation,3.492800602070689
0,institution,상호작용 B만,correlation,1.0989627008596403
0,retail,상호작용 B만,correlation,-8.01277752855864
1,foreign,상호작용 B만,correlation,7.820673368639208
1,institution,상호작용 B만,correlation,0.19393715075257006
1,retail,상호작용 B만,correlation,4.925217380455848
2,foreign,상호작용 B만,correlation,3.240778149939949
2,institution,상호작용 B만,correlation,6.7495171356525105
2,retail,상호작용 B만,correlation,3.542758412980962
3,foreign,상호작용 B만,correlation,9.376390026009906
3,institution,상호작용 B만,correlation,3.7845764627468
3,retail,상호작용 B만,correlation,2.064701629006127
4,foreign,상호작용 B만,correlation,2.9287916479903418
4,institution,상호작용 B만,correlation,3.8932274308700707
4,retail,상호작용 B만,correlation,-2.8103709517731392
5,foreign,상호작용 B만,correlation,-4.77456487207264
5,institution,상호작용 B만,correlation,2.10888133796761
5,retail,상호작용 B만,correlation,-1.636064869240872
6,foreign,상호작용 B만,correlation,4.3225309286564
6,institution,상호작용 B만,correlation,1.32962054726977
6,retail,상호작용 B만,correlation,-3.3757926546654398
7,foreign,상호작용 B만,correlation,6.111849188984442
7,institution,상호작용 B만,correlation,3.5181780312287603
7,retail,상호작용 B만,correlation,2.8301930748025503
8,foreign,상호작용 B만,correlation,2.0320650558751376
8,institution,상호작용 B만,correlation,2.00128530923893
8,retail,상호작용 B만,correlation,-2.2357061948730603
9,foreign,상호작용 B만,correlation,4.6056844716837295
9,institution,상호작용 B만,correlation,-0.2902377554838603
9,retail,상호작용 B만,correlation,7.251265164599649
10,foreign,상호작용 B만,correlation,6.179134499648553
10,institution,상호작용 B만,correlation,6.91514848576457
10,retail,상호작용 B만,correlation,6.738581033480717
11,foreign,상호작용 B만,correlation,6.35578243294948
11,institution,상호작용 B만,correlation,3.0344897522667393
11,retail,상호작용 B만,correlation,6.7007258183563625
12,foreign,상호작용 B만,correlation,6.040606617035488
12,institution,상호작용 B만,correlation,5.061710434527651
12,retail,상호작용 B만,correlation,2.37756232963051
13,foreign,상호작용 B만,correlation,-13.490363387938043
13,institution,상호작용 B만,correlation,3.71586117100912
13,retail,상호작용 B만,correlation,0.6488449529648888
14,foreign,상호작용 B만,correlation,2.5912022271455393
14,institution,상호작용 B만,correlation,3.12056033825004
14,retail,상호작용 B만,correlation,0.8597035087576699
15,foreign,상호작용 B만,correlation,3.6913514801357463
15,institution,상호작용 B만,correlation,3.08140297237135
15,retail,상호작용 B만,correlation,2.66650784038589
16,foreign,상호작용 B만,correlation,3.188491511579261
16,institution,상호작용 B만,correlation,1.7848409106517402
16,retail,상호작용 B만,correlation,2.657968717134118
17,foreign,상호작용 B만,correlation,2.69589452287424
17,institution,상호작용 B만,correlation,-2.1011961894498103
17,retail,상호작용 B만,correlation,0.7283586983070994
18,foreign,상호작용 B만,correlation,6.907716215050311
18,institution,상호작용 B만,correlation,-4.573524092170311
18,retail,상호작용 B만,correlation,2.28125876935707
19,foreign,상호작용 B만,correlation,4.484875020112799
19,institution,상호작용 B만,correlation,-0.4355317554781704
19,retail,상호작용 B만,correlation,2.9310818201743403
20,foreign,상호작용 B만,correlation,-5.445076518600173
20,institution,상호작용 B만,correlation,-3.51749414759571
20,retail,상호작용 B만,correlation,-1.0536458595563014
21,foreign,상호작용 B만,correlation,6.665517246779751
21,institution,상호작용 B만,correlation,-2.7427669044246197
21,retail,상호작용 B만,correlation,2.8968318387123104
22,foreign,상호작용 B만,correlation,6.335498084099209
22,institution,상호작용 B만,correlation,-2.14151054782873
22,retail,상호작용 B만,correlation,1.0024219475845002
23,foreign,상호작용 B만,correlation,3.03140957214091
23,institution,상호작용 B만,correlation,-4.43265065972364
23,retail,상호작용 B만,correlation,0.5864408932868798
24,foreign,상호작용 B만,correlation,3.1264372337891615
24,institution,상호작용 B만,correlation,-1.991257265941679
24,retail,상호작용 B만,correlation,1.6069443432176977
25,foreign,상호작용 B만,correlation,1.1640286008484906
25,institution,상호작용 B만,correlation,1.4772235651383692
25,retail,상호작용 B만,correlation,3.7891405147848003
26,foreign,상호작용 B만,correlation,-5.68750518104138
26,institution,상호작용 B만,correlation,-2.2016737385533998
26,retail,상호작용 B만,correlation,1.2610417186543543
27,foreign,상호작용 B만,correlation,1.5359697954138107
27,institution,상호작용 B만,correlation,-1.0831733463709006
27,retail,상호작용 B만,correlation,4.18070327197107
28,foreign,상호작용 B만,correlation,2.6525701598256513
28,institution,상호작용 B만,correlation,1.3249136832587396
28,retail,상호작용 B만,correlation,0.3891007946450309
29,foreign,상호작용 B만,correlation,1.2802640458871992
29,institution,상호작용 B만,correlation,-2.03039712498125
29,retail,상호작용 B만,correlation,0.8124122470582201
30,foreign,상호작용 B만,correlation,6.68427569867473
30,institution,상호작용 B만,correlation,-3.1047238444218612
30,retail,상호작용 B만,correlation,2.97730831516731
31,foreign,상호작용 B만,correlation,-6.182639850112564
31,institution,상호작용 B만,correlation,-9.712128469682598
31,retail,상호작용 B만,correlation,1.9794985105969887
32,foreign,상호작용 B만,correlation,8.430041222142409
32,institution,상호작용 B만,correlation,-0.08521668161911994
32,retail,상호작용 B만,correlation,4.236177069443819
33,foreign,상호작용 B만,correlation,7.98908086037628
33,institution,상호작용 B만,correlation,-2.3698054645169107
33,retail,상호작용 B만,correlation,0.6600795249760205
34,foreign,상호작용 B만,correlation,2.90087910970397
34,institution,상호작용 B만,correlation,-0.5130462701249006
34,retail,상호작용 B만,correlation,1.292204572534189
35,foreign,상호작용 B만,correlation,-12.30450956659361
35,institution,상호작용 B만,correlation,-3.0024596500966996
35,retail,상호작용 B만,correlation,-2.5719108867238827
36,foreign,상호작용 B만,correlation,1.9036921238515137
36,institution,상호작용 B만,correlation,0.09912224958082971
36,retail,상호작용 B만,correlation,-0.24887406664282907
37,foreign,상호작용 B만,correlation,2.94408019061764
37,institution,상호작용 B만,correlation,0.17157894807404983
37,retail,상호작용 B만,correlation,0.3931237161024198
38,foreign,상호작용 B만,correlation,-0.8682157892451594
38,institution,상호작용 B만,correlation,-1.7803364021065804
38,retail,상호작용 B만,correlation,0.005118628725442331
39,foreign,상호작용 B만,correlation,-9.03302734021414
39,institution,상호작용 B만,correlation,-2.0294458292113395
39,retail,상호작용 B만,correlation,-1.3892438506595717
40,foreign,상호작용 B만,correlation,-9.060399985212769
40,institution,상호작용 B만,correlation,-3.4141025522078596
40,retail,상호작용 B만,correlation,-1.1587955206812495
41,foreign,상호작용 B만,correlation,-5.7383367517657105
41,institution,상호작용 B만,correlation,0.63832796481286
41,retail,상호작용 B만,correlation,-1.1132615741272278
42,foreign,상호작용 B만,correlation,4.648424971692017
42,institution,상호작용 B만,correlation,0.09255390366267949
42,retail,상호작용 B만,correlation,0.9131298262751109
43,foreign,상호작용 B만,correlation,0.43113126887804887
43,institution,상호작용 B만,correlation,1.53654995745331
43,retail,상호작용 B만,correlation,0.06435619216947908
44,foreign,상호작용 B만,correlation,2.2353123598160884
44,institution,상호작용 B만,correlation,-0.2217800614331203
44,retail,상호작용 B만,correlation,-0.5371089439438786
0,foreign,상호작용 B만,mae,0.0061720221368812
0,institution,상호작용 B만,mae,6.693507819680033e-05
0,retail,상호작용 B만,mae,0.009174323998935918
1,foreign,상호작용 B만,mae,0.004735725951925895
1,institution,상호작용 B만,mae,3.487453537190377e-05
1,retail,상호작용 B만,mae,0.0039471866695430236
2,foreign,상호작용 B만,mae,0.002406464950628684
2,institution,상호작용 B만,mae,0.0002603940959386014
2,retail,상호작용 B만,mae,0.004186140873965072
3,foreign,상호작용 B만,mae,0.004900374077740605
3,institution,상호작용 B만,mae,0.00023237332066790295
3,retail,상호작용 B만,mae,0.0071155406765252005
4,foreign,상호작용 B만,mae,0.0027224475502266865
4,institution,상호작용 B만,mae,0.00020568465269549252
4,retail,상호작용 B만,mae,0.005238835250472196
5,foreign,상호작용 B만,mae,-0.0019405625522624093
5,institution,상호작용 B만,mae,0.00014866271152469412
5,retail,상호작용 B만,mae,0.0007627208945441
6,foreign,상호작용 B만,mae,0.005558252585802809
6,institution,상호작용 B만,mae,0.00028209967886419496
6,retail,상호작용 B만,mae,0.005224328528991906
7,foreign,상호작용 B만,mae,0.004685077347586303
7,institution,상호작용 B만,mae,0.0001244321433145068
7,retail,상호작용 B만,mae,0.005245976690106902
8,foreign,상호작용 B만,mae,-0.0014143982725774162
8,institution,상호작용 B만,mae,0.0001472212933166933
8,retail,상호작용 B만,mae,0.0006487899894461746
9,foreign,상호작용 B만,mae,0.0015354216682061939
9,institution,상호작용 B만,mae,-2.0028576232108963e-05
9,retail,상호작용 B만,mae,0.003895150875005471
10,foreign,상호작용 B만,mae,0.0049873704822474
10,institution,상호작용 B만,mae,0.0003366319949515001
10,retail,상호작용 B만,mae,0.004958819934266279
11,foreign,상호작용 B만,mae,0.003668105924251791
11,institution,상호작용 B만,mae,0.00033058576646330384
11,retail,상호작용 B만,mae,0.008094785602693721
12,foreign,상호작용 B만,mae,0.0026118169705499072
12,institution,상호작용 B만,mae,0.00022587058051559694
12,retail,상호작용 B만,mae,0.005824551724237181
13,foreign,상호작용 B만,mae,-0.01155157412579949
13,institution,상호작용 B만,mae,0.0002754723778524981
13,retail,상호작용 B만,mae,0.003198531527326104
14,foreign,상호작용 B만,mae,0.0049312825460745
14,institution,상호작용 B만,mae,0.0006172840034636973
14,retail,상호작용 B만,mae,0.004358757898894394
15,foreign,상호작용 B만,mae,-0.00021808930659500403
15,institution,상호작용 B만,mae,0.00023230750447671145
15,retail,상호작용 B만,mae,0.005292519187877487
16,foreign,상호작용 B만,mae,-0.0007085537443825007
16,institution,상호작용 B만,mae,0.00015142467517891
16,retail,상호작용 B만,mae,0.0018803775774612341
17,foreign,상호작용 B만,mae,0.0021792051235194065
17,institution,상호작용 B만,mae,-0.0004061436675609903
17,retail,상호작용 B만,mae,0.0024837021231075007
18,foreign,상호작용 B만,mae,0.0022654927866899155
18,institution,상호작용 B만,mae,-0.00022956513260299904
18,retail,상호작용 B만,mae,0.0035259895303920152
19,foreign,상호작용 B만,mae,0.0024962247021979023
19,institution,상호작용 B만,mae,-4.887978587049535e-05
19,retail,상호작용 B만,mae,0.002215257816715166
20,foreign,상호작용 B만,mae,-0.0049161505545252115
20,institution,상호작용 B만,mae,-0.00026001118032920045
20,retail,상호작용 B만,mae,-0.0027717565295536928
21,foreign,상호작용 B만,mae,0.0046114212028376955
21,institution,상호작용 B만,mae,-0.0005634762592214987
21,retail,상호작용 B만,mae,0.0006861886385823024
22,foreign,상호작용 B만,mae,0.00031698843231048324
22,institution,상호작용 B만,mae,-0.0003505235196179096
22,retail,상호작용 B만,mae,-0.0004804994858149114
23,foreign,상호작용 B만,mae,-0.0013139632628089981
23,institution,상호작용 B만,mae,-0.000230707036137201
23,retail,상호작용 B만,mae,-0.00245009471002261
24,foreign,상호작용 B만,mae,0.000977291056881685
24,institution,상호작용 B만,mae,-1.869855531340392e-05
24,retail,상호작용 B만,mae,0.0055371323801737815
25,foreign,상호작용 B만,mae,0.0026628063307875816
25,institution,상호작용 B만,mae,4.268349062640231e-05
25,retail,상호작용 B만,mae,0.003948386885782695
26,foreign,상호작용 B만,mae,-0.0015519505516177756
26,institution,상호작용 B만,mae,-0.0001579790686892929
26,retail,상호작용 B만,mae,-0.0018556173313253321
27,foreign,상호작용 B만,mae,0.0017060546241053076
27,institution,상호작용 B만,mae,-0.00038743844542640793
27,retail,상호작용 B만,mae,0.0025468419397905173
28,foreign,상호작용 B만,mae,0.003361890312271104
28,institution,상호작용 B만,mae,-0.0003691402743284944
28,retail,상호작용 B만,mae,0.003184808328592914
29,foreign,상호작용 B만,mae,-0.002733610155590399
29,institution,상호작용 B만,mae,-0.000125920855823497
29,retail,상호작용 B만,mae,-0.0004986585412609101
30,foreign,상호작용 B만,mae,0.0052837013912366
30,institution,상호작용 B만,mae,-7.12766269810039e-06
30,retail,상호작용 B만,mae,0.005952598882320581
31,foreign,상호작용 B만,mae,-0.003835286771981805
31,institution,상호작용 B만,mae,-0.0002052918034959883
31,retail,상호작용 B만,mae,-0.0003184251480954914
32,foreign,상호작용 B만,mae,0.005298573461351708
32,institution,상호작용 B만,mae,-0.00025828205991619557
32,retail,상호작용 B만,mae,0.005091398466677305
33,foreign,상호작용 B만,mae,0.00196814525121769
33,institution,상호작용 B만,mae,-6.303928987730356e-05
33,retail,상호작용 B만,mae,0.0038069392450648665
34,foreign,상호작용 B만,mae,-0.0011052776129235053
34,institution,상호작용 B만,mae,1.4833997595498083e-05
34,retail,상호작용 B만,mae,0.0029827158460246084
35,foreign,상호작용 B만,mae,-0.008177650484830101
35,institution,상호작용 B만,mae,-0.00018235999323221175
35,retail,상호작용 B만,mae,-0.0005721174280108876
36,foreign,상호작용 B만,mae,0.0031166468805673975
36,institution,상호작용 B만,mae,9.724791499070295e-05
36,retail,상호작용 B만,mae,0.003055761436680987
37,foreign,상호작용 B만,mae,0.001841247957046821
37,institution,상호작용 B만,mae,4.405654841110884e-05
37,retail,상호작용 B만,mae,0.0023016816124526995
38,foreign,상호작용 B만,mae,-0.002231757451211014
38,institution,상호작용 B만,mae,0.00013409564734720436
38,retail,상호작용 B만,mae,-0.00142140743562702
39,foreign,상호작용 B만,mae,-0.0016709194616437995
39,institution,상호작용 B만,mae,-0.00018142710037290233
39,retail,상호작용 B만,mae,-0.001320031063721805
40,foreign,상호작용 B만,mae,-0.010538241056996606
40,institution,상호작용 B만,mae,-0.00015426067362650508
40,retail,상호작용 B만,mae,-0.00048751096694529816
41,foreign,상호작용 B만,mae,0.0004883074919045105
41,institution,상호작용 B만,mae,0.00012262065743219586
41,retail,상호작용 B만,mae,-0.0016037142885196864
42,foreign,상호작용 B만,mae,0.002149455596455213
42,institution,상호작용 B만,mae,-0.00024874120293409685
42,retail,상호작용 B만,mae,0.0028450127682630166
43,foreign,상호작용 B만,mae,-3.0766528301806595e-05
43,institution,상호작용 B만,mae,-0.00036384303042680255
43,retail,상호작용 B만,mae,-0.0022025968806185237
44,foreign,상호작용 B만,mae,-0.011157459393631192
44,institution,상호작용 B만,mae,4.355659000930545e-05
44,retail,상호작용 B만,mae,-0.0027519263096507096
