split,investor,n_epochs,loss_first,loss_last,drop_share_by_80pct_epochs,final_step_share_of_drop,weight_final_step_max_abs,weight_final_step_rel
0,foreign,75,0.063828,0.056873,0.9506829618979147,-0.0027318475916604163,0.0011209398508072038,0.02403462327665033
0,institution,75,0.01531,0.015034,1.0,0.0,5.420829984359999e-05,0.0038443783900853727
0,retail,75,0.109619,0.09906,0.9988635287432523,0.0,0.0004482325166464008,0.010115472326642654
1,foreign,75,0.063701,0.055999,1.0007790184367695,-0.0006491820306411407,0.0002497141249478002,0.005225287484987713
1,institution,75,0.015096,0.014813,0.9964664310954028,0.0,8.974826050689444e-05,0.006234076930538848
1,retail,75,0.103683,0.09148,0.9990985823158242,-0.0005736294353853156,0.00029004737734789933,0.006151045094627649
2,foreign,75,0.061091,0.053601,1.0004005340453943,-0.0008010680907885185,0.00038405833765860035,0.00824189518010543
2,institution,75,0.015776,0.015437,1.0,0.0,0.00011048809392377733,0.007443446354354325
2,retail,75,0.103024,0.094384,0.9994212962962957,0.0005787037037042819,0.00020623672753570035,0.005419265052265319
3,foreign,75,0.066336,0.058465,0.9992377080421803,0.0017786812349129867,0.0001501627266407,0.0031570102128798496
3,institution,75,0.014714,0.014502,1.004716981132072,0.0,4.15404210798e-05,0.003900248248636263
3,retail,75,0.106334,0.097061,0.9960099212768242,0.0010783996549131884,0.00027740187942979985,0.0058853446701960304
4,foreign,75,0.063038,0.055487,1.000264865580718,0.0001324327903590254,0.00021194294095040062,0.004981039079790119
4,institution,75,0.014837,0.014592,1.0,0.0,0.00011835185432572791,0.00850742716314182
4,retail,75,0.111141,0.099142,0.9969997499791643,0.0,0.0004991553723812034,0.0097174674143816
5,foreign,75,0.059563,0.053587,1.0,0.0011713520749665441,0.00028751503123199346,0.008387137592336549
5,institution,75,0.014426,0.01412,0.9967320261437932,0.0,8.131726644930014e-05,0.005314961073278103
5,retail,75,0.110743,0.102856,0.9984785089387602,0.00025358184354025643,0.0002946387976408005,0.0071150633893435735
6,foreign,75,0.063923,0.057042,0.9995640168580154,-0.0014532771399510354,0.0003827284090220989,0.00824128079885458
6,institution,75,0.015522,0.015205,0.9968454258675047,0.0,8.561855793232098e-05,0.006091702018787445
6,retail,75,0.114939,0.104289,0.9980281690140851,0.0010328638497649888,0.00022811442613599603,0.00474281421124743
7,foreign,75,0.063838,0.055074,0.999657690552259,0.0010269283432225074,0.0001789643429219996,0.003725756018554132
7,institution,75,0.015729,0.015444,0.996491228070172,0.0,5.75507147005e-05,0.004035373946255548
7,retail,75,0.106233,0.094271,0.9991640193947492,0.0,0.0002655275166034976,0.005334733036193923
8,foreign,75,0.063087,0.055357,1.1716688227684349,0.01565329883570454,0.0017647966742515998,0.0318396820050968
8,institution,75,0.014125,0.013876,0.9959839357429678,0.0,8.277814049506559e-05,0.009350918609024582
8,retail,75,0.106288,0.095382,0.9992664588300011,0.0011003117549983497,0.00038190558552739923,0.009527178997066354
9,foreign,75,0.066962,0.058604,0.9752333094041638,0.008255563531945405,0.0018383479909971,0.037123700781234496
9,institution,75,0.016211,0.015993,0.9908256880734012,0.0,5.3059251513299995e-05,0.0043480751625867295
9,retail,75,0.108398,0.094582,0.9979009843659524,0.0003618992472499278,0.00028062239289280283,0.0046049054233516205
10,foreign,75,0.064177,0.055411,1.0002281542322613,-0.0005703855806530918,0.00023761554621159987,0.004369628515617554
10,institution,75,0.016992,0.016713,1.0,0.0,8.919088577377284e-05,0.007094868648814826
10,retail,75,0.107314,0.096935,0.9990365160420069,-0.0005780903747945,0.0003387351171113054,0.007246311646453489
11,foreign,75,0.069488,0.059966,1.0,-0.0009451795841204713,0.0003094617277383995,0.005521322131681793
11,institution,75,0.015929,0.01577,1.0062893081761068,0.0,7.753215322736651e-05,0.009024462954607975
11,retail,75,0.110593,0.099454,0.9996409013376422,-0.000359098662357842,0.00034334883093839995,0.008116333735275313
12,foreign,75,0.066304,0.056888,0.9993627867459645,-0.00021240441801210705,0.0003245341649745,0.006063529634995085
12,institution,75,0.016053,0.015852,1.0049751243781144,0.0,6.1354628997e-05,0.005275103854139998
12,retail,75,0.115372,0.101551,0.9989146950293032,0.0002894146588527603,0.0003324951976537982,0.006032804733913902
13,foreign,75,0.06265,0.054609,1.0002487252829244,0.001989802263400339,0.0003803377039731,0.0085358251141208
13,institution,75,0.015641,0.015404,0.9957805907172953,0.0,6.68421562295e-05,0.005349553010207792
13,retail,75,0.114976,0.105009,1.0005016554630286,0.00020066218521000545,0.00020541867706917174,0.003808488395301479
14,foreign,75,0.06722,0.058628,1.0003491620111735,-0.0008147113594041038,0.0002931244671345,0.005457156208868922
14,institution,75,0.016738,0.016467,1.0,0.0,7.750630174996331e-05,0.00666457794880925
14,retail,75,0.119124,0.106634,0.9993594875900725,-0.0004803843074464377,0.0004351995885372006,0.009260607590284523
15,foreign,75,0.067073,0.05634,1.0001863411907204,-0.0006521941675207367,0.0003996149316662,0.007221312207945366
15,institution,75,0.016945,0.016713,1.0043103448275754,0.004310344827590461,9.38937300816e-05,0.007804554322509055
15,retail,75,0.110414,0.096751,1.000805094049623,0.0013906169948028437,0.0002773068845271995,0.006048820586028257
16,foreign,75,0.066293,0.054986,0.9992924736888652,0.0007075263111347889,0.0002190470695494981,0.003907637797064092
16,institution,75,0.015334,0.015146,1.0,0.0,5.8234982134308666e-05,0.007782710578668083
16,retail,75,0.11052,0.097599,0.9988390991409333,-0.00023218017181355954,0.0003342523705214999,0.006317887219841799
17,foreign,75,0.065104,0.056817,1.0152045372269822,0.00012067093037299392,0.0016824840568006,0.03402982879989942
17,institution,75,0.016744,0.016378,0.9972677595628388,-0.002732240437161215,9.2042944743298e-05,0.008154496357512055
17,retail,75,0.103305,0.09301,0.9996114618746961,-0.000582807187954553,0.0002826733980328001,0.005452564178660333
18,foreign,75,0.070269,0.06043,1.0019310905579832,-0.0019310905579833504,0.00026423512463210003,0.004573623764804356
18,institution,75,0.015813,0.015621,1.0,0.0,0.00013241793203631742,0.017043416247110317
18,retail,75,0.106207,0.094722,1.0003482803656947,-0.0006094906399657817,0.00031613372266290143,0.006643277565806586
19,foreign,75,0.06704,0.057492,1.0005236698785085,-0.0007331378299120299,0.0002686665393413002,0.00484807928143347
19,institution,75,0.015937,0.015701,1.0,0.0,6.862614100100473e-05,0.006147065209266795
19,retail,75,0.110994,0.096136,0.9985866200026917,0.0,0.00030434876680379957,0.004918584003133986
20,foreign,75,0.063457,0.054787,0.9994232987312575,0.002191464821222398,0.00018032686784860003,0.0037310187244144013
20,institution,75,0.015525,0.015245,1.003571428571426,-0.0035714285714259384,0.00010790397936943918,0.009250768245774848
20,retail,75,0.110552,0.098917,0.9980232058444353,8.594757198117755e-05,0.00028215814381839927,0.004964038513592261
21,foreign,75,0.067858,0.05848,1.0010663254425247,-0.0011729579867772572,0.0003256266936659995,0.005848945677853988
21,institution,75,0.016622,0.016285,1.0,0.0,4.98543340654578e-05,0.004799265298953315
21,retail,75,0.114757,0.100658,0.998723313710192,0.00028370806440201435,0.0002450365573168009,0.004354934529828128
22,foreign,75,0.067827,0.056774,0.9998190536505924,-0.0009047317470366528,0.0004465838574105,0.007679062411139696
22,institution,75,0.016829,0.016538,0.9965635738831581,0.0034364261168419296,8.792111475479337e-05,0.008140022474074804
22,retail,75,0.10607,0.091312,0.9987125626778702,0.0001355197181191219,0.0005302573554217,0.010465313894622725
23,foreign,75,0.067038,0.055749,0.9998228363894054,0.0007972362476749102,0.00030713621526949966,0.005619559957194142
23,institution,75,0.015219,0.014973,0.991869918699186,0.0,8.203320612665266e-05,0.010363707195760985
23,retail,75,0.106167,0.093315,0.9967320261437909,-0.0003112356053524838,0.0002981820143759999,0.00502817987554093
24,foreign,75,0.067414,0.058707,1.0359480877454923,0.008613759044446846,0.0014201824087648,0.030541842731670966
24,institution,75,0.01649,0.016222,0.9962686567164142,0.0,8.706402877570001e-05,0.009600462158929596
24,retail,75,0.106021,0.098256,0.9963940759819704,-0.0006439150032184311,0.00028949904663021637,0.006196171156234563
25,foreign,75,0.064257,0.055526,1.0013744130111095,-0.0014889474287022254,0.0003005331382156008,0.005643808892319213
25,institution,75,0.016617,0.01632,0.996632996633005,0.0,9.097674046643078e-05,0.007768148470271181
25,retail,75,0.110456,0.099665,0.9992586414604768,-0.00037067926976220943,0.0002483166754246001,0.00518641955914435
26,foreign,75,0.060783,0.052768,1.0001247660636308,-0.001746724890829711,0.0004394948482513983,0.009252983321635207
26,institution,75,0.016205,0.015843,1.0,0.0,4.981564416084437e-05,0.004035881869446921
26,retail,75,0.109994,0.101962,1.000124501992032,0.00012450199203199706,0.0003937017172574997,0.009017711263267156
27,foreign,75,0.065197,0.05612,0.9996694943263197,-0.000661011347362124,0.0002438090741634022,0.004470510525648263
27,institution,75,0.017302,0.016896,1.0,-0.0024630541871945807,0.00010760959412436932,0.00957823347354678
27,retail,75,0.114155,0.103886,1.0018502288440945,-0.00029214139643616714,0.0001794977579266,0.004282289792711306
28,foreign,75,0.065123,0.05495,0.999311904059766,0.001277892460434397,0.0002333596348762998,0.004043928677808791
28,institution,75,0.01751,0.017142,0.9972826086956589,0.0,7.584829290859999e-05,0.006680256418656032
28,retail,75,0.105426,0.095057,0.9978782910598906,-0.00048220657729819644,0.0003468757495284011,0.008250006689403995
29,foreign,75,0.064397,0.053898,0.9994285170016193,0.0003809886655869191,0.00020255464187359998,0.0037327071100300437
29,institution,75,0.015896,0.01559,1.0,0.0,6.849122291895252e-05,0.007529580089266039
29,retail,75,0.105586,0.096542,0.999115435647944,0.0,0.00035949796438210224,0.008097680335378117
30,foreign,75,0.069369,0.059618,0.9174443646805456,0.000410214336991488,0.0016599060036242004,0.03203622928738676
30,institution,75,0.015711,0.015533,1.0056179775280858,0.0,9.952105756379998e-05,0.01219014656191798
30,retail,75,0.113498,0.101548,0.9999163179916317,-0.00016736401673656903,0.0002831332385539991,0.006148746380776314
31,foreign,75,0.066148,0.057234,0.9998878169172087,-0.00022436616558245463,0.00030979467555880004,0.006340901353314673
31,institution,75,0.015143,0.014906,1.0042194092827046,0.0,7.912479122751392e-05,0.008019864518421259
31,retail,75,0.113149,0.10434,0.9981836757861275,0.0011352026336696704,0.00022078910842529987,0.004287154434234528
32,foreign,75,0.070475,0.060962,0.9992641648270787,0.00010511931041742886,0.0003340770490467002,0.005986944143205883
32,institution,75,0.016239,0.015972,1.0,-0.0037453183520636726,7.698266472289106e-05,0.008349007444552962
32,retail,75,0.117377,0.106137,0.9999110320284696,0.0,0.0002343230880796996,0.005507180933611322
33,foreign,75,0.070319,0.059233,0.9984665343676713,0.0008118347465273369,0.00024914927780630026,0.004268075512463892
33,institution,75,0.016447,0.016234,0.9953051643192442,-0.00469483568073955,0.0001259298005606979,0.015803940130065475
33,retail,75,0.108697,0.096806,0.9993272222689434,0.00042048608190994223,0.0005380703369155999,0.012085944796168918
34,foreign,75,0.069683,0.058253,1.0021872265966751,-0.002712160979877193,0.0005126211908646,0.009252069316710012
34,institution,75,0.014838,0.0146,1.0,0.0,7.643728167750001e-05,0.009202459985163895
34,retail,75,0.108797,0.098686,0.9998021956285232,-0.00039560874295224203,0.00022740263375450003,0.004951972045049283
35,foreign,75,0.062906,0.054258,0.9913274745605922,-0.00023126734505111003,0.0009946515783667998,0.023139054930782263
35,institution,75,0.015259,0.01501,1.0,0.0,6.325932918109999e-05,0.005753653073392236
35,retail,75,0.117884,0.106313,0.9987036556909514,0.0006049606775553647,0.00037229154258969915,0.006899069467414468
36,foreign,75,0.067224,0.057958,1.0002158428663934,0.0006475285991796956,0.00021964835468669995,0.004061061748773952
36,institution,75,0.016363,0.016078,0.996491228070172,0.0,6.0630963162111584e-05,0.005688874526733631
36,retail,75,0.122247,0.108194,0.9977229061410372,0.0005692734647411942,0.00025951024144890006,0.005011132693273415
37,foreign,75,0.067136,0.05611,0.9985488844549245,0.0017231997097767262,0.00020401459187269991,0.0036260350038288007
37,institution,75,0.01657,0.016332,1.0,-0.0042016806722730725,0.0001319481234531498,0.011765295574793392
37,retail,75,0.113592,0.098686,1.0002683483161137,0.0005366966322291694,0.0003503970801830014,0.007237430486341312
38,foreign,75,0.066456,0.055217,1.0007118071002759,-0.00035590355013826857,0.00033713632728909993,0.0062782096573727126
38,institution,75,0.014961,0.014792,0.9940828402366805,0.0,4.7621433623200034e-05,0.007455596674110409
38,retail,75,0.113523,0.100125,0.9994028959546205,0.0008210180623971585,0.0002510640770196004,0.004589439124768545
39,foreign,75,0.063906,0.056414,1.0297650827549387,-0.0016017084890547404,0.0010852352716027996,0.02397516008712743
39,institution,75,0.015871,0.015535,1.0029761904761934,0.0,4.870501288675689e-05,0.004481091854540864
39,retail,75,0.121629,0.110845,0.999814540059347,-0.0004636498516325111,0.00029235519468789883,0.0056774294642962875
40,foreign,75,0.063549,0.05354,1.0010990108901985,-0.0007992806474167375,0.00035512587055560024,0.007566897699243643
40,institution,75,0.016159,0.01585,1.0,0.0,6.113413837734561e-05,0.005177602084500827
40,retail,75,0.113075,0.101557,0.9988713318284426,-0.0006077444000688593,0.00029702484607690115,0.0051194030847391036
41,foreign,75,0.062802,0.052836,1.0001003411599438,0.001304435079269429,0.0002096961252392002,0.004585219578256441
41,institution,75,0.014551,0.014295,0.9960937500000029,0.0,4.557658667181386e-05,0.005822305083117613
41,retail,75,0.113259,0.102845,0.9980795083541394,9.602458229316312e-05,0.00034796318504959974,0.006598511811327456
42,foreign,75,0.068247,0.057995,1.008095981271947,-0.009266484588372788,0.0016631989274173997,0.027468078606443208
42,institution,75,0.017187,0.016854,1.0,0.0,0.0001230028283316642,0.011092910645452439
42,retail,75,0.11715,0.103322,0.9997830488863174,0.000795487416835198,0.0001629479229450989,0.003575889572123652
43,foreign,75,0.067174,0.055963,0.9998216037819997,-0.00017839621800035683,0.00022738240659239944,0.004064582089042915
43,institution,75,0.015643,0.015267,1.0,0.002659574468087757,8.960685227069999e-05,0.007301329861811124
43,retail,75,0.117329,0.104479,0.9989883268482491,-0.0003112840466929183,0.0003607557155191998,0.00744256201275222
44,foreign,75,0.066956,0.054277,0.9830428267213502,0.0013407997476144113,0.0023023430258034966,0.03926727949826149
44,institution,75,0.015773,0.015545,1.0,-0.004385964912277498,8.176856499630958e-05,0.009844197264987838
44,retail,75,0.108124,0.095295,0.9993764128147171,-0.000389741990802479,0.00039267167449000273,0.008703911041697923
