experiment,epochs,batch_size,learning_rate,lambda_l1,split,investor,train_size,test_size,train_nll,accuracy,macro_f1,nll
ep_100_bs_64_lr_0p001_l1_0,100,64,0.001,0.0,0,foreign,773,194,0.622352368310383,0.6237113402061856,0.5793506994980248,0.6500130295753479
ep_100_bs_64_lr_0p001_l1_0,100,64,0.001,0.0,0,institution,773,194,0.6856791673163085,0.5154639175257731,0.489187675070028,0.698340117931366
ep_100_bs_64_lr_0p001_l1_0,100,64,0.001,0.0,0,retail,773,194,0.6554094034826616,0.5721649484536082,0.5252248267728143,0.6899536848068237
ep_100_bs_64_lr_0p001_l1_0,100,64,0.001,0.0,1,foreign,766,194,0.6280474941350772,0.6701030927835051,0.6665592437426147,0.6117128133773804
ep_100_bs_64_lr_0p001_l1_0,100,64,0.001,0.0,1,institution,766,194,0.6857277221841538,0.5360824742268041,0.5360824742268041,0.6892458200454712
ep_100_bs_64_lr_0p001_l1_0,100,64,0.001,0.0,1,retail,766,194,0.6565772399267391,0.5773195876288659,0.5718130921619293,0.6756017804145813
ep_100_bs_64_lr_0p001_l1_0,100,64,0.001,0.0,2,foreign,766,194,0.6246293011284373,0.6597938144329897,0.6596491228070176,0.6287439465522766
ep_100_bs_64_lr_0p001_l1_0,100,64,0.001,0.0,2,institution,766,194,0.6820015392166516,0.5103092783505154,0.5055667337357478,0.7004575729370117
ep_100_bs_64_lr_0p001_l1_0,100,64,0.001,0.0,2,retail,766,194,0.6621868235324132,0.6185567010309279,0.6179069519855211,0.6596749424934387
ep_100_bs_64_lr_0p001_l1_0,100,64,0.001,0.0,3,foreign,766,194,0.6242087169042144,0.6391752577319587,0.6196078431372549,0.630208432674408
ep_100_bs_64_lr_0p001_l1_0,100,64,0.001,0.0,3,institution,766,194,0.6849556014369735,0.5670103092783505,0.5457181088314005,0.6888206005096436
ep_100_bs_64_lr_0p001_l1_0,100,64,0.001,0.0,3,retail,766,194,0.663301542595846,0.6494845360824743,0.6396809789140172,0.6541811227798462
ep_100_bs_64_lr_0p001_l1_0,100,64,0.001,0.0,4,foreign,766,194,0.6251963716262937,0.6443298969072165,0.6259535585547824,0.6304954290390015
ep_100_bs_64_lr_0p001_l1_0,100,64,0.001,0.0,4,institution,766,194,0.684504035714401,0.520618556701031,0.5125233038826295,0.6988179087638855
ep_100_bs_64_lr_0p001_l1_0,100,64,0.001,0.0,4,retail,766,194,0.6504039706822786,0.5360824742268041,0.5058304086946677,0.7086607813835144
ep_100_bs_64_lr_0p001_l1_0,100,64,0.001,0.0,5,foreign,766,194,0.6384684975713725,0.6855670103092784,0.6458052737122505,0.5909504294395447
ep_100_bs_64_lr_0p001_l1_0,100,64,0.001,0.0,5,institution,766,194,0.6782344052125517,0.5,0.4811260925910607,0.7297003269195557
ep_100_bs_64_lr_0p001_l1_0,100,64,0.001,0.0,5,retail,766,194,0.6643498404530259,0.5979381443298969,0.5717196875353787,0.6651591062545776
ep_100_bs_64_lr_0p001_l1_0,100,64,0.001,0.0,6,foreign,766,194,0.6283332862679704,0.6494845360824743,0.6096117424242424,0.6336167454719543
ep_100_bs_64_lr_0p001_l1_0,100,64,0.001,0.0,6,institution,766,194,0.6820671494573588,0.5154639175257731,0.4981838194826637,0.7146260142326355
ep_100_bs_64_lr_0p001_l1_0,100,64,0.001,0.0,6,retail,766,194,0.6583326955376966,0.5979381443298969,0.5453125,0.6715188026428223
ep_100_bs_64_lr_0p001_l1_0,100,64,0.001,0.0,7,foreign,766,194,0.625246102131378,0.6237113402061856,0.6183469426253807,0.6212016940116882
ep_100_bs_64_lr_0p001_l1_0,100,64,0.001,0.0,7,institution,766,194,0.6829481389441627,0.4948453608247423,0.4824695121951219,0.6986055374145508
ep_100_bs_64_lr_0p001_l1_0,100,64,0.001,0.0,7,retail,766,194,0.6526737445017066,0.5567010309278351,0.5390141467727675,0.6933588981628418
ep_100_bs_64_lr_0p001_l1_0,100,64,0.001,0.0,8,foreign,769,197,0.6180570767356763,0.6294416243654822,0.6294034273933771,0.6940521597862244
ep_100_bs_64_lr_0p001_l1_0,100,64,0.001,0.0,8,institution,769,197,0.6838040831650187,0.5329949238578681,0.5329828901257473,0.7067512273788452
ep_100_bs_64_lr_0p001_l1_0,100,64,0.001,0.0,8,retail,769,197,0.6502628832939232,0.5685279187817259,0.5678152019615434,0.7462436556816101
ep_100_bs_64_lr_0p001_l1_0,100,64,0.001,0.0,9,foreign,772,194,0.6182903489918289,0.6237113402061856,0.622899747037678,0.6587751507759094
ep_100_bs_64_lr_0p001_l1_0,100,64,0.001,0.0,9,institution,772,194,0.6881463178698881,0.5567010309278351,0.5519389837791384,0.6809670329093933
ep_100_bs_64_lr_0p001_l1_0,100,64,0.001,0.0,9,retail,772,194,0.6552864232829197,0.5412371134020618,0.5411273819331863,0.6901811957359314
ep_100_bs_64_lr_0p001_l1_0,100,64,0.001,0.0,10,foreign,765,194,0.6149464417127223,0.6237113402061856,0.609507265558221,0.671174168586731
ep_100_bs_64_lr_0p001_l1_0,100,64,0.001,0.0,10,institution,765,194,0.6847647758870343,0.5412371134020618,0.5346969574473819,0.6906622052192688
ep_100_bs_64_lr_0p001_l1_0,100,64,0.001,0.0,10,retail,765,194,0.6608439049689598,0.5824742268041238,0.5729311047696697,0.6776509881019592
ep_100_bs_64_lr_0p001_l1_0,100,64,0.001,0.0,11,foreign,765,194,0.615630458772572,0.5927835051546392,0.5896323667228961,0.6641628742218018
ep_100_bs_64_lr_0p001_l1_0,100,64,0.001,0.0,11,institution,765,194,0.6873541707306906,0.5979381443298969,0.5693306010928961,0.6829531788825989
ep_100_bs_64_lr_0p001_l1_0,100,64,0.001,0.0,11,retail,765,194,0.6625547159730999,0.6185567010309279,0.6170916462178598,0.6673119068145752
ep_100_bs_64_lr_0p001_l1_0,100,64,0.001,0.0,12,foreign,765,194,0.6170517554470137,0.6185567010309279,0.615944355270198,0.662120521068573
ep_100_bs_64_lr_0p001_l1_0,100,64,0.001,0.0,12,institution,765,194,0.6876053244459863,0.5670103092783505,0.5497347480106101,0.6836236119270325
ep_100_bs_64_lr_0p001_l1_0,100,64,0.001,0.0,12,retail,765,194,0.6493569660030939,0.4948453608247423,0.4882644272179156,0.7251399755477905
ep_100_bs_64_lr_0p001_l1_0,100,64,0.001,0.0,13,foreign,765,194,0.6318895857318554,0.6701030927835051,0.6538804638715432,0.6087976098060608
ep_100_bs_64_lr_0p001_l1_0,100,64,0.001,0.0,13,institution,765,194,0.6821624024241578,0.5412371134020618,0.5197886246697261,0.7070224285125732
ep_100_bs_64_lr_0p001_l1_0,100,64,0.001,0.0,13,retail,765,194,0.665327657983194,0.6185567010309279,0.6170916462178598,0.6646748185157776
ep_100_bs_64_lr_0p001_l1_0,100,64,0.001,0.0,14,foreign,765,194,0.6230082492423213,0.6494845360824743,0.6286036036036036,0.6381995677947998
ep_100_bs_64_lr_0p001_l1_0,100,64,0.001,0.0,14,institution,765,194,0.685241699764152,0.5515463917525774,0.515376001378241,0.7000137567520142
ep_100_bs_64_lr_0p001_l1_0,100,64,0.001,0.0,14,retail,765,194,0.6562207152640898,0.5721649484536082,0.5430112104441607,0.7271091341972351
ep_100_bs_64_lr_0p001_l1_0,100,64,0.001,0.0,15,foreign,765,194,0.6141629477731543,0.6030927835051546,0.6030822372791285,0.6753357648849487
ep_100_bs_64_lr_0p001_l1_0,100,64,0.001,0.0,15,institution,765,194,0.6856519660139395,0.5515463917525774,0.5260453230743309,0.6887941360473633
ep_100_bs_64_lr_0p001_l1_0,100,64,0.001,0.0,15,retail,765,194,0.6526350597150965,0.5360824742268041,0.534846547314578,0.6941167116165161
ep_100_bs_64_lr_0p001_l1_0,100,64,0.001,0.0,16,foreign,768,197,0.6045135110616684,0.6040609137055838,0.5964810924369748,0.7633571028709412
ep_100_bs_64_lr_0p001_l1_0,100,64,0.001,0.0,16,institution,768,197,0.6842096348603567,0.5431472081218274,0.5417183622828784,0.7092294692993164
ep_100_bs_64_lr_0p001_l1_0,100,64,0.001,0.0,16,retail,768,197,0.6470359216133753,0.5431472081218274,0.537896163469558,0.7619662284851074
ep_100_bs_64_lr_0p001_l1_0,100,64,0.001,0.0,17,foreign,772,194,0.623169607449072,0.654639175257732,0.5859850294632903,0.6386209726333618
ep_100_bs_64_lr_0p001_l1_0,100,64,0.001,0.0,17,institution,772,194,0.6842831329978192,0.5463917525773195,0.5459574468085107,0.6907867193222046
ep_100_bs_64_lr_0p001_l1_0,100,64,0.001,0.0,17,retail,772,194,0.6631404828531137,0.6134020618556701,0.5454687451188653,0.6586496233940125
ep_100_bs_64_lr_0p001_l1_0,100,64,0.001,0.0,18,foreign,765,194,0.6217122613994125,0.634020618556701,0.6256556597363772,0.6297425627708435
ep_100_bs_64_lr_0p001_l1_0,100,64,0.001,0.0,18,institution,765,194,0.6857005835358614,0.4948453608247423,0.4922008547008547,0.6963925957679749
ep_100_bs_64_lr_0p001_l1_0,100,64,0.001,0.0,18,retail,765,194,0.6644078346638898,0.654639175257732,0.6443483733274962,0.6448580026626587
ep_100_bs_64_lr_0p001_l1_0,100,64,0.001,0.0,19,foreign,765,194,0.6233820338654362,0.6494845360824743,0.6420275697384131,0.627191424369812
ep_100_bs_64_lr_0p001_l1_0,100,64,0.001,0.0,19,institution,765,194,0.6881169820143507,0.5979381443298969,0.5979381443298969,0.6786051392555237
ep_100_bs_64_lr_0p001_l1_0,100,64,0.001,0.0,19,retail,765,194,0.6517410061717812,0.5360824742268041,0.5310989365130518,0.6971588730812073
ep_100_bs_64_lr_0p001_l1_0,100,64,0.001,0.0,20,foreign,765,194,0.6371689355451298,0.7061855670103093,0.7059902688043391,0.5830413103103638
ep_100_bs_64_lr_0p001_l1_0,100,64,0.001,0.0,20,institution,765,194,0.6806895307466095,0.5103092783505154,0.5087298413967747,0.7240015268325806
ep_100_bs_64_lr_0p001_l1_0,100,64,0.001,0.0,20,retail,765,194,0.6663732636208628,0.6597938144329897,0.659214308527627,0.6474303603172302
ep_100_bs_64_lr_0p001_l1_0,100,64,0.001,0.0,21,foreign,765,194,0.6274228214438444,0.6752577319587629,0.6752491032283778,0.6182506084442139
ep_100_bs_64_lr_0p001_l1_0,100,64,0.001,0.0,21,institution,765,194,0.6853832132676069,0.5618556701030928,0.5598793605039101,0.7037645578384399
ep_100_bs_64_lr_0p001_l1_0,100,64,0.001,0.0,21,retail,765,194,0.6580322512614182,0.5979381443298969,0.5979381443298969,0.6718292832374573
ep_100_bs_64_lr_0p001_l1_0,100,64,0.001,0.0,22,foreign,765,194,0.620077188575969,0.634020618556701,0.6169100264219163,0.6478977203369141
ep_100_bs_64_lr_0p001_l1_0,100,64,0.001,0.0,22,institution,765,194,0.6856182717030345,0.520618556701031,0.5159758551307847,0.6890447735786438
ep_100_bs_64_lr_0p001_l1_0,100,64,0.001,0.0,22,retail,765,194,0.6524648821431827,0.5463917525773195,0.5367415608379464,0.688978910446167
ep_100_bs_64_lr_0p001_l1_0,100,64,0.001,0.0,23,foreign,768,197,0.6125480035940806,0.6395939086294417,0.5940266449946303,0.7061004042625427
ep_100_bs_64_lr_0p001_l1_0,100,64,0.001,0.0,23,institution,768,197,0.6821286380290985,0.4873096446700508,0.4782209634699604,0.7322127223014832
ep_100_bs_64_lr_0p001_l1_0,100,64,0.001,0.0,23,retail,768,197,0.6476615220308304,0.5279187817258884,0.5006949554410923,0.7629609107971191
ep_100_bs_64_lr_0p001_l1_0,100,64,0.001,0.0,24,foreign,772,194,0.6195135944247864,0.6288659793814433,0.5976958525345623,0.6477530002593994
ep_100_bs_64_lr_0p001_l1_0,100,64,0.001,0.0,24,institution,772,194,0.6839324106206548,0.5103092783505154,0.5033282130056324,0.6939684748649597
ep_100_bs_64_lr_0p001_l1_0,100,64,0.001,0.0,24,retail,772,194,0.6687547678774503,0.6752577319587629,0.6421607378129117,0.6365107893943787
ep_100_bs_64_lr_0p001_l1_0,100,64,0.001,0.0,25,foreign,765,194,0.6194796342475741,0.634020618556701,0.6020340354222646,0.6472135782241821
ep_100_bs_64_lr_0p001_l1_0,100,64,0.001,0.0,25,institution,765,194,0.6847876842505013,0.5515463917525774,0.5472032193158953,0.6868163347244263
ep_100_bs_64_lr_0p001_l1_0,100,64,0.001,0.0,25,retail,765,194,0.6571069116685905,0.5618556701030928,0.5345358060236542,0.6810073852539062
ep_100_bs_64_lr_0p001_l1_0,100,64,0.001,0.0,26,foreign,765,194,0.6327875855701421,0.6855670103092784,0.6773278800272666,0.6064111590385437
ep_100_bs_64_lr_0p001_l1_0,100,64,0.001,0.0,26,institution,765,194,0.6772302087615518,0.5051546391752577,0.5025641025641026,0.728955864906311
ep_100_bs_64_lr_0p001_l1_0,100,64,0.001,0.0,26,retail,765,194,0.6712244777897605,0.6597938144329897,0.6446886446886446,0.6367954015731812
ep_100_bs_64_lr_0p001_l1_0,100,64,0.001,0.0,27,foreign,765,194,0.622681199958901,0.6494845360824743,0.6420275697384131,0.6468122005462646
ep_100_bs_64_lr_0p001_l1_0,100,64,0.001,0.0,27,institution,765,194,0.6824814361684463,0.520618556701031,0.5063343092456289,0.7066466212272644
ep_100_bs_64_lr_0p001_l1_0,100,64,0.001,0.0,27,retail,765,194,0.6638855172138588,0.634020618556701,0.6278403717813623,0.6540564894676208
ep_100_bs_64_lr_0p001_l1_0,100,64,0.001,0.0,28,foreign,765,194,0.6179142409679936,0.6134020618556701,0.553612517257248,0.6509345769882202
ep_100_bs_64_lr_0p001_l1_0,100,64,0.001,0.0,28,institution,765,194,0.6820245029100406,0.4793814432989691,0.4618659196396693,0.7003471851348877
ep_100_bs_64_lr_0p001_l1_0,100,64,0.001,0.0,28,retail,765,194,0.6590782943893881,0.6185567010309279,0.5751657196969697,0.6660329103469849
ep_100_bs_64_lr_0p001_l1_0,100,64,0.001,0.0,29,foreign,768,197,0.6078852017720541,0.6192893401015228,0.507056350715644,0.7416572570800781
ep_100_bs_64_lr_0p001_l1_0,100,64,0.001,0.0,29,institution,768,197,0.6816211591164271,0.5076142131979695,0.5043446683785957,0.7110738158226013
ep_100_bs_64_lr_0p001_l1_0,100,64,0.001,0.0,29,retail,768,197,0.6556883156299591,0.583756345177665,0.5039916482436748,0.7149319648742676
ep_100_bs_64_lr_0p001_l1_0,100,64,0.001,0.0,30,foreign,772,194,0.61759858983786,0.5618556701030928,0.5598793605039101,0.6722109913825989
ep_100_bs_64_lr_0p001_l1_0,100,64,0.001,0.0,30,institution,772,194,0.6866668450400002,0.6082474226804123,0.5972905058450781,0.6803968548774719
ep_100_bs_64_lr_0p001_l1_0,100,64,0.001,0.0,30,retail,772,194,0.6565373277417119,0.5309278350515464,0.5288120212453626,0.6892296671867371
ep_100_bs_64_lr_0p001_l1_0,100,64,0.001,0.0,31,foreign,765,194,0.6304653753642163,0.6443298969072165,0.6431827269092363,0.6241359114646912
ep_100_bs_64_lr_0p001_l1_0,100,64,0.001,0.0,31,institution,765,194,0.6788327476557563,0.5515463917525774,0.5260453230743309,0.73268723487854
ep_100_bs_64_lr_0p001_l1_0,100,64,0.001,0.0,31,retail,765,194,0.6711965321715361,0.6597938144329897,0.6596491228070176,0.6413813233375549
ep_100_bs_64_lr_0p001_l1_0,100,64,0.001,0.0,32,foreign,765,194,0.6212553625013314,0.6494845360824743,0.6457191964765281,0.6592388153076172
ep_100_bs_64_lr_0p001_l1_0,100,64,0.001,0.0,32,institution,765,194,0.6845026489955927,0.5360824742268041,0.5132694023193577,0.7019916772842407
ep_100_bs_64_lr_0p001_l1_0,100,64,0.001,0.0,32,retail,765,194,0.6642787551568224,0.6443298969072165,0.6435627745972574,0.6541225910186768
ep_100_bs_64_lr_0p001_l1_0,100,64,0.001,0.0,33,foreign,765,194,0.6172916675704757,0.5618556701030928,0.5566608415109557,0.6548251509666443
ep_100_bs_64_lr_0p001_l1_0,100,64,0.001,0.0,33,institution,765,194,0.6840776571261338,0.5103092783505154,0.4708128750681942,0.6946555972099304
ep_100_bs_64_lr_0p001_l1_0,100,64,0.001,0.0,33,retail,765,194,0.6599227553099588,0.6030927835051546,0.5963902623544352,0.664560079574585
ep_100_bs_64_lr_0p001_l1_0,100,64,0.001,0.0,34,foreign,768,197,0.6117707739273707,0.6192893401015228,0.5993003010332764,0.6963961124420166
ep_100_bs_64_lr_0p001_l1_0,100,64,0.001,0.0,34,institution,768,197,0.6825256993373235,0.4517766497461929,0.4517625231910946,0.7173658609390259
ep_100_bs_64_lr_0p001_l1_0,100,64,0.001,0.0,34,retail,768,197,0.6597794691721598,0.6446700507614214,0.6285822021116139,0.6796531081199646
ep_100_bs_64_lr_0p001_l1_0,100,64,0.001,0.0,35,foreign,772,194,0.6319577162747556,0.6082474226804123,0.6075801128499947,0.6215306520462036
ep_100_bs_64_lr_0p001_l1_0,100,64,0.001,0.0,35,institution,772,194,0.6814599463359062,0.5618556701030928,0.5544567831185323,0.7154340744018555
ep_100_bs_64_lr_0p001_l1_0,100,64,0.001,0.0,35,retail,772,194,0.6596064567565918,0.5257731958762887,0.5253191489361702,0.6859177350997925
ep_100_bs_64_lr_0p001_l1_0,100,64,0.001,0.0,36,foreign,765,194,0.6220257600148519,0.6134020618556701,0.6088183895684904,0.661903440952301
ep_100_bs_64_lr_0p001_l1_0,100,64,0.001,0.0,36,institution,765,194,0.6853886441467634,0.5618556701030928,0.5488001751169727,0.6948484182357788
ep_100_bs_64_lr_0p001_l1_0,100,64,0.001,0.0,36,retail,765,194,0.652348274343154,0.5412371134020618,0.5367940979208585,0.7034153938293457
ep_100_bs_64_lr_0p001_l1_0,100,64,0.001,0.0,37,foreign,765,194,0.6190139575721392,0.5824742268041238,0.5754235227364837,0.6482698321342468
ep_100_bs_64_lr_0p001_l1_0,100,64,0.001,0.0,37,institution,765,194,0.6850648135920755,0.5515463917525774,0.5364587624618934,0.6898906230926514
ep_100_bs_64_lr_0p001_l1_0,100,64,0.001,0.0,37,retail,765,194,0.6471374604437087,0.5051546391752577,0.5032540275258721,0.7182702422142029
ep_100_bs_64_lr_0p001_l1_0,100,64,0.001,0.0,38,foreign,768,197,0.6126034657160441,0.6192893401015228,0.5993003010332764,0.7033329010009766
ep_100_bs_64_lr_0p001_l1_0,100,64,0.001,0.0,38,institution,768,197,0.6857044647137324,0.5634517766497462,0.5628998968008256,0.6896916031837463
ep_100_bs_64_lr_0p001_l1_0,100,64,0.001,0.0,38,retail,768,197,0.6434987783432007,0.5279187817258884,0.5181854043392505,0.7693750262260437
ep_100_bs_64_lr_0p001_l1_0,100,64,0.001,0.0,39,foreign,772,194,0.6305300843530368,0.5876288659793815,0.581219643820831,0.6562725305557251
ep_100_bs_64_lr_0p001_l1_0,100,64,0.001,0.0,39,institution,772,194,0.6808104749788274,0.5051546391752577,0.4831834831834832,0.7195613384246826
ep_100_bs_64_lr_0p001_l1_0,100,64,0.001,0.0,39,retail,772,194,0.6671941505812611,0.654639175257732,0.6505444280145181,0.6445205807685852
ep_100_bs_64_lr_0p001_l1_0,100,64,0.001,0.0,40,foreign,765,194,0.633483953335706,0.6494845360824743,0.6493354598617757,0.600283145904541
ep_100_bs_64_lr_0p001_l1_0,100,64,0.001,0.0,40,institution,765,194,0.6777134634310903,0.5051546391752577,0.4854111405835544,0.7336145043373108
ep_100_bs_64_lr_0p001_l1_0,100,64,0.001,0.0,40,retail,765,194,0.6627081829737994,0.6237113402061856,0.6232207944236039,0.6604234576225281
ep_100_bs_64_lr_0p001_l1_0,100,64,0.001,0.0,41,foreign,768,197,0.626042957107226,0.6548223350253807,0.6508548790658882,0.6570227146148682
ep_100_bs_64_lr_0p001_l1_0,100,64,0.001,0.0,41,institution,768,197,0.6775470773379008,0.5126903553299492,0.512677798392084,0.7448991537094116
ep_100_bs_64_lr_0p001_l1_0,100,64,0.001,0.0,41,retail,768,197,0.659998893737793,0.6040609137055838,0.6028225806451613,0.6952787041664124
ep_100_bs_64_lr_0p001_l1_0,100,64,0.001,0.0,42,foreign,772,194,0.6261677593764864,0.634020618556701,0.6339330799691711,0.6256112456321716
ep_100_bs_64_lr_0p001_l1_0,100,64,0.001,0.0,42,institution,772,194,0.6824333346569477,0.5412371134020618,0.4978916450984383,0.7046846747398376
ep_100_bs_64_lr_0p001_l1_0,100,64,0.001,0.0,42,retail,772,194,0.654698733221064,0.5876288659793815,0.5872340425531914,0.6843191981315613
ep_100_bs_64_lr_0p001_l1_0,100,64,0.001,0.0,43,foreign,768,197,0.6129092971483866,0.6294416243654822,0.6263219436143952,0.7424177527427673
ep_100_bs_64_lr_0p001_l1_0,100,64,0.001,0.0,43,institution,768,197,0.6808839092652003,0.4771573604060913,0.4769417162890212,0.7453159093856812
ep_100_bs_64_lr_0p001_l1_0,100,64,0.001,0.0,43,retail,768,197,0.6521022121111552,0.5939086294416244,0.5926385442514475,0.7243822813034058
ep_100_bs_64_lr_0p001_l1_0,100,64,0.001,0.0,44,foreign,775,197,0.6142123693804588,0.6040609137055838,0.5678852643419572,0.6911453604698181
ep_100_bs_64_lr_0p001_l1_0,100,64,0.001,0.0,44,institution,775,197,0.6836465510245292,0.5279187817258884,0.527480463208934,0.6985050439834595
ep_100_bs_64_lr_0p001_l1_0,100,64,0.001,0.0,44,retail,775,197,0.6500946911688774,0.5786802030456852,0.5605633045768497,0.7355497479438782
ep_100_bs_128_lr_0p001_l1_0,100,128,0.001,0.0,0,foreign,773,194,0.6244806845468814,0.6391752577319587,0.5981297348484849,0.6459152102470398
ep_100_bs_128_lr_0p001_l1_0,100,128,0.001,0.0,0,institution,773,194,0.6859326714223292,0.520618556701031,0.4850292564578279,0.6971331834793091
ep_100_bs_128_lr_0p001_l1_0,100,128,0.001,0.0,0,retail,773,194,0.6557972829061215,0.5670103092783505,0.5177556818181819,0.689299464225769
ep_100_bs_128_lr_0p001_l1_0,100,128,0.001,0.0,1,foreign,766,194,0.6283883867936096,0.6701030927835051,0.6672384219554031,0.6118108034133911
ep_100_bs_128_lr_0p001_l1_0,100,128,0.001,0.0,1,institution,766,194,0.6856115180269545,0.5360824742268041,0.5360824742268041,0.6891149878501892
ep_100_bs_128_lr_0p001_l1_0,100,128,0.001,0.0,1,retail,766,194,0.6566782822496897,0.5876288659793815,0.5831990546782684,0.6747310757637024
ep_100_bs_128_lr_0p001_l1_0,100,128,0.001,0.0,2,foreign,766,194,0.6251894339880184,0.6597938144329897,0.659214308527627,0.6274797916412354
ep_100_bs_128_lr_0p001_l1_0,100,128,0.001,0.0,2,institution,766,194,0.6819362436511187,0.5103092783505154,0.5055667337357478,0.7001810073852539
ep_100_bs_128_lr_0p001_l1_0,100,128,0.001,0.0,2,retail,766,194,0.6622363055032476,0.6185567010309279,0.6179069519855211,0.659203052520752
ep_100_bs_128_lr_0p001_l1_0,100,128,0.001,0.0,3,foreign,766,194,0.6246187148455229,0.6443298969072165,0.6277012932832708,0.6303550601005554
ep_100_bs_128_lr_0p001_l1_0,100,128,0.001,0.0,3,institution,766,194,0.6848288531714257,0.5670103092783505,0.5457181088314005,0.6889172792434692
ep_100_bs_128_lr_0p001_l1_0,100,128,0.001,0.0,3,retail,766,194,0.6632682677971166,0.6443298969072165,0.6350102249488753,0.6545445322990417
ep_100_bs_128_lr_0p001_l1_0,100,128,0.001,0.0,4,foreign,766,194,0.625778594932108,0.6494845360824743,0.6322479928635147,0.6299231052398682
ep_100_bs_128_lr_0p001_l1_0,100,128,0.001,0.0,4,institution,766,194,0.6842552241395099,0.520618556701031,0.5137844611528821,0.6983165740966797
ep_100_bs_128_lr_0p001_l1_0,100,128,0.001,0.0,4,retail,766,194,0.6505892679834491,0.5412371134020618,0.5126316086600615,0.7075414061546326
ep_100_bs_128_lr_0p001_l1_0,100,128,0.001,0.0,5,foreign,766,194,0.6387996060418709,0.6855670103092784,0.6458052737122505,0.5899543166160583
ep_100_bs_128_lr_0p001_l1_0,100,128,0.001,0.0,5,institution,766,194,0.6781509160684231,0.5,0.4811260925910607,0.7294225096702576
ep_100_bs_128_lr_0p001_l1_0,100,128,0.001,0.0,5,retail,766,194,0.6645629156974214,0.6030927835051546,0.5783442007508397,0.6625814437866211
ep_100_bs_128_lr_0p001_l1_0,100,128,0.001,0.0,6,foreign,766,194,0.6287478020234768,0.654639175257732,0.6167477517322719,0.6334520578384399
ep_100_bs_128_lr_0p001_l1_0,100,128,0.001,0.0,6,institution,766,194,0.6820248077494668,0.520618556701031,0.5025229547522541,0.713057816028595
ep_100_bs_128_lr_0p001_l1_0,100,128,0.001,0.0,6,retail,766,194,0.6583682424717099,0.6030927835051546,0.5493408151567261,0.6710554361343384
ep_100_bs_128_lr_0p001_l1_0,100,128,0.001,0.0,7,foreign,766,194,0.6258201983516584,0.6288659793814433,0.6230976794387479,0.6203974485397339
ep_100_bs_128_lr_0p001_l1_0,100,128,0.001,0.0,7,institution,766,194,0.6827205111401511,0.5,0.4885718168229379,0.6986883282661438
ep_100_bs_128_lr_0p001_l1_0,100,128,0.001,0.0,7,retail,766,194,0.6528299217435772,0.5670103092783505,0.5532894736842104,0.6897454857826233
ep_100_bs_128_lr_0p001_l1_0,100,128,0.001,0.0,8,foreign,769,197,0.6203735455269931,0.6446700507614214,0.6444410066006601,0.6968769431114197
ep_100_bs_128_lr_0p001_l1_0,100,128,0.001,0.0,8,institution,769,197,0.6841844997728445,0.5380710659898477,0.5380234505862647,0.7014914751052856
ep_100_bs_128_lr_0p001_l1_0,100,128,0.001,0.0,8,retail,769,197,0.6521118898308014,0.5634517766497462,0.5628998968008256,0.7360235452651978
ep_100_bs_128_lr_0p001_l1_0,100,128,0.001,0.0,9,foreign,772,194,0.6207892660032283,0.6237113402061856,0.6224976675996268,0.6597095131874084
ep_100_bs_128_lr_0p001_l1_0,100,128,0.001,0.0,9,institution,772,194,0.6880082821598943,0.5567010309278351,0.5519389837791384,0.681338906288147
ep_100_bs_128_lr_0p001_l1_0,100,128,0.001,0.0,9,retail,772,194,0.6557470643458588,0.5412371134020618,0.5411273819331863,0.6950069069862366
ep_100_bs_128_lr_0p001_l1_0,100,128,0.001,0.0,10,foreign,765,194,0.6155630490359139,0.6237113402061856,0.609507265558221,0.6696664094924927
ep_100_bs_128_lr_0p001_l1_0,100,128,0.001,0.0,10,institution,765,194,0.6846468055170346,0.5412371134020618,0.5346969574473819,0.6906930804252625
ep_100_bs_128_lr_0p001_l1_0,100,128,0.001,0.0,10,retail,765,194,0.6606770827879314,0.5876288659793815,0.5775261324041812,0.6780840754508972
ep_100_bs_128_lr_0p001_l1_0,100,128,0.001,0.0,11,foreign,765,194,0.6162339729421279,0.5979381443298969,0.5951845906902087,0.6627218723297119
ep_100_bs_128_lr_0p001_l1_0,100,128,0.001,0.0,11,institution,765,194,0.68712820087383,0.6030927835051546,0.5760465446289201,0.6828005909919739
ep_100_bs_128_lr_0p001_l1_0,100,128,0.001,0.0,11,retail,765,194,0.6624753240666358,0.6185567010309279,0.6170916462178598,0.6687636375427246
ep_100_bs_128_lr_0p001_l1_0,100,128,0.001,0.0,12,foreign,765,194,0.6176905011819079,0.6134020618556701,0.6104104747369267,0.6601937413215637
ep_100_bs_128_lr_0p001_l1_0,100,128,0.001,0.0,12,institution,765,194,0.6874904179884718,0.5670103092783505,0.5497347480106101,0.6835556626319885
ep_100_bs_128_lr_0p001_l1_0,100,128,0.001,0.0,12,retail,765,194,0.6493215299120136,0.4948453608247423,0.4882644272179156,0.7253880500793457
ep_100_bs_128_lr_0p001_l1_0,100,128,0.001,0.0,13,foreign,765,194,0.6322916822495803,0.6701030927835051,0.6538804638715432,0.6076192855834961
ep_100_bs_128_lr_0p001_l1_0,100,128,0.001,0.0,13,institution,765,194,0.6821244910651563,0.5412371134020618,0.5197886246697261,0.706956148147583
ep_100_bs_128_lr_0p001_l1_0,100,128,0.001,0.0,13,retail,765,194,0.6652739824812397,0.6134020618556701,0.612155137944822,0.6631364226341248
ep_100_bs_128_lr_0p001_l1_0,100,128,0.001,0.0,14,foreign,765,194,0.6235530159831826,0.6443298969072165,0.6221525954780253,0.6384745836257935
ep_100_bs_128_lr_0p001_l1_0,100,128,0.001,0.0,14,institution,765,194,0.68516552214529,0.5515463917525774,0.515376001378241,0.6999770998954773
ep_100_bs_128_lr_0p001_l1_0,100,128,0.001,0.0,14,retail,765,194,0.6561075371854446,0.5721649484536082,0.5454879047054506,0.7300629615783691
ep_100_bs_128_lr_0p001_l1_0,100,128,0.001,0.0,15,foreign,765,194,0.6148001694211773,0.5876288659793815,0.5876288659793815,0.6732091307640076
ep_100_bs_128_lr_0p001_l1_0,100,128,0.001,0.0,15,institution,765,194,0.685481503586364,0.5515463917525774,0.5283762260038561,0.6888536214828491
ep_100_bs_128_lr_0p001_l1_0,100,128,0.001,0.0,15,retail,765,194,0.6526321890307408,0.5515463917525774,0.5500999600159936,0.69541996717453
ep_100_bs_128_lr_0p001_l1_0,100,128,0.001,0.0,16,foreign,768,197,0.6047616799672445,0.6040609137055838,0.5964810924369748,0.7624118328094482
ep_100_bs_128_lr_0p001_l1_0,100,128,0.001,0.0,16,institution,768,197,0.6840809484322866,0.5482233502538071,0.5470562401508693,0.7085056304931641
ep_100_bs_128_lr_0p001_l1_0,100,128,0.001,0.0,16,retail,768,197,0.647039403518041,0.5431472081218274,0.537896163469558,0.7607018947601318
ep_100_bs_128_lr_0p001_l1_0,100,128,0.001,0.0,17,foreign,772,194,0.6254549021856772,0.654639175257732,0.5900589775128521,0.6394801735877991
ep_100_bs_128_lr_0p001_l1_0,100,128,0.001,0.0,17,institution,772,194,0.6844600145680917,0.5463917525773195,0.5451832907075873,0.6904762387275696
ep_100_bs_128_lr_0p001_l1_0,100,128,0.001,0.0,17,retail,772,194,0.6640060420481034,0.6134020618556701,0.5411107957233419,0.6603137254714966
ep_100_bs_128_lr_0p001_l1_0,100,128,0.001,0.0,18,foreign,765,194,0.6222055035478928,0.6443298969072165,0.6362005707297187,0.6300935745239258
ep_100_bs_128_lr_0p001_l1_0,100,128,0.001,0.0,18,institution,765,194,0.6855903807808371,0.5,0.4977446819868151,0.696221113204956
ep_100_bs_128_lr_0p001_l1_0,100,128,0.001,0.0,18,retail,765,194,0.6643903010810902,0.654639175257732,0.6443483733274962,0.645565927028656
ep_100_bs_128_lr_0p001_l1_0,100,128,0.001,0.0,19,foreign,765,194,0.623964966668023,0.654639175257732,0.6467454817230602,0.6272984743118286
ep_100_bs_128_lr_0p001_l1_0,100,128,0.001,0.0,19,institution,765,194,0.6879860046642279,0.5927835051546392,0.5927726850006643,0.6786307692527771
ep_100_bs_128_lr_0p001_l1_0,100,128,0.001,0.0,19,retail,765,194,0.651862964988534,0.5309278350515464,0.524240709300132,0.6965999007225037
ep_100_bs_128_lr_0p001_l1_0,100,128,0.001,0.0,20,foreign,765,194,0.6373423665177589,0.7061855670103093,0.7059902688043391,0.5833097696304321
ep_100_bs_128_lr_0p001_l1_0,100,128,0.001,0.0,20,institution,765,194,0.6806128437222998,0.520618556701031,0.5195846092397817,0.7237533926963806
ep_100_bs_128_lr_0p001_l1_0,100,128,0.001,0.0,20,retail,765,194,0.6664756083800123,0.654639175257732,0.653894288377047,0.6457510590553284
ep_100_bs_128_lr_0p001_l1_0,100,128,0.001,0.0,21,foreign,765,194,0.6278439819423202,0.6804123711340206,0.6803784013605443,0.6187815070152283
ep_100_bs_128_lr_0p001_l1_0,100,128,0.001,0.0,21,institution,765,194,0.6853083721173355,0.5515463917525774,0.5488492689315977,0.7032665014266968
ep_100_bs_128_lr_0p001_l1_0,100,128,0.001,0.0,21,retail,765,194,0.6580153119330313,0.6030927835051546,0.6030822372791285,0.6718946099281311
ep_100_bs_128_lr_0p001_l1_0,100,128,0.001,0.0,22,foreign,765,194,0.6206278534496532,0.634020618556701,0.6186072269140246,0.6477615237236023
ep_100_bs_128_lr_0p001_l1_0,100,128,0.001,0.0,22,institution,765,194,0.6854695736972335,0.5257731958762887,0.5206789128800086,0.6889400482177734
ep_100_bs_128_lr_0p001_l1_0,100,128,0.001,0.0,22,retail,765,194,0.652631270262151,0.5567010309278351,0.5458405923344948,0.6867057681083679
ep_100_bs_128_lr_0p001_l1_0,100,128,0.001,0.0,23,foreign,768,197,0.6126624047756195,0.649746192893401,0.6023694602896007,0.7076942920684814
ep_100_bs_128_lr_0p001_l1_0,100,128,0.001,0.0,23,institution,768,197,0.6820369164148966,0.4873096446700508,0.4782209634699604,0.7314757704734802
ep_100_bs_128_lr_0p001_l1_0,100,128,0.001,0.0,23,retail,768,197,0.6477541824181875,0.5279187817258884,0.5006949554410923,0.7577449679374695
ep_100_bs_128_lr_0p001_l1_0,100,128,0.001,0.0,24,foreign,772,194,0.6218723935784454,0.6237113402061856,0.59082372656092,0.6484664678573608
ep_100_bs_128_lr_0p001_l1_0,100,128,0.001,0.0,24,institution,772,194,0.684060831144066,0.5309278350515464,0.5281067065836251,0.6934479475021362
ep_100_bs_128_lr_0p001_l1_0,100,128,0.001,0.0,24,retail,772,194,0.669225418505891,0.6804123711340206,0.6466094723234223,0.6388635039329529
ep_100_bs_128_lr_0p001_l1_0,100,128,0.001,0.0,25,foreign,765,194,0.6203226328675264,0.6391752577319587,0.6088709677419355,0.6454159617424011
ep_100_bs_128_lr_0p001_l1_0,100,128,0.001,0.0,25,institution,765,194,0.6846834349476434,0.5515463917525774,0.5472032193158953,0.6866636276245117
ep_100_bs_128_lr_0p001_l1_0,100,128,0.001,0.0,25,retail,765,194,0.6571406710381601,0.5463917525773195,0.5141165755919854,0.6806963086128235
ep_100_bs_128_lr_0p001_l1_0,100,128,0.001,0.0,26,foreign,765,194,0.6332134446287467,0.6958762886597938,0.6889251256964262,0.6043408513069153
ep_100_bs_128_lr_0p001_l1_0,100,128,0.001,0.0,26,institution,765,194,0.6771644158301011,0.5,0.4969928630616663,0.7287407517433167
ep_100_bs_128_lr_0p001_l1_0,100,128,0.001,0.0,26,retail,765,194,0.6711663962189668,0.6701030927835051,0.6554556554556554,0.6361576318740845
ep_100_bs_128_lr_0p001_l1_0,100,128,0.001,0.0,27,foreign,765,194,0.6233328207645541,0.6494845360824743,0.6420275697384131,0.6456423997879028
ep_100_bs_128_lr_0p001_l1_0,100,128,0.001,0.0,27,institution,765,194,0.6823636796739366,0.520618556701031,0.5063343092456289,0.7052639722824097
ep_100_bs_128_lr_0p001_l1_0,100,128,0.001,0.0,27,retail,765,194,0.6637968781726812,0.6237113402061856,0.6173570019723866,0.6541370749473572
ep_100_bs_128_lr_0p001_l1_0,100,128,0.001,0.0,28,foreign,765,194,0.6186138441360075,0.6134020618556701,0.553612517257248,0.6497123837471008
ep_100_bs_128_lr_0p001_l1_0,100,128,0.001,0.0,28,institution,765,194,0.6818609933447993,0.4793814432989691,0.4618659196396693,0.700127124786377
ep_100_bs_128_lr_0p001_l1_0,100,128,0.001,0.0,28,retail,765,194,0.6591783183072907,0.6237113402061856,0.5793506994980248,0.664476215839386
ep_100_bs_128_lr_0p001_l1_0,100,128,0.001,0.0,29,foreign,768,197,0.6081121265888214,0.6142131979695431,0.4973139940907869,0.7420880198478699
ep_100_bs_128_lr_0p001_l1_0,100,128,0.001,0.0,29,institution,768,197,0.6814875801404318,0.5177664974619289,0.5145643659377999,0.7104864120483398
ep_100_bs_128_lr_0p001_l1_0,100,128,0.001,0.0,29,retail,768,197,0.6556714773178101,0.583756345177665,0.4990697097494417,0.7126945853233337
ep_100_bs_128_lr_0p001_l1_0,100,128,0.001,0.0,30,foreign,772,194,0.620656627447494,0.5515463917525774,0.5488492689315977,0.6686711311340332
ep_100_bs_128_lr_0p001_l1_0,100,128,0.001,0.0,30,institution,772,194,0.6866845531784809,0.6030927835051546,0.5940209267563528,0.681348979473114
ep_100_bs_128_lr_0p001_l1_0,100,128,0.001,0.0,30,retail,772,194,0.6573416967466088,0.5309278350515464,0.5288120212453626,0.6873791813850403
ep_100_bs_128_lr_0p001_l1_0,100,128,0.001,0.0,31,foreign,765,194,0.6308648714832231,0.6443298969072165,0.6435627745972574,0.6234128475189209
ep_100_bs_128_lr_0p001_l1_0,100,128,0.001,0.0,31,institution,765,194,0.6787090850032232,0.5567010309278351,0.5302927927927928,0.7325485348701477
ep_100_bs_128_lr_0p001_l1_0,100,128,0.001,0.0,31,retail,765,194,0.6712441114039203,0.6494845360824743,0.6491489361702127,0.6413825154304504
ep_100_bs_128_lr_0p001_l1_0,100,128,0.001,0.0,32,foreign,765,194,0.6217449233422871,0.6494845360824743,0.6457191964765281,0.659750759601593
ep_100_bs_128_lr_0p001_l1_0,100,128,0.001,0.0,32,institution,765,194,0.6843812903547599,0.5257731958762887,0.5047175047175048,0.7021614909172058
ep_100_bs_128_lr_0p001_l1_0,100,128,0.001,0.0,32,retail,765,194,0.6642678084716298,0.654639175257732,0.6541889483065954,0.6542577147483826
ep_100_bs_128_lr_0p001_l1_0,100,128,0.001,0.0,33,foreign,765,194,0.6181592677932939,0.5721649484536082,0.564940152927508,0.6532095074653625
ep_100_bs_128_lr_0p001_l1_0,100,128,0.001,0.0,33,institution,765,194,0.6839086664268393,0.5103092783505154,0.4708128750681942,0.6945554614067078
ep_100_bs_128_lr_0p001_l1_0,100,128,0.001,0.0,33,retail,765,194,0.6600294614149854,0.6134020618556701,0.6068736321634108,0.6624839305877686
ep_100_bs_128_lr_0p001_l1_0,100,128,0.001,0.0,34,foreign,768,197,0.6119748751322428,0.6243654822335025,0.60368638538495,0.6981949210166931
ep_100_bs_128_lr_0p001_l1_0,100,128,0.001,0.0,34,institution,768,197,0.6824462215105692,0.4517766497461929,0.4517625231910946,0.7168501615524292
ep_100_bs_128_lr_0p001_l1_0,100,128,0.001,0.0,34,retail,768,197,0.659665604432424,0.6446700507614214,0.6285822021116139,0.6796339154243469
ep_100_bs_128_lr_0p001_l1_0,100,128,0.001,0.0,35,foreign,772,194,0.6341650421137637,0.6082474226804123,0.6067427717913155,0.6196534633636475
ep_100_bs_128_lr_0p001_l1_0,100,128,0.001,0.0,35,institution,772,194,0.6821795263438645,0.5515463917525774,0.5397955010224949,0.7101695537567139
ep_100_bs_128_lr_0p001_l1_0,100,128,0.001,0.0,35,retail,772,194,0.6612485313662593,0.5463917525773195,0.5459574468085107,0.6783167123794556
ep_100_bs_128_lr_0p001_l1_0,100,128,0.001,0.0,36,foreign,765,194,0.6226533260220796,0.6082474226804123,0.604039101944355,0.6609998941421509
ep_100_bs_128_lr_0p001_l1_0,100,128,0.001,0.0,36,institution,765,194,0.685303416283302,0.5567010309278351,0.5426535087719299,0.6937022805213928
ep_100_bs_128_lr_0p001_l1_0,100,128,0.001,0.0,36,retail,765,194,0.6523177173402575,0.5412371134020618,0.5367940979208585,0.7029157876968384
ep_100_bs_128_lr_0p001_l1_0,100,128,0.001,0.0,37,foreign,765,194,0.6198221537801955,0.5773195876288659,0.5695887445887446,0.6464630961418152
ep_100_bs_128_lr_0p001_l1_0,100,128,0.001,0.0,37,institution,765,194,0.6849193254327463,0.5463917525773195,0.5302146395156851,0.6898884177207947
ep_100_bs_128_lr_0p001_l1_0,100,128,0.001,0.0,37,retail,765,194,0.6473327593086592,0.4896907216494845,0.4873889022339659,0.7154095768928528
ep_100_bs_128_lr_0p001_l1_0,100,128,0.001,0.0,38,foreign,768,197,0.6128851373990377,0.6243654822335025,0.605573593073593,0.705211341381073
ep_100_bs_128_lr_0p001_l1_0,100,128,0.001,0.0,38,institution,768,197,0.6856075326601664,0.5532994923857868,0.5523652137988019,0.6890766620635986
ep_100_bs_128_lr_0p001_l1_0,100,128,0.001,0.0,38,retail,768,197,0.6436431507269541,0.5177664974619289,0.5063177609538632,0.7668260931968689
ep_100_bs_128_lr_0p001_l1_0,100,128,0.001,0.0,39,foreign,772,194,0.6332943285067465,0.6082474226804123,0.5999131661782264,0.6406877636909485
ep_100_bs_128_lr_0p001_l1_0,100,128,0.001,0.0,39,institution,772,194,0.6811445679689319,0.5154639175257731,0.4916369313113291,0.7168539762496948
ep_100_bs_128_lr_0p001_l1_0,100,128,0.001,0.0,39,retail,772,194,0.6679952820965663,0.6597938144329897,0.6574638844301766,0.6503491997718811
ep_100_bs_128_lr_0p001_l1_0,100,128,0.001,0.0,40,foreign,765,194,0.6339337697216109,0.654639175257732,0.6544096142086091,0.5992625951766968
ep_100_bs_128_lr_0p001_l1_0,100,128,0.001,0.0,40,institution,765,194,0.6776013334592184,0.5103092783505154,0.4896857261525681,0.7333971858024597
ep_100_bs_128_lr_0p001_l1_0,100,128,0.001,0.0,40,retail,765,194,0.6627171886512656,0.6185567010309279,0.6179069519855211,0.6577284336090088
ep_100_bs_128_lr_0p001_l1_0,100,128,0.001,0.0,41,foreign,768,197,0.6261778076489767,0.6548223350253807,0.6508548790658882,0.6586275696754456
ep_100_bs_128_lr_0p001_l1_0,100,128,0.001,0.0,41,institution,768,197,0.6773640712102255,0.5076142131979695,0.5076142131979695,0.7445974349975586
ep_100_bs_128_lr_0p001_l1_0,100,128,0.001,0.0,41,retail,768,197,0.6600725551446279,0.6294416243654822,0.62848433180914,0.6943684816360474
ep_100_bs_128_lr_0p001_l1_0,100,128,0.001,0.0,42,foreign,772,194,0.6280966413453453,0.6391752577319587,0.6388297872340425,0.6275520920753479
ep_100_bs_128_lr_0p001_l1_0,100,128,0.001,0.0,42,institution,772,194,0.682668348050488,0.5309278350515464,0.4794633642930856,0.7014898657798767
ep_100_bs_128_lr_0p001_l1_0,100,128,0.001,0.0,42,retail,772,194,0.6561679759791478,0.5876288659793815,0.5874534821903243,0.678748369216919
ep_100_bs_128_lr_0p001_l1_0,100,128,0.001,0.0,43,foreign,768,197,0.6131392518679301,0.6294416243654822,0.6263219436143952,0.7392122745513916
ep_100_bs_128_lr_0p001_l1_0,100,128,0.001,0.0,43,institution,768,197,0.6808894872665405,0.4923857868020304,0.4922680412371134,0.7400398254394531
ep_100_bs_128_lr_0p001_l1_0,100,128,0.001,0.0,43,retail,768,197,0.6520936588446299,0.5888324873096447,0.5877702859800047,0.7223305702209473
ep_100_bs_128_lr_0p001_l1_0,100,128,0.001,0.0,44,foreign,775,197,0.6146965170675709,0.6091370558375635,0.5720411905769502,0.693634569644928
ep_100_bs_128_lr_0p001_l1_0,100,128,0.001,0.0,44,institution,775,197,0.6836292009199819,0.5228426395939086,0.5222394220846234,0.6964755654335022
ep_100_bs_128_lr_0p001_l1_0,100,128,0.001,0.0,44,retail,775,197,0.6506792334587344,0.5786802030456852,0.5565589998101592,0.7269654273986816
ep_100_bs_256_lr_0p001_l1_0,100,256,0.001,0.0,0,foreign,773,194,0.6290635459635884,0.634020618556701,0.5967208315034402,0.6430850625038147
ep_100_bs_256_lr_0p001_l1_0,100,256,0.001,0.0,0,institution,773,194,0.6867284437046323,0.5154639175257731,0.4916369313113291,0.6954957842826843
ep_100_bs_256_lr_0p001_l1_0,100,256,0.001,0.0,0,retail,773,194,0.6565349708861861,0.5618556701030928,0.5137844611528821,0.6941900253295898
ep_100_bs_256_lr_0p001_l1_0,100,256,0.001,0.0,1,foreign,766,194,0.6301249410402682,0.6701030927835051,0.6672384219554031,0.6125614643096924
ep_100_bs_256_lr_0p001_l1_0,100,256,0.001,0.0,1,institution,766,194,0.6855879061838355,0.5360824742268041,0.5360824742268041,0.689056396484375
ep_100_bs_256_lr_0p001_l1_0,100,256,0.001,0.0,1,retail,766,194,0.6572813279634979,0.5824742268041238,0.5792433127158808,0.6732815504074097
ep_100_bs_256_lr_0p001_l1_0,100,256,0.001,0.0,2,foreign,766,194,0.6272154837924568,0.6494845360824743,0.6485507246376812,0.6269011497497559
ep_100_bs_256_lr_0p001_l1_0,100,256,0.001,0.0,2,institution,766,194,0.6819123795387327,0.520618556701031,0.5169089886737891,0.6995877027511597
ep_100_bs_256_lr_0p001_l1_0,100,256,0.001,0.0,2,retail,766,194,0.6626860091642673,0.6237113402061856,0.6224976675996268,0.6585842967033386
ep_100_bs_256_lr_0p001_l1_0,100,256,0.001,0.0,3,foreign,766,194,0.6266090911922505,0.6597938144329897,0.6462201591511936,0.6308326721191406
ep_100_bs_256_lr_0p001_l1_0,100,256,0.001,0.0,3,institution,766,194,0.6847878554471167,0.5670103092783505,0.5457181088314005,0.6889102458953857
ep_100_bs_256_lr_0p001_l1_0,100,256,0.001,0.0,3,retail,766,194,0.6635563887130498,0.6391752577319587,0.6314989688483664,0.6549561619758606
ep_100_bs_256_lr_0p001_l1_0,100,256,0.001,0.0,4,foreign,766,194,0.6278644596316485,0.634020618556701,0.6186072269140246,0.6300027370452881
ep_100_bs_256_lr_0p001_l1_0,100,256,0.001,0.0,4,institution,766,194,0.6842009932503065,0.520618556701031,0.5137844611528821,0.6972939372062683
ep_100_bs_256_lr_0p001_l1_0,100,256,0.001,0.0,4,retail,766,194,0.6511973824264486,0.520618556701031,0.4958504484868807,0.7059773206710815
ep_100_bs_256_lr_0p001_l1_0,100,256,0.001,0.0,5,foreign,766,194,0.639966330235683,0.6907216494845361,0.6580091667646022,0.5907031297683716
ep_100_bs_256_lr_0p001_l1_0,100,256,0.001,0.0,5,institution,766,194,0.6781432960114342,0.5,0.4811260925910607,0.7282077670097351
ep_100_bs_256_lr_0p001_l1_0,100,256,0.001,0.0,5,retail,766,194,0.6651307433143298,0.6185567010309279,0.5914162112932605,0.6600176692008972
ep_100_bs_256_lr_0p001_l1_0,100,256,0.001,0.0,6,foreign,766,194,0.6304506421400424,0.6649484536082474,0.6308007612355438,0.6339669227600098
ep_100_bs_256_lr_0p001_l1_0,100,256,0.001,0.0,6,institution,766,194,0.6820914289347497,0.5154639175257731,0.4961317418213969,0.7111262083053589
ep_100_bs_256_lr_0p001_l1_0,100,256,0.001,0.0,6,retail,766,194,0.6588214416416756,0.6237113402061856,0.5793506994980248,0.6703747510910034
ep_100_bs_256_lr_0p001_l1_0,100,256,0.001,0.0,7,foreign,766,194,0.6277501142678622,0.654639175257732,0.6505444280145181,0.620836615562439
ep_100_bs_256_lr_0p001_l1_0,100,256,0.001,0.0,7,institution,766,194,0.6826673405288716,0.5103092783505154,0.5006367355786165,0.6982929110527039
ep_100_bs_256_lr_0p001_l1_0,100,256,0.001,0.0,7,retail,766,194,0.6538700403806124,0.5721649484536082,0.5609543285616905,0.6837008595466614
ep_100_bs_256_lr_0p001_l1_0,100,256,0.001,0.0,8,foreign,769,197,0.6258648731618616,0.6395939086294417,0.6394452607429175,0.6874118447303772
ep_100_bs_256_lr_0p001_l1_0,100,256,0.001,0.0,8,institution,769,197,0.6857275993058213,0.5177664974619289,0.5175676024024953,0.6946160197257996
ep_100_bs_256_lr_0p001_l1_0,100,256,0.001,0.0,8,retail,769,197,0.6568100450485364,0.5685279187817259,0.5678152019615434,0.7121794819831848
ep_100_bs_256_lr_0p001_l1_0,100,256,0.001,0.0,9,foreign,772,194,0.6252174454649495,0.6185567010309279,0.617540494458653,0.6591057777404785
ep_100_bs_256_lr_0p001_l1_0,100,256,0.001,0.0,9,institution,772,194,0.6883126960517211,0.5670103092783505,0.5613695090439277,0.6835699677467346
ep_100_bs_256_lr_0p001_l1_0,100,256,0.001,0.0,9,retail,772,194,0.6569090454689579,0.5360824742268041,0.5360331632653061,0.7010659575462341
ep_100_bs_256_lr_0p001_l1_0,100,256,0.001,0.0,10,foreign,765,194,0.6180469872125613,0.6134020618556701,0.5988088344776243,0.6669178009033203
ep_100_bs_256_lr_0p001_l1_0,100,256,0.001,0.0,10,institution,765,194,0.684598754901512,0.5463917525773195,0.5393416082029142,0.6907537579536438
ep_100_bs_256_lr_0p001_l1_0,100,256,0.001,0.0,10,retail,765,194,0.6608087768741683,0.5876288659793815,0.5775261324041812,0.680081844329834
ep_100_bs_256_lr_0p001_l1_0,100,256,0.001,0.0,11,foreign,765,194,0.6187691944097382,0.5979381443298969,0.5958333333333333,0.6590031385421753
ep_100_bs_256_lr_0p001_l1_0,100,256,0.001,0.0,11,institution,765,194,0.6870295883004183,0.6134020618556701,0.5847010132724418,0.6828135848045349
ep_100_bs_256_lr_0p001_l1_0,100,256,0.001,0.0,11,retail,765,194,0.6625137779447767,0.6237113402061856,0.6220140390210052,0.6712493896484375
ep_100_bs_256_lr_0p001_l1_0,100,256,0.001,0.0,12,foreign,765,194,0.6202892775629081,0.6134020618556701,0.6110769559755153,0.6566643714904785
ep_100_bs_256_lr_0p001_l1_0,100,256,0.001,0.0,12,institution,765,194,0.6874536045236526,0.5670103092783505,0.5497347480106101,0.6835358738899231
ep_100_bs_256_lr_0p001_l1_0,100,256,0.001,0.0,12,retail,765,194,0.6494887633261338,0.4896907216494845,0.4824157167111326,0.7272832989692688
ep_100_bs_256_lr_0p001_l1_0,100,256,0.001,0.0,13,foreign,765,194,0.6339529315630595,0.6649484536082474,0.6508376021043888,0.6060855388641357
ep_100_bs_256_lr_0p001_l1_0,100,256,0.001,0.0,13,institution,765,194,0.6821159803010279,0.5463917525773195,0.5262515262515263,0.7063060402870178
ep_100_bs_256_lr_0p001_l1_0,100,256,0.001,0.0,13,retail,765,194,0.6655233902868882,0.6082474226804123,0.6048456260720412,0.6611142754554749
ep_100_bs_256_lr_0p001_l1_0,100,256,0.001,0.0,14,foreign,765,194,0.6254110467979331,0.634020618556701,0.6151116327157906,0.6402986645698547
ep_100_bs_256_lr_0p001_l1_0,100,256,0.001,0.0,14,institution,765,194,0.6851691970638201,0.5567010309278351,0.5223863506240696,0.6996055841445923
ep_100_bs_256_lr_0p001_l1_0,100,256,0.001,0.0,14,retail,765,194,0.6561359985201967,0.5721649484536082,0.5454879047054506,0.7345699071884155
ep_100_bs_256_lr_0p001_l1_0,100,256,0.001,0.0,15,foreign,765,194,0.6172737248582778,0.6082474226804123,0.6082474226804123,0.6692330837249756
ep_100_bs_256_lr_0p001_l1_0,100,256,0.001,0.0,15,institution,765,194,0.6854401896981632,0.5567010309278351,0.5326610644257703,0.6888910531997681
ep_100_bs_256_lr_0p001_l1_0,100,256,0.001,0.0,15,retail,765,194,0.6529776683040693,0.5463917525773195,0.545619078036836,0.6983060836791992
ep_100_bs_256_lr_0p001_l1_0,100,256,0.001,0.0,16,foreign,768,197,0.6064700881640116,0.6040609137055838,0.5964810924369748,0.753126323223114
ep_100_bs_256_lr_0p001_l1_0,100,256,0.001,0.0,16,institution,768,197,0.6840283870697021,0.5431472081218274,0.5417183622828784,0.7075701355934143
ep_100_bs_256_lr_0p001_l1_0,100,256,0.001,0.0,16,retail,768,197,0.6475245952606201,0.5532994923857868,0.5491052850603413,0.7566831707954407
ep_100_bs_256_lr_0p001_l1_0,100,256,0.001,0.0,17,foreign,772,194,0.6293168248599057,0.654639175257732,0.5900589775128521,0.6454100608825684
ep_100_bs_256_lr_0p001_l1_0,100,256,0.001,0.0,17,institution,772,194,0.6854316533538344,0.5257731958762887,0.5245098039215687,0.6902278661727905
ep_100_bs_256_lr_0p001_l1_0,100,256,0.001,0.0,17,retail,772,194,0.665818528190178,0.6082474226804123,0.5372253609541745,0.6630999445915222
ep_100_bs_256_lr_0p001_l1_0,100,256,0.001,0.0,18,foreign,765,194,0.6242273536382937,0.6443298969072165,0.6362005707297187,0.6311673521995544
ep_100_bs_256_lr_0p001_l1_0,100,256,0.001,0.0,18,institution,765,194,0.6855623362111111,0.5051546391752577,0.5032540275258721,0.6958672404289246
ep_100_bs_256_lr_0p001_l1_0,100,256,0.001,0.0,18,retail,765,194,0.6646829878582674,0.6443298969072165,0.6323638460904671,0.646883487701416
ep_100_bs_256_lr_0p001_l1_0,100,256,0.001,0.0,19,foreign,765,194,0.625994457528482,0.6649484536082474,0.6583303980274745,0.6285754442214966
ep_100_bs_256_lr_0p001_l1_0,100,256,0.001,0.0,19,institution,765,194,0.6879389159819659,0.6030927835051546,0.6030822372791285,0.6786865592002869
ep_100_bs_256_lr_0p001_l1_0,100,256,0.001,0.0,19,retail,765,194,0.6524861693382263,0.520618556701031,0.5125233038826295,0.6958293914794922
ep_100_bs_256_lr_0p001_l1_0,100,256,0.001,0.0,20,foreign,765,194,0.6384860510919609,0.7216494845360825,0.7213829787234043,0.5847939848899841
ep_100_bs_256_lr_0p001_l1_0,100,256,0.001,0.0,20,institution,765,194,0.6805768309854994,0.5257731958762887,0.5239517763789608,0.7231765985488892
ep_100_bs_256_lr_0p001_l1_0,100,256,0.001,0.0,20,retail,765,194,0.6669381405013839,0.6597938144329897,0.659468085106383,0.6439435482025146
ep_100_bs_256_lr_0p001_l1_0,100,256,0.001,0.0,21,foreign,765,194,0.6294146304816203,0.6958762886597938,0.6958035453264942,0.6209293007850647
ep_100_bs_256_lr_0p001_l1_0,100,256,0.001,0.0,21,institution,765,194,0.6853033884678011,0.5412371134020618,0.5391678009982117,0.7025661468505859
ep_100_bs_256_lr_0p001_l1_0,100,256,0.001,0.0,21,retail,765,194,0.6584327914356406,0.6082474226804123,0.6082057823129252,0.6722412109375
ep_100_bs_256_lr_0p001_l1_0,100,256,0.001,0.0,22,foreign,765,194,0.6223774426902821,0.634020618556701,0.6169100264219163,0.6490165591239929
ep_100_bs_256_lr_0p001_l1_0,100,256,0.001,0.0,22,institution,765,194,0.6853998786483715,0.5257731958762887,0.5206789128800086,0.688728392124176
ep_100_bs_256_lr_0p001_l1_0,100,256,0.001,0.0,22,retail,765,194,0.6535469551491582,0.5721649484536082,0.5577710032682431,0.6826637387275696
ep_100_bs_256_lr_0p001_l1_0,100,256,0.001,0.0,23,foreign,768,197,0.6136529048283895,0.6345177664974619,0.5867132867132867,0.7078292965888977
ep_100_bs_256_lr_0p001_l1_0,100,256,0.001,0.0,23,institution,768,197,0.6820299824078878,0.4923857868020304,0.4840771003561701,0.7293702960014343
ep_100_bs_256_lr_0p001_l1_0,100,256,0.001,0.0,23,retail,768,197,0.6485205094019572,0.5279187817258884,0.4981235447199014,0.7447137832641602
ep_100_bs_256_lr_0p001_l1_0,100,256,0.001,0.0,24,foreign,772,194,0.6262098433440213,0.6082474226804123,0.5753456221198157,0.6500397324562073
ep_100_bs_256_lr_0p001_l1_0,100,256,0.001,0.0,24,institution,772,194,0.6848513261641863,0.520618556701031,0.5202999122597112,0.6928307414054871
ep_100_bs_256_lr_0p001_l1_0,100,256,0.001,0.0,24,retail,772,194,0.6706200594111428,0.6804123711340206,0.6466094723234223,0.6415379047393799
ep_100_bs_256_lr_0p001_l1_0,100,256,0.001,0.0,25,foreign,765,194,0.6227317616830464,0.6391752577319587,0.6112447039963358,0.6449857950210571
ep_100_bs_256_lr_0p001_l1_0,100,256,0.001,0.0,25,institution,765,194,0.6846618513655819,0.5567010309278351,0.5528516295025729,0.6865067481994629
ep_100_bs_256_lr_0p001_l1_0,100,256,0.001,0.0,25,retail,765,194,0.6575371010630738,0.5412371134020618,0.5071785357499643,0.6802098155021667
ep_100_bs_256_lr_0p001_l1_0,100,256,0.001,0.0,26,foreign,765,194,0.6348574824582518,0.6855670103092784,0.6783802147030846,0.6034273505210876
ep_100_bs_256_lr_0p001_l1_0,100,256,0.001,0.0,26,institution,765,194,0.6771474835140253,0.5,0.4969928630616663,0.7279661297798157
ep_100_bs_256_lr_0p001_l1_0,100,256,0.001,0.0,26,retail,765,194,0.6714465199732313,0.6649484536082474,0.6508376021043888,0.635399341583252
ep_100_bs_256_lr_0p001_l1_0,100,256,0.001,0.0,27,foreign,765,194,0.6252740192257501,0.6494845360824743,0.6420275697384131,0.6452227830886841
ep_100_bs_256_lr_0p001_l1_0,100,256,0.001,0.0,27,institution,765,194,0.6823614772628336,0.5257731958762887,0.5107456140350877,0.7038201689720154
ep_100_bs_256_lr_0p001_l1_0,100,256,0.001,0.0,27,retail,765,194,0.6640529815667595,0.6288659793814433,0.622077922077922,0.6546408534049988
ep_100_bs_256_lr_0p001_l1_0,100,256,0.001,0.0,28,foreign,765,194,0.620790916720247,0.634020618556701,0.5774198496701948,0.6502193212509155
ep_100_bs_256_lr_0p001_l1_0,100,256,0.001,0.0,28,institution,765,194,0.681792161121867,0.4793814432989691,0.4618659196396693,0.699772298336029
ep_100_bs_256_lr_0p001_l1_0,100,256,0.001,0.0,28,retail,765,194,0.6598416851236929,0.6134020618556701,0.5678260611281076,0.6621192097663879
ep_100_bs_256_lr_0p001_l1_0,100,256,0.001,0.0,29,foreign,768,197,0.6096712152163187,0.6192893401015228,0.507056350715644,0.736030638217926
ep_100_bs_256_lr_0p001_l1_0,100,256,0.001,0.0,29,institution,768,197,0.6814701954523722,0.5279187817258884,0.525522492424831,0.7093032002449036
ep_100_bs_256_lr_0p001_l1_0,100,256,0.001,0.0,29,retail,768,197,0.6561665733655294,0.5786802030456852,0.4850565300916448,0.7053741812705994
ep_100_bs_256_lr_0p001_l1_0,100,256,0.001,0.0,30,foreign,772,194,0.6256514441781711,0.5824742268041238,0.5799631124535565,0.6644190549850464
ep_100_bs_256_lr_0p001_l1_0,100,256,0.001,0.0,30,institution,772,194,0.6873886699503567,0.6185567010309279,0.6126281705342688,0.6840318441390991
ep_100_bs_256_lr_0p001_l1_0,100,256,0.001,0.0,30,retail,772,194,0.6592940379300883,0.5360824742268041,0.5343006508055052,0.6837038397789001
ep_100_bs_256_lr_0p001_l1_0,100,256,0.001,0.0,31,foreign,765,194,0.6323817927852955,0.6494845360824743,0.6485507246376812,0.6242427229881287
ep_100_bs_256_lr_0p001_l1_0,100,256,0.001,0.0,31,institution,765,194,0.6786638076009314,0.5567010309278351,0.5302927927927928,0.7317609786987305
ep_100_bs_256_lr_0p001_l1_0,100,256,0.001,0.0,31,retail,765,194,0.6715184189914878,0.6494845360824743,0.6491489361702127,0.6409417986869812
ep_100_bs_256_lr_0p001_l1_0,100,256,0.001,0.0,32,foreign,765,194,0.6234915347660289,0.654639175257732,0.6519666907649879,0.6612175107002258
ep_100_bs_256_lr_0p001_l1_0,100,256,0.001,0.0,32,institution,765,194,0.6843467658641291,0.520618556701031,0.5004291845493563,0.7022824883460999
ep_100_bs_256_lr_0p001_l1_0,100,256,0.001,0.0,32,retail,765,194,0.6646431989919126,0.654639175257732,0.653894288377047,0.6545525193214417
ep_100_bs_256_lr_0p001_l1_0,100,256,0.001,0.0,33,foreign,765,194,0.6204928130106209,0.5773195876288659,0.5683273635080863,0.6516544818878174
ep_100_bs_256_lr_0p001_l1_0,100,256,0.001,0.0,33,institution,765,194,0.6838422162080902,0.5103092783505154,0.4708128750681942,0.694226861000061
ep_100_bs_256_lr_0p001_l1_0,100,256,0.001,0.0,33,retail,765,194,0.6609032747792263,0.6288659793814433,0.6230976794387479,0.6591508984565735
ep_100_bs_256_lr_0p001_l1_0,100,256,0.001,0.0,34,foreign,768,197,0.6132600704828898,0.6294416243654822,0.6099856263390557,0.6955116987228394
ep_100_bs_256_lr_0p001_l1_0,100,256,0.001,0.0,34,institution,768,197,0.6824269890785217,0.4619289340101523,0.4619150690579262,0.7157280445098877
ep_100_bs_256_lr_0p001_l1_0,100,256,0.001,0.0,34,retail,768,197,0.6599535743395487,0.6446700507614214,0.6268939393939394,0.6785704493522644
ep_100_bs_256_lr_0p001_l1_0,100,256,0.001,0.0,35,foreign,772,194,0.6382412873401543,0.5979381443298969,0.5968670076726343,0.6197221279144287
ep_100_bs_256_lr_0p001_l1_0,100,256,0.001,0.0,35,institution,772,194,0.6840670948819175,0.5257731958762887,0.5024531668153435,0.7046267986297607
ep_100_bs_256_lr_0p001_l1_0,100,256,0.001,0.0,35,retail,772,194,0.6640749545912669,0.5515463917525774,0.549523580751061,0.6688836216926575
ep_100_bs_256_lr_0p001_l1_0,100,256,0.001,0.0,36,foreign,765,194,0.6245259517158558,0.6082474226804123,0.6055644729802032,0.6614982485771179
ep_100_bs_256_lr_0p001_l1_0,100,256,0.001,0.0,36,institution,765,194,0.6853357454530554,0.5515463917525774,0.5381837086491368,0.6923890113830566
ep_100_bs_256_lr_0p001_l1_0,100,256,0.001,0.0,36,retail,765,194,0.6528337713939691,0.5154639175257731,0.5112564322469982,0.702281653881073
ep_100_bs_256_lr_0p001_l1_0,100,256,0.001,0.0,37,foreign,765,194,0.6222355059548921,0.5979381443298969,0.5905844155844155,0.6454154849052429
ep_100_bs_256_lr_0p001_l1_0,100,256,0.001,0.0,37,institution,765,194,0.6848851602061902,0.5463917525773195,0.5282935455349249,0.6897518634796143
ep_100_bs_256_lr_0p001_l1_0,100,256,0.001,0.0,37,retail,765,194,0.6484003097403284,0.4948453608247423,0.4913857677902621,0.7102441191673279
ep_100_bs_256_lr_0p001_l1_0,100,256,0.001,0.0,38,foreign,768,197,0.6141795913378397,0.6192893401015228,0.6029186487140208,0.7036343216896057
ep_100_bs_256_lr_0p001_l1_0,100,256,0.001,0.0,38,institution,768,197,0.6855947176615397,0.5532994923857868,0.5523652137988019,0.6886619329452515
ep_100_bs_256_lr_0p001_l1_0,100,256,0.001,0.0,38,retail,768,197,0.6444204648335775,0.5228426395939086,0.509066808059385,0.7583529949188232
ep_100_bs_256_lr_0p001_l1_0,100,256,0.001,0.0,39,foreign,772,194,0.6385596484100263,0.654639175257732,0.641602558800011,0.6260083317756653
ep_100_bs_256_lr_0p001_l1_0,100,256,0.001,0.0,39,institution,772,194,0.6821422546021061,0.5103092783505154,0.4850085226478889,0.7084434032440186
ep_100_bs_256_lr_0p001_l1_0,100,256,0.001,0.0,39,retail,772,194,0.6697553908886688,0.6185567010309279,0.61839447102605,0.655349612236023
ep_100_bs_256_lr_0p001_l1_0,100,256,0.001,0.0,40,foreign,765,194,0.6354203629337885,0.654639175257732,0.6544096142086091,0.599077045917511
ep_100_bs_256_lr_0p001_l1_0,100,256,0.001,0.0,40,institution,765,194,0.6775716595400393,0.5103092783505154,0.4896857261525681,0.7327681183815002
ep_100_bs_256_lr_0p001_l1_0,100,256,0.001,0.0,40,retail,765,194,0.6633235285484713,0.6185567010309279,0.6181914893617022,0.653630793094635
ep_100_bs_256_lr_0p001_l1_0,100,256,0.001,0.0,41,foreign,768,197,0.6269964575767517,0.6446700507614214,0.6405859049207674,0.6577320098876953
ep_100_bs_256_lr_0p001_l1_0,100,256,0.001,0.0,41,institution,768,197,0.6773149967193604,0.5126903553299492,0.512677798392084,0.743406355381012
ep_100_bs_256_lr_0p001_l1_0,100,256,0.001,0.0,41,retail,768,197,0.6606775720914205,0.6243654822335025,0.623190653432589,0.6912580132484436
ep_100_bs_256_lr_0p001_l1_0,100,256,0.001,0.0,42,foreign,772,194,0.6319734661072647,0.6391752577319587,0.6388297872340425,0.6282943487167358
ep_100_bs_256_lr_0p001_l1_0,100,256,0.001,0.0,42,institution,772,194,0.6838157004025316,0.520618556701031,0.4850292564578279,0.697860062122345
ep_100_bs_256_lr_0p001_l1_0,100,256,0.001,0.0,42,retail,772,194,0.658960067237597,0.6030927835051546,0.6028289596128792,0.6741025447845459
ep_100_bs_256_lr_0p001_l1_0,100,256,0.001,0.0,43,foreign,768,197,0.6147064566612244,0.6395939086294417,0.6372007366482504,0.7267719507217407
ep_100_bs_256_lr_0p001_l1_0,100,256,0.001,0.0,43,institution,768,197,0.6810452739397684,0.4873096446700508,0.4872567968045355,0.7347360849380493
ep_100_bs_256_lr_0p001_l1_0,100,256,0.001,0.0,43,retail,768,197,0.6525095701217651,0.6091370558375635,0.6084914182475158,0.7178570628166199
ep_100_bs_256_lr_0p001_l1_0,100,256,0.001,0.0,44,foreign,775,197,0.6161202641456358,0.6192893401015228,0.5774345774345775,0.6912376880645752
ep_100_bs_256_lr_0p001_l1_0,100,256,0.001,0.0,44,institution,775,197,0.6840133475488231,0.5076142131979695,0.5071570422716839,0.6922886371612549
ep_100_bs_256_lr_0p001_l1_0,100,256,0.001,0.0,44,retail,775,197,0.6529366937760384,0.583756345177665,0.5629329004329005,0.7088617086410522
ep_100_bs_512_lr_0p001_l1_0,100,512,0.001,0.0,0,foreign,773,194,0.6276200441462874,0.6288659793814433,0.5951304347826087,0.6401719450950623
ep_100_bs_512_lr_0p001_l1_0,100,512,0.001,0.0,0,institution,773,194,0.6851720894755552,0.5154639175257731,0.5019119414399651,0.6963247656822205
ep_100_bs_512_lr_0p001_l1_0,100,512,0.001,0.0,0,retail,773,194,0.6556432102969516,0.5618556701030928,0.510202869278522,0.7011234164237976
ep_100_bs_512_lr_0p001_l1_0,100,512,0.001,0.0,1,foreign,766,194,0.6326364126280145,0.6804123711340206,0.6787393162393163,0.6153427362442017
ep_100_bs_512_lr_0p001_l1_0,100,512,0.001,0.0,1,institution,766,194,0.685620414370345,0.520618556701031,0.5206058190514149,0.6882475018501282
ep_100_bs_512_lr_0p001_l1_0,100,512,0.001,0.0,1,retail,766,194,0.6584600182177193,0.5876288659793815,0.584804708400214,0.6715806722640991
ep_100_bs_512_lr_0p001_l1_0,100,512,0.001,0.0,2,foreign,766,194,0.6297219868739653,0.6494845360824743,0.6481382694974929,0.6289018988609314
ep_100_bs_512_lr_0p001_l1_0,100,512,0.001,0.0,2,institution,766,194,0.6819730886591321,0.5103092783505154,0.5073641442356526,0.6988298892974854
ep_100_bs_512_lr_0p001_l1_0,100,512,0.001,0.0,2,retail,766,194,0.6635031617652654,0.6288659793814433,0.6274405206444041,0.6580957174301147
ep_100_bs_512_lr_0p001_l1_0,100,512,0.001,0.0,3,foreign,766,194,0.6294357568103401,0.6443298969072165,0.6309041277194143,0.6333760619163513
ep_100_bs_512_lr_0p001_l1_0,100,512,0.001,0.0,3,institution,766,194,0.6848128386639428,0.5670103092783505,0.5497347480106101,0.689141035079956
ep_100_bs_512_lr_0p001_l1_0,100,512,0.001,0.0,3,retail,766,194,0.6641425538623302,0.6391752577319587,0.6314989688483664,0.6562071442604065
ep_100_bs_512_lr_0p001_l1_0,100,512,0.001,0.0,4,foreign,766,194,0.6305315402718188,0.6288659793814433,0.6140583554376657,0.6313952207565308
ep_100_bs_512_lr_0p001_l1_0,100,512,0.001,0.0,4,institution,766,194,0.684238307314193,0.5360824742268041,0.528872099298435,0.6965448260307312
ep_100_bs_512_lr_0p001_l1_0,100,512,0.001,0.0,4,retail,766,194,0.6521696034361737,0.5051546391752577,0.4831834831834832,0.703864574432373
ep_100_bs_512_lr_0p001_l1_0,100,512,0.001,0.0,5,foreign,766,194,0.6416420768508712,0.6907216494845361,0.6580091667646022,0.592948853969574
ep_100_bs_512_lr_0p001_l1_0,100,512,0.001,0.0,5,institution,766,194,0.6781744160166608,0.5051546391752577,0.4875068794716565,0.7262728810310364
ep_100_bs_512_lr_0p001_l1_0,100,512,0.001,0.0,5,retail,766,194,0.6658287451410418,0.6288659793814433,0.6001374098248025,0.6578555703163147
ep_100_bs_512_lr_0p001_l1_0,100,512,0.001,0.0,6,foreign,766,194,0.6328324365864846,0.6649484536082474,0.628188117352204,0.6345676183700562
ep_100_bs_512_lr_0p001_l1_0,100,512,0.001,0.0,6,institution,766,194,0.6822339995100355,0.520618556701031,0.5004291845493563,0.7090488076210022
ep_100_bs_512_lr_0p001_l1_0,100,512,0.001,0.0,6,retail,766,194,0.6596839371922745,0.634020618556701,0.5908753378679419,0.6697850227355957
ep_100_bs_512_lr_0p001_l1_0,100,512,0.001,0.0,7,foreign,766,194,0.6301420348120109,0.6597938144329897,0.6561392201095714,0.6226415634155273
ep_100_bs_512_lr_0p001_l1_0,100,512,0.001,0.0,7,institution,766,194,0.6826566846812674,0.5103092783505154,0.5020399340736538,0.6983674168586731
ep_100_bs_512_lr_0p001_l1_0,100,512,0.001,0.0,7,retail,766,194,0.6553955817347096,0.5721649484536082,0.5594166415848086,0.6798816323280334
ep_100_bs_512_lr_0p001_l1_0,100,512,0.001,0.0,8,foreign,769,197,0.6211558205253591,0.6395939086294417,0.639556758149723,0.6798308491706848
ep_100_bs_512_lr_0p001_l1_0,100,512,0.001,0.0,8,institution,769,197,0.6832220620234704,0.5329949238578681,0.5328865979381443,0.6989384889602661
ep_100_bs_512_lr_0p001_l1_0,100,512,0.001,0.0,8,retail,769,197,0.6517713188504987,0.5634517766497462,0.5631703795379538,0.7145287394523621
ep_100_bs_512_lr_0p001_l1_0,100,512,0.001,0.0,9,foreign,772,194,0.6234798493162955,0.6185567010309279,0.6179069519855211,0.6538843512535095
ep_100_bs_512_lr_0p001_l1_0,100,512,0.001,0.0,9,institution,772,194,0.6878984879335591,0.5721649484536082,0.5660657018891314,0.6816612482070923
ep_100_bs_512_lr_0p001_l1_0,100,512,0.001,0.0,9,retail,772,194,0.6558379774884239,0.5463917525773195,0.5461988304093568,0.6973421573638916
ep_100_bs_512_lr_0p001_l1_0,100,512,0.001,0.0,10,foreign,765,194,0.6216181739483004,0.6082474226804123,0.5926171529619806,0.6654870510101318
ep_100_bs_512_lr_0p001_l1_0,100,512,0.001,0.0,10,institution,765,194,0.684633907461478,0.5463917525773195,0.5393416082029142,0.691033661365509
ep_100_bs_512_lr_0p001_l1_0,100,512,0.001,0.0,10,retail,765,194,0.6611482511158863,0.5979381443298969,0.5866928875778433,0.6821044683456421
ep_100_bs_512_lr_0p001_l1_0,100,512,0.001,0.0,11,foreign,765,194,0.6223018546509587,0.5927835051546392,0.5909466997624576,0.6569423675537109
ep_100_bs_512_lr_0p001_l1_0,100,512,0.001,0.0,11,institution,765,194,0.6870240686765683,0.6134020618556701,0.5847010132724418,0.682531476020813
ep_100_bs_512_lr_0p001_l1_0,100,512,0.001,0.0,11,retail,765,194,0.66263934841343,0.6237113402061856,0.6224976675996268,0.6733642220497131
ep_100_bs_512_lr_0p001_l1_0,100,512,0.001,0.0,12,foreign,765,194,0.6237479748289569,0.6082474226804123,0.6061965811965812,0.654638409614563
ep_100_bs_512_lr_0p001_l1_0,100,512,0.001,0.0,12,institution,765,194,0.6874747873131746,0.5721649484536082,0.5541464765332964,0.6823619604110718
ep_100_bs_512_lr_0p001_l1_0,100,512,0.001,0.0,12,retail,765,194,0.6498672712862102,0.5,0.4928719648583825,0.7283229231834412
ep_100_bs_512_lr_0p001_l1_0,100,512,0.001,0.0,13,foreign,765,194,0.6362171702135622,0.6597938144329897,0.6462201591511936,0.6065908074378967
ep_100_bs_512_lr_0p001_l1_0,100,512,0.001,0.0,13,institution,765,194,0.6821602409182032,0.5412371134020618,0.5219161013429323,0.704327404499054
ep_100_bs_512_lr_0p001_l1_0,100,512,0.001,0.0,13,retail,765,194,0.6661358851233339,0.6288659793814433,0.6248791492104415,0.6604986190795898
ep_100_bs_512_lr_0p001_l1_0,100,512,0.001,0.0,14,foreign,765,194,0.6278878286773083,0.6494845360824743,0.635499557913351,0.6447655558586121
ep_100_bs_512_lr_0p001_l1_0,100,512,0.001,0.0,14,institution,765,194,0.6852254831713009,0.5515463917525774,0.5209876543209877,0.6988210678100586
ep_100_bs_512_lr_0p001_l1_0,100,512,0.001,0.0,14,retail,765,194,0.6562904109362683,0.5773195876288659,0.5521396396396396,0.7366348505020142
ep_100_bs_512_lr_0p001_l1_0,100,512,0.001,0.0,15,foreign,765,194,0.6204044980161331,0.6134020618556701,0.6133917895575927,0.6641929149627686
ep_100_bs_512_lr_0p001_l1_0,100,512,0.001,0.0,15,institution,765,194,0.6854629841505312,0.5567010309278351,0.5326610644257703,0.6892244219779968
ep_100_bs_512_lr_0p001_l1_0,100,512,0.001,0.0,15,retail,765,194,0.6536421644921396,0.5463917525773195,0.545619078036836,0.699998676776886
ep_100_bs_512_lr_0p001_l1_0,100,512,0.001,0.0,16,foreign,768,197,0.6096824010213217,0.5989847715736041,0.591875803110167,0.740237295627594
ep_100_bs_512_lr_0p001_l1_0,100,512,0.001,0.0,16,institution,768,197,0.684052844842275,0.5532994923857868,0.5523652137988019,0.7056902647018433
ep_100_bs_512_lr_0p001_l1_0,100,512,0.001,0.0,16,retail,768,197,0.6484439770380656,0.5532994923857868,0.5481651376146789,0.7538650631904602
ep_100_bs_512_lr_0p001_l1_0,100,512,0.001,0.0,17,foreign,772,194,0.6273652407789477,0.6494845360824743,0.5818965517241379,0.6457394361495972
ep_100_bs_512_lr_0p001_l1_0,100,512,0.001,0.0,17,institution,772,194,0.6840282789783775,0.5412371134020618,0.5406390507356267,0.6909012794494629
ep_100_bs_512_lr_0p001_l1_0,100,512,0.001,0.0,17,retail,772,194,0.663846693817198,0.6082474226804123,0.5372253609541745,0.658258318901062
ep_100_bs_512_lr_0p001_l1_0,100,512,0.001,0.0,18,foreign,765,194,0.6268553271013148,0.654639175257732,0.6478174871975506,0.6333078742027283
ep_100_bs_512_lr_0p001_l1_0,100,512,0.001,0.0,18,institution,765,194,0.6855580378202052,0.5,0.4977446819868151,0.6950439810752869
ep_100_bs_512_lr_0p001_l1_0,100,512,0.001,0.0,18,retail,765,194,0.6652913922577902,0.6391752577319587,0.6263070996147495,0.6483365297317505
ep_100_bs_512_lr_0p001_l1_0,100,512,0.001,0.0,19,foreign,765,194,0.6285007479144078,0.6752577319587629,0.6688433088573984,0.6312309503555298
ep_100_bs_512_lr_0p001_l1_0,100,512,0.001,0.0,19,institution,765,194,0.6879490264880112,0.5979381443298969,0.5978954081632653,0.6790315508842468
ep_100_bs_512_lr_0p001_l1_0,100,512,0.001,0.0,19,retail,765,194,0.6535490102238125,0.5257731958762887,0.515684359057853,0.694689929485321
ep_100_bs_512_lr_0p001_l1_0,100,512,0.001,0.0,20,foreign,765,194,0.6402354844255385,0.711340206185567,0.711063829787234,0.5880040526390076
ep_100_bs_512_lr_0p001_l1_0,100,512,0.001,0.0,20,institution,765,194,0.6806101425800448,0.520618556701031,0.5184562414925133,0.7222787141799927
ep_100_bs_512_lr_0p001_l1_0,100,512,0.001,0.0,20,retail,765,194,0.6676919494579041,0.6494845360824743,0.6485507246376812,0.6434299945831299
ep_100_bs_512_lr_0p001_l1_0,100,512,0.001,0.0,21,foreign,765,194,0.6315705413911857,0.6907216494845361,0.690688775510204,0.62437504529953
ep_100_bs_512_lr_0p001_l1_0,100,512,0.001,0.0,21,institution,765,194,0.6853377038357304,0.5412371134020618,0.5376870966878197,0.7023969888687134
ep_100_bs_512_lr_0p001_l1_0,100,512,0.001,0.0,21,retail,765,194,0.6592261453859167,0.6030927835051546,0.6030822372791285,0.6721986532211304
ep_100_bs_512_lr_0p001_l1_0,100,512,0.001,0.0,22,foreign,765,194,0.6246339453591241,0.634020618556701,0.6186072269140246,0.6518958806991577
ep_100_bs_512_lr_0p001_l1_0,100,512,0.001,0.0,22,institution,765,194,0.6854131401753893,0.520618556701031,0.5149348030649281,0.6884613037109375
ep_100_bs_512_lr_0p001_l1_0,100,512,0.001,0.0,22,retail,765,194,0.655024854653801,0.5824742268041238,0.5667135412358342,0.6791194081306458
ep_100_bs_512_lr_0p001_l1_0,100,512,0.001,0.0,23,foreign,768,197,0.615632156531016,0.6243654822335025,0.5784755956511681,0.7033376693725586
ep_100_bs_512_lr_0p001_l1_0,100,512,0.001,0.0,23,institution,768,197,0.6821158528327942,0.4974619289340101,0.4898909319174535,0.7250573039054871
ep_100_bs_512_lr_0p001_l1_0,100,512,0.001,0.0,23,retail,768,197,0.6501403649648031,0.5380710659898477,0.506265664160401,0.7306047677993774
ep_100_bs_512_lr_0p001_l1_0,100,512,0.001,0.0,24,foreign,772,194,0.6248051579752116,0.6185567010309279,0.586520737327189,0.6469888687133789
ep_100_bs_512_lr_0p001_l1_0,100,512,0.001,0.0,24,institution,772,194,0.683837533614796,0.5309278350515464,0.5230066736916053,0.693153440952301
ep_100_bs_512_lr_0p001_l1_0,100,512,0.001,0.0,24,retail,772,194,0.6692834240167252,0.6804123711340206,0.6440577651515151,0.6369211077690125
ep_100_bs_512_lr_0p001_l1_0,100,512,0.001,0.0,25,foreign,765,194,0.6259568670995874,0.6237113402061856,0.59082372656092,0.646150529384613
ep_100_bs_512_lr_0p001_l1_0,100,512,0.001,0.0,25,institution,765,194,0.6846879979364233,0.5515463917525774,0.5462293318994489,0.6864458918571472
ep_100_bs_512_lr_0p001_l1_0,100,512,0.001,0.0,25,retail,765,194,0.65830919875039,0.5412371134020618,0.5071785357499643,0.679906964302063
ep_100_bs_512_lr_0p001_l1_0,100,512,0.001,0.0,26,foreign,765,194,0.6370781441919164,0.6752577319587629,0.6667484662576687,0.6050441265106201
ep_100_bs_512_lr_0p001_l1_0,100,512,0.001,0.0,26,institution,765,194,0.6772047148810493,0.5051546391752577,0.5017656500802568,0.7268792390823364
ep_100_bs_512_lr_0p001_l1_0,100,512,0.001,0.0,26,retail,765,194,0.6720116013015797,0.6597938144329897,0.6446886446886446,0.6360253691673279
ep_100_bs_512_lr_0p001_l1_0,100,512,0.001,0.0,27,foreign,765,194,0.6278002310422511,0.6391752577319587,0.6314989688483664,0.6464328765869141
ep_100_bs_512_lr_0p001_l1_0,100,512,0.001,0.0,27,institution,765,194,0.6824529020614873,0.5309278350515464,0.5151465216555436,0.7039077877998352
ep_100_bs_512_lr_0p001_l1_0,100,512,0.001,0.0,27,retail,765,194,0.6646519759901209,0.634020618556701,0.6278403717813623,0.6556267738342285
ep_100_bs_512_lr_0p001_l1_0,100,512,0.001,0.0,28,foreign,765,194,0.6232881028667774,0.6391752577319587,0.5851661779081134,0.6518712043762207
ep_100_bs_512_lr_0p001_l1_0,100,512,0.001,0.0,28,institution,765,194,0.681815849410163,0.4793814432989691,0.4618659196396693,0.699382483959198
ep_100_bs_512_lr_0p001_l1_0,100,512,0.001,0.0,28,retail,765,194,0.6608289930555555,0.6185567010309279,0.5719737626714372,0.6607309579849243
ep_100_bs_512_lr_0p001_l1_0,100,512,0.001,0.0,29,foreign,768,197,0.6123146017392477,0.6091370558375635,0.4939111867347279,0.7264845967292786
ep_100_bs_512_lr_0p001_l1_0,100,512,0.001,0.0,29,institution,768,197,0.6815141836802164,0.5228426395939086,0.5213502894954508,0.7084945440292358
ep_100_bs_512_lr_0p001_l1_0,100,512,0.001,0.0,29,retail,768,197,0.6572572787602743,0.5939086294416244,0.4955185659411011,0.6973409056663513
ep_100_bs_512_lr_0p001_l1_0,100,512,0.001,0.0,30,foreign,772,194,0.6230593163114755,0.5773195876288659,0.5695887445887446,0.6741205453872681
ep_100_bs_512_lr_0p001_l1_0,100,512,0.001,0.0,30,institution,772,194,0.6864238075641771,0.6185567010309279,0.606469298245614,0.6815329194068909
ep_100_bs_512_lr_0p001_l1_0,100,512,0.001,0.0,30,retail,772,194,0.6572008590006457,0.5154639175257731,0.5102588892469653,0.6899511814117432
ep_100_bs_512_lr_0p001_l1_0,100,512,0.001,0.0,31,foreign,765,194,0.6344228298056359,0.654639175257732,0.653894288377047,0.6257914304733276
ep_100_bs_512_lr_0p001_l1_0,100,512,0.001,0.0,31,institution,765,194,0.6787311944307065,0.5567010309278351,0.5326610644257703,0.7282360792160034
ep_100_bs_512_lr_0p001_l1_0,100,512,0.001,0.0,31,retail,765,194,0.6720239783424178,0.6494845360824743,0.6481382694974929,0.6423968076705933
ep_100_bs_512_lr_0p001_l1_0,100,512,0.001,0.0,32,foreign,765,194,0.6257602969805399,0.6494845360824743,0.6464408233276158,0.6623690724372864
ep_100_bs_512_lr_0p001_l1_0,100,512,0.001,0.0,32,institution,765,194,0.6843994517731511,0.5515463917525774,0.5346182479940442,0.7026025652885437
ep_100_bs_512_lr_0p001_l1_0,100,512,0.001,0.0,32,retail,765,194,0.6652716850922777,0.6597938144329897,0.6588874680306905,0.6550674438476562
ep_100_bs_512_lr_0p001_l1_0,100,512,0.001,0.0,33,foreign,765,194,0.6234406745511722,0.5773195876288659,0.5683273635080863,0.6512947678565979
ep_100_bs_512_lr_0p001_l1_0,100,512,0.001,0.0,33,institution,765,194,0.6838628253905602,0.5257731958762887,0.4826666666666667,0.6941075325012207
ep_100_bs_512_lr_0p001_l1_0,100,512,0.001,0.0,33,retail,765,194,0.6619751238355449,0.6185567010309279,0.6115800865800867,0.6584041714668274
ep_100_bs_512_lr_0p001_l1_0,100,512,0.001,0.0,34,foreign,768,197,0.6157861550649008,0.6192893401015228,0.6011607504386557,0.6882975101470947
ep_100_bs_512_lr_0p001_l1_0,100,512,0.001,0.0,34,institution,768,197,0.6824767788251241,0.4619289340101523,0.4619150690579262,0.7147020101547241
ep_100_bs_512_lr_0p001_l1_0,100,512,0.001,0.0,34,retail,768,197,0.66059809923172,0.6395939086294417,0.620670951644835,0.6760051846504211
ep_100_bs_512_lr_0p001_l1_0,100,512,0.001,0.0,35,foreign,772,194,0.6358465135406336,0.6185567010309279,0.6170916462178598,0.6221320033073425
ep_100_bs_512_lr_0p001_l1_0,100,512,0.001,0.0,35,institution,772,194,0.6810277796162225,0.5773195876288659,0.5695887445887446,0.7141982913017273
ep_100_bs_512_lr_0p001_l1_0,100,512,0.001,0.0,35,retail,772,194,0.6608617148251114,0.5412371134020618,0.5406390507356267,0.6783285737037659
ep_100_bs_512_lr_0p001_l1_0,100,512,0.001,0.0,36,foreign,765,194,0.626782005986357,0.6185567010309279,0.615944355270198,0.6611050367355347
ep_100_bs_512_lr_0p001_l1_0,100,512,0.001,0.0,36,institution,765,194,0.6854140411794575,0.5515463917525774,0.5397955010224949,0.6914181113243103
ep_100_bs_512_lr_0p001_l1_0,100,512,0.001,0.0,36,retail,765,194,0.6536920090126835,0.5257731958762887,0.5232905982905983,0.7017934918403625
ep_100_bs_512_lr_0p001_l1_0,100,512,0.001,0.0,37,foreign,765,194,0.6250267183079439,0.5927835051546392,0.5847400222180075,0.6450563669204712
ep_100_bs_512_lr_0p001_l1_0,100,512,0.001,0.0,37,institution,765,194,0.684904898693359,0.5309278350515464,0.5042543034455645,0.6899322867393494
ep_100_bs_512_lr_0p001_l1_0,100,512,0.001,0.0,37,retail,765,194,0.6498289688739901,0.5,0.4940717838419142,0.704884946346283
ep_100_bs_512_lr_0p001_l1_0,100,512,0.001,0.0,38,foreign,768,197,0.6164587338765463,0.6040609137055838,0.5861344537815126,0.6986474394798279
ep_100_bs_512_lr_0p001_l1_0,100,512,0.001,0.0,38,institution,768,197,0.6856174071629842,0.5583756345177665,0.5572347516081532,0.6881687045097351
ep_100_bs_512_lr_0p001_l1_0,100,512,0.001,0.0,38,retail,768,197,0.6457234223683676,0.5177664974619289,0.5029612514275091,0.7488811612129211
ep_100_bs_512_lr_0p001_l1_0,100,512,0.001,0.0,39,foreign,772,194,0.6344188467208586,0.6134020618556701,0.6032719836400817,0.6359260082244873
ep_100_bs_512_lr_0p001_l1_0,100,512,0.001,0.0,39,institution,772,194,0.680571431631869,0.5154639175257731,0.4981838194826637,0.7166635394096375
ep_100_bs_512_lr_0p001_l1_0,100,512,0.001,0.0,39,retail,772,194,0.6679916350952702,0.6597938144329897,0.6574638844301766,0.6464397311210632
ep_100_bs_512_lr_0p001_l1_0,100,512,0.001,0.0,40,foreign,765,194,0.6373301205292247,0.6494845360824743,0.6491489361702127,0.601399302482605
ep_100_bs_512_lr_0p001_l1_0,100,512,0.001,0.0,40,institution,765,194,0.6776227712631225,0.520618556701031,0.5004291845493563,0.7292662858963013
ep_100_bs_512_lr_0p001_l1_0,100,512,0.001,0.0,40,retail,765,194,0.6643040293961568,0.6185567010309279,0.6185161564625851,0.6517792344093323
ep_100_bs_512_lr_0p001_l1_0,100,512,0.001,0.0,41,foreign,768,197,0.6285309394200643,0.6446700507614214,0.6397596656217346,0.6527501344680786
ep_100_bs_512_lr_0p001_l1_0,100,512,0.001,0.0,41,institution,768,197,0.6773903369903564,0.5228426395939086,0.5228303442589157,0.7397598624229431
ep_100_bs_512_lr_0p001_l1_0,100,512,0.001,0.0,41,retail,768,197,0.6616961161295573,0.6294416243654822,0.6275606660969104,0.6902543306350708
ep_100_bs_512_lr_0p001_l1_0,100,512,0.001,0.0,42,foreign,772,194,0.6297774506356432,0.6288659793814433,0.6288265306122449,0.6311403512954712
ep_100_bs_512_lr_0p001_l1_0,100,512,0.001,0.0,42,institution,772,194,0.682225853976808,0.5360824742268041,0.4971198156682027,0.7037559747695923
ep_100_bs_512_lr_0p001_l1_0,100,512,0.001,0.0,42,retail,772,194,0.656620996603694,0.5927835051546392,0.5922526405406124,0.6789582371711731
ep_100_bs_512_lr_0p001_l1_0,100,512,0.001,0.0,43,foreign,768,197,0.6173079609870911,0.6192893401015228,0.6153245333125049,0.7132573127746582
ep_100_bs_512_lr_0p001_l1_0,100,512,0.001,0.0,43,institution,768,197,0.6812697052955627,0.4720812182741117,0.4720676149247578,0.7289751172065735
ep_100_bs_512_lr_0p001_l1_0,100,512,0.001,0.0,43,retail,768,197,0.6534043947855631,0.6091370558375635,0.6071530313624944,0.7132005095481873
ep_100_bs_512_lr_0p001_l1_0,100,512,0.001,0.0,44,foreign,775,197,0.6168114336844414,0.6091370558375635,0.5691726547189639,0.6888309717178345
ep_100_bs_512_lr_0p001_l1_0,100,512,0.001,0.0,44,institution,775,197,0.6833810311748135,0.5228426395939086,0.5225350660066006,0.6973155736923218
ep_100_bs_512_lr_0p001_l1_0,100,512,0.001,0.0,44,retail,775,197,0.652322597811299,0.583756345177665,0.5608416702914311,0.7083688974380493
ep_100_bs_2048_lr_0p001_l1_0,100,2048,0.001,0.0,0,foreign,773,194,0.6370165944099426,0.6185567010309279,0.5838840579710145,0.6437417268753052
ep_100_bs_2048_lr_0p001_l1_0,100,2048,0.001,0.0,0,institution,773,194,0.6851918697357178,0.5257731958762887,0.5088607594936709,0.694516122341156
ep_100_bs_2048_lr_0p001_l1_0,100,2048,0.001,0.0,0,retail,773,194,0.657758891582489,0.5721649484536082,0.5252248267728143,0.7042328119277954
ep_100_bs_2048_lr_0p001_l1_0,100,2048,0.001,0.0,1,foreign,766,194,0.6399424076080322,0.6597938144329897,0.6574638844301766,0.6269570589065552
ep_100_bs_2048_lr_0p001_l1_0,100,2048,0.001,0.0,1,institution,766,194,0.6855846643447876,0.5360824742268041,0.5360824742268041,0.6879966259002686
ep_100_bs_2048_lr_0p001_l1_0,100,2048,0.001,0.0,1,retail,766,194,0.6614781022071838,0.5979381443298969,0.5958333333333333,0.6709710955619812
ep_100_bs_2048_lr_0p001_l1_0,100,2048,0.001,0.0,2,foreign,766,194,0.6378903985023499,0.6494845360824743,0.6485507246376812,0.6372990012168884
ep_100_bs_2048_lr_0p001_l1_0,100,2048,0.001,0.0,2,institution,766,194,0.6820337176322937,0.5154639175257731,0.5129273504273505,0.696777880191803
ep_100_bs_2048_lr_0p001_l1_0,100,2048,0.001,0.0,2,retail,766,194,0.6654468774795532,0.6237113402061856,0.6214482371495015,0.6602669358253479
ep_100_bs_2048_lr_0p001_l1_0,100,2048,0.001,0.0,3,foreign,766,194,0.6375088095664978,0.6597938144329897,0.6490131578947369,0.6419776082038879
ep_100_bs_2048_lr_0p001_l1_0,100,2048,0.001,0.0,3,institution,766,194,0.6847600936889648,0.5721649484536082,0.5521624252537894,0.6886186003684998
ep_100_bs_2048_lr_0p001_l1_0,100,2048,0.001,0.0,3,retail,766,194,0.6656579971313477,0.6443298969072165,0.638323741590338,0.659809947013855
ep_100_bs_2048_lr_0p001_l1_0,100,2048,0.001,0.0,4,foreign,766,194,0.6381927728652954,0.6237113402061856,0.6124989739239883,0.6418581604957581
ep_100_bs_2048_lr_0p001_l1_0,100,2048,0.001,0.0,4,institution,766,194,0.6842275857925415,0.5309278350515464,0.5230066736916053,0.6939297914505005
ep_100_bs_2048_lr_0p001_l1_0,100,2048,0.001,0.0,4,retail,766,194,0.6549995541572571,0.5103092783505154,0.4918245236716574,0.6986000537872314
ep_100_bs_2048_lr_0p001_l1_0,100,2048,0.001,0.0,5,foreign,766,194,0.6460925936698914,0.7061855670103093,0.6762406675450153,0.6063212156295776
ep_100_bs_2048_lr_0p001_l1_0,100,2048,0.001,0.0,5,institution,766,194,0.6784525513648987,0.5051546391752577,0.4894736842105263,0.7207656502723694
ep_100_bs_2048_lr_0p001_l1_0,100,2048,0.001,0.0,5,retail,766,194,0.6673445701599121,0.6288659793814433,0.6046643269557341,0.6608952879905701
ep_100_bs_2048_lr_0p001_l1_0,100,2048,0.001,0.0,6,foreign,766,194,0.638782262802124,0.6855670103092784,0.6484985297175275,0.6418014764785767
ep_100_bs_2048_lr_0p001_l1_0,100,2048,0.001,0.0,6,institution,766,194,0.6825572848320007,0.5360824742268041,0.5195376995046781,0.7051992416381836
ep_100_bs_2048_lr_0p001_l1_0,100,2048,0.001,0.0,6,retail,766,194,0.6620990037918091,0.6237113402061856,0.59082372656092,0.6717592477798462
ep_100_bs_2048_lr_0p001_l1_0,100,2048,0.001,0.0,7,foreign,766,194,0.6377636194229126,0.6494845360824743,0.6449181739879415,0.6309381723403931
ep_100_bs_2048_lr_0p001_l1_0,100,2048,0.001,0.0,7,institution,766,194,0.6827486753463745,0.5257731958762887,0.515684359057853,0.695467472076416
ep_100_bs_2048_lr_0p001_l1_0,100,2048,0.001,0.0,7,retail,766,194,0.6590055227279663,0.5670103092783505,0.5613695090439277,0.676042914390564
ep_100_bs_2048_lr_0p001_l1_0,100,2048,0.001,0.0,8,foreign,769,197,0.6304787397384644,0.6243654822335025,0.6243558029272316,0.6698629856109619
ep_100_bs_2048_lr_0p001_l1_0,100,2048,0.001,0.0,8,institution,769,197,0.6832818388938904,0.5431472081218274,0.5428527227722773,0.6969764232635498
ep_100_bs_2048_lr_0p001_l1_0,100,2048,0.001,0.0,8,retail,769,197,0.6568902730941772,0.5685279187817259,0.5684834428553022,0.6916907429695129
ep_100_bs_2048_lr_0p001_l1_0,100,2048,0.001,0.0,9,foreign,772,194,0.6332908272743225,0.6134020618556701,0.6133095915167299,0.6572319865226746
ep_100_bs_2048_lr_0p001_l1_0,100,2048,0.001,0.0,9,institution,772,194,0.6878018379211426,0.5618556701030928,0.5576123407109322,0.6811294555664062
ep_100_bs_2048_lr_0p001_l1_0,100,2048,0.001,0.0,9,retail,772,194,0.6579121947288513,0.5618556701030928,0.561284486657621,0.7015275359153748
ep_100_bs_2048_lr_0p001_l1_0,100,2048,0.001,0.0,10,foreign,765,194,0.6316220164299011,0.6082474226804123,0.5942762795817281,0.6661145687103271
ep_100_bs_2048_lr_0p001_l1_0,100,2048,0.001,0.0,10,institution,765,194,0.6845608949661255,0.5515463917525774,0.5451532055946318,0.6905262470245361
ep_100_bs_2048_lr_0p001_l1_0,100,2048,0.001,0.0,10,retail,765,194,0.6623454093933105,0.6082474226804123,0.5958333333333333,0.6882454752922058
ep_100_bs_2048_lr_0p001_l1_0,100,2048,0.001,0.0,11,foreign,765,194,0.6330336332321167,0.6185567010309279,0.617540494458653,0.6554274559020996
ep_100_bs_2048_lr_0p001_l1_0,100,2048,0.001,0.0,11,institution,765,194,0.6869396567344666,0.6030927835051546,0.5736263736263736,0.6825293898582458
ep_100_bs_2048_lr_0p001_l1_0,100,2048,0.001,0.0,11,retail,765,194,0.6634616255760193,0.6134020618556701,0.6125682332578885,0.6796584129333496
ep_100_bs_2048_lr_0p001_l1_0,100,2048,0.001,0.0,12,foreign,765,194,0.63381028175354,0.5979381443298969,0.5963938973647711,0.6560080051422119
ep_100_bs_2048_lr_0p001_l1_0,100,2048,0.001,0.0,12,institution,765,194,0.6873828768730164,0.5618556701030928,0.5434030181365084,0.6840192675590515
ep_100_bs_2048_lr_0p001_l1_0,100,2048,0.001,0.0,12,retail,765,194,0.6520317792892456,0.4793814432989691,0.4743393695506371,0.7232787013053894
ep_100_bs_2048_lr_0p001_l1_0,100,2048,0.001,0.0,13,foreign,765,194,0.6425231099128723,0.6701030927835051,0.664069264069264,0.6166380047798157
ep_100_bs_2048_lr_0p001_l1_0,100,2048,0.001,0.0,13,institution,765,194,0.68222975730896,0.5360824742268041,0.5154845154845156,0.7031562328338623
ep_100_bs_2048_lr_0p001_l1_0,100,2048,0.001,0.0,13,retail,765,194,0.6674973964691162,0.6288659793814433,0.6230976794387479,0.6630098819732666
ep_100_bs_2048_lr_0p001_l1_0,100,2048,0.001,0.0,14,foreign,765,194,0.6354724764823914,0.654639175257732,0.6455896387184731,0.6547361016273499
ep_100_bs_2048_lr_0p001_l1_0,100,2048,0.001,0.0,14,institution,765,194,0.6853336691856384,0.5463917525773195,0.5193693693693694,0.6978674530982971
ep_100_bs_2048_lr_0p001_l1_0,100,2048,0.001,0.0,14,retail,765,194,0.6574200391769409,0.5824742268041238,0.5609020035208315,0.7326991558074951
ep_100_bs_2048_lr_0p001_l1_0,100,2048,0.001,0.0,15,foreign,765,194,0.6310577988624573,0.6082474226804123,0.608080808080808,0.6610742211341858
ep_100_bs_2048_lr_0p001_l1_0,100,2048,0.001,0.0,15,institution,765,194,0.6853967308998108,0.5463917525773195,0.524085637823372,0.6885262727737427
ep_100_bs_2048_lr_0p001_l1_0,100,2048,0.001,0.0,15,retail,765,194,0.6558330655097961,0.5515463917525774,0.5514391261594068,0.702322244644165
ep_100_bs_2048_lr_0p001_l1_0,100,2048,0.001,0.0,16,foreign,768,197,0.6223459839820862,0.5989847715736041,0.5939204174820614,0.7151650190353394
ep_100_bs_2048_lr_0p001_l1_0,100,2048,0.001,0.0,16,institution,768,197,0.6841576099395752,0.5532994923857868,0.5506945884304375,0.7033326029777527
ep_100_bs_2048_lr_0p001_l1_0,100,2048,0.001,0.0,16,retail,768,197,0.6520880460739136,0.5583756345177665,0.5537764586425056,0.7403950691223145
ep_100_bs_2048_lr_0p001_l1_0,100,2048,0.001,0.0,17,foreign,772,194,0.6358179450035095,0.634020618556701,0.5697104120458593,0.6556859612464905
ep_100_bs_2048_lr_0p001_l1_0,100,2048,0.001,0.0,17,institution,772,194,0.6840108633041382,0.5515463917525774,0.5514391261594068,0.6903665065765381
ep_100_bs_2048_lr_0p001_l1_0,100,2048,0.001,0.0,17,retail,772,194,0.6657400131225586,0.6082474226804123,0.532707910750507,0.662024199962616
ep_100_bs_2048_lr_0p001_l1_0,100,2048,0.001,0.0,18,foreign,765,194,0.636121392250061,0.6649484536082474,0.6572903927164018,0.6410545110702515
ep_100_bs_2048_lr_0p001_l1_0,100,2048,0.001,0.0,18,institution,765,194,0.6855742335319519,0.5103092783505154,0.5073641442356526,0.6955429315567017
ep_100_bs_2048_lr_0p001_l1_0,100,2048,0.001,0.0,18,retail,765,194,0.666953980922699,0.654639175257732,0.641602558800011,0.6531996726989746
ep_100_bs_2048_lr_0p001_l1_0,100,2048,0.001,0.0,19,foreign,765,194,0.6369099020957947,0.654639175257732,0.6478174871975506,0.6405028700828552
ep_100_bs_2048_lr_0p001_l1_0,100,2048,0.001,0.0,19,institution,765,194,0.6878783106803894,0.5927835051546392,0.5927726850006643,0.678588330745697
ep_100_bs_2048_lr_0p001_l1_0,100,2048,0.001,0.0,19,retail,765,194,0.6564829349517822,0.5257731958762887,0.5088607594936709,0.6926724910736084
ep_100_bs_2048_lr_0p001_l1_0,100,2048,0.001,0.0,20,foreign,765,194,0.6453893184661865,0.7164948453608248,0.7155804344928696,0.6014169454574585
ep_100_bs_2048_lr_0p001_l1_0,100,2048,0.001,0.0,20,institution,765,194,0.6808280944824219,0.5154639175257731,0.5129273504273505,0.7173171043395996
ep_100_bs_2048_lr_0p001_l1_0,100,2048,0.001,0.0,20,retail,765,194,0.6694034934043884,0.6649484536082474,0.6645116662675925,0.6447042226791382
ep_100_bs_2048_lr_0p001_l1_0,100,2048,0.001,0.0,21,foreign,765,194,0.638331949710846,0.6804123711340206,0.6798679867986799,0.6359574794769287
ep_100_bs_2048_lr_0p001_l1_0,100,2048,0.001,0.0,21,institution,765,194,0.6854187250137329,0.5412371134020618,0.5384779877576114,0.7006321549415588
ep_100_bs_2048_lr_0p001_l1_0,100,2048,0.001,0.0,21,retail,765,194,0.6617364883422852,0.5927835051546392,0.5927726850006643,0.6760736703872681
ep_100_bs_2048_lr_0p001_l1_0,100,2048,0.001,0.0,22,foreign,765,194,0.6334508657455444,0.6134020618556701,0.6003954848809425,0.659448504447937
ep_100_bs_2048_lr_0p001_l1_0,100,2048,0.001,0.0,22,institution,765,194,0.6853612065315247,0.5360824742268041,0.5320540308747856,0.6885427236557007
ep_100_bs_2048_lr_0p001_l1_0,100,2048,0.001,0.0,22,retail,765,194,0.658761203289032,0.5515463917525774,0.5364587624618934,0.6770482659339905
ep_100_bs_2048_lr_0p001_l1_0,100,2048,0.001,0.0,23,foreign,768,197,0.625866711139679,0.6040609137055838,0.5620725034199726,0.6937077045440674
ep_100_bs_2048_lr_0p001_l1_0,100,2048,0.001,0.0,23,institution,768,197,0.6826505064964294,0.4923857868020304,0.4876196421140242,0.7155641913414001
ep_100_bs_2048_lr_0p001_l1_0,100,2048,0.001,0.0,23,retail,768,197,0.6557047963142395,0.5431472081218274,0.5075000000000001,0.7056506276130676
ep_100_bs_2048_lr_0p001_l1_0,100,2048,0.001,0.0,24,foreign,772,194,0.6343438625335693,0.6391752577319587,0.6088709677419355,0.6511151194572449
ep_100_bs_2048_lr_0p001_l1_0,100,2048,0.001,0.0,24,institution,772,194,0.6838468313217163,0.5257731958762887,0.515684359057853,0.693022608757019
ep_100_bs_2048_lr_0p001_l1_0,100,2048,0.001,0.0,24,retail,772,194,0.6703150272369385,0.6804123711340206,0.6440577651515151,0.6427655816078186
ep_100_bs_2048_lr_0p001_l1_0,100,2048,0.001,0.0,25,foreign,765,194,0.634393036365509,0.6185567010309279,0.5890301156532692,0.6521813273429871
ep_100_bs_2048_lr_0p001_l1_0,100,2048,0.001,0.0,25,institution,765,194,0.6846600770950317,0.5567010309278351,0.5528516295025729,0.6864556670188904
ep_100_bs_2048_lr_0p001_l1_0,100,2048,0.001,0.0,25,retail,765,194,0.6602504253387451,0.5463917525773195,0.505159420289855,0.6797364354133606
ep_100_bs_2048_lr_0p001_l1_0,100,2048,0.001,0.0,26,foreign,765,194,0.6425975561141968,0.6855670103092784,0.6749883277031666,0.6154687404632568
ep_100_bs_2048_lr_0p001_l1_0,100,2048,0.001,0.0,26,institution,765,194,0.6775628328323364,0.5103092783505154,0.5073641442356526,0.721971333026886
ep_100_bs_2048_lr_0p001_l1_0,100,2048,0.001,0.0,26,retail,765,194,0.6729422211647034,0.6701030927835051,0.658337919647771,0.637990415096283
ep_100_bs_2048_lr_0p001_l1_0,100,2048,0.001,0.0,27,foreign,765,194,0.6351453065872192,0.6597938144329897,0.6514590592334495,0.6527434587478638
ep_100_bs_2048_lr_0p001_l1_0,100,2048,0.001,0.0,27,institution,765,194,0.6826633214950562,0.5360824742268041,0.5213815789473684,0.700721025466919
ep_100_bs_2048_lr_0p001_l1_0,100,2048,0.001,0.0,27,retail,765,194,0.6662023067474365,0.6443298969072165,0.6350102249488753,0.6600282192230225
ep_100_bs_2048_lr_0p001_l1_0,100,2048,0.001,0.0,28,foreign,765,194,0.6326157450675964,0.6391752577319587,0.5919471153846154,0.6563147902488708
ep_100_bs_2048_lr_0p001_l1_0,100,2048,0.001,0.0,28,institution,765,194,0.6818863749504089,0.4896907216494845,0.4744849098421211,0.6980789303779602
ep_100_bs_2048_lr_0p001_l1_0,100,2048,0.001,0.0,28,retail,765,194,0.66337651014328,0.6237113402061856,0.5692167300380228,0.662302553653717
ep_100_bs_2048_lr_0p001_l1_0,100,2048,0.001,0.0,29,foreign,768,197,0.6239336729049683,0.5939086294416244,0.4897694897694897,0.7010577321052551
ep_100_bs_2048_lr_0p001_l1_0,100,2048,0.001,0.0,29,institution,768,197,0.6816950440406799,0.5228426395939086,0.5222394220846234,0.7035726308822632
ep_100_bs_2048_lr_0p001_l1_0,100,2048,0.001,0.0,29,retail,768,197,0.6611261367797852,0.5989847715736041,0.4990181876710124,0.6815184950828552
ep_100_bs_2048_lr_0p001_l1_0,100,2048,0.001,0.0,30,foreign,772,194,0.6326327919960022,0.5618556701030928,0.5518412827829868,0.6766054034233093
ep_100_bs_2048_lr_0p001_l1_0,100,2048,0.001,0.0,30,institution,772,194,0.6863224506378174,0.6185567010309279,0.6033377541998232,0.6812876462936401
ep_100_bs_2048_lr_0p001_l1_0,100,2048,0.001,0.0,30,retail,772,194,0.6590986847877502,0.5103092783505154,0.5045032934534212,0.6849643588066101
ep_100_bs_2048_lr_0p001_l1_0,100,2048,0.001,0.0,31,foreign,765,194,0.6404160857200623,0.6494845360824743,0.6491489361702127,0.6330512762069702
ep_100_bs_2048_lr_0p001_l1_0,100,2048,0.001,0.0,31,institution,765,194,0.6789953708648682,0.5567010309278351,0.5251593806921676,0.724791944026947
ep_100_bs_2048_lr_0p001_l1_0,100,2048,0.001,0.0,31,retail,765,194,0.6725770831108093,0.6391752577319587,0.6385606302565741,0.6434730291366577
ep_100_bs_2048_lr_0p001_l1_0,100,2048,0.001,0.0,32,foreign,765,194,0.6335509419441223,0.6494845360824743,0.6464408233276158,0.6627629995346069
ep_100_bs_2048_lr_0p001_l1_0,100,2048,0.001,0.0,32,institution,765,194,0.6844714879989624,0.5463917525773195,0.5262515262515263,0.7016966342926025
ep_100_bs_2048_lr_0p001_l1_0,100,2048,0.001,0.0,32,retail,765,194,0.6669739484786987,0.6597938144329897,0.6596491228070176,0.6584357619285583
ep_100_bs_2048_lr_0p001_l1_0,100,2048,0.001,0.0,33,foreign,765,194,0.6336581707000732,0.5979381443298969,0.5893845652881797,0.6502753496170044
ep_100_bs_2048_lr_0p001_l1_0,100,2048,0.001,0.0,33,institution,765,194,0.6839024424552917,0.5154639175257731,0.480988160291439,0.6931731104850769
ep_100_bs_2048_lr_0p001_l1_0,100,2048,0.001,0.0,33,retail,765,194,0.6646131277084351,0.6288659793814433,0.6171052631578948,0.6573037505149841
ep_100_bs_2048_lr_0p001_l1_0,100,2048,0.001,0.0,34,foreign,768,197,0.6270008683204651,0.6142131979695431,0.5949134199134198,0.6749445199966431
ep_100_bs_2048_lr_0p001_l1_0,100,2048,0.001,0.0,34,institution,768,197,0.6827051639556885,0.4314720812182741,0.4302829993802933,0.7092125415802002
ep_100_bs_2048_lr_0p001_l1_0,100,2048,0.001,0.0,34,retail,768,197,0.663194477558136,0.6446700507614214,0.6212370907492859,0.6697546243667603
ep_100_bs_2048_lr_0p001_l1_0,100,2048,0.001,0.0,35,foreign,772,194,0.6412985324859619,0.6237113402061856,0.622899747037678,0.6304372549057007
ep_100_bs_2048_lr_0p001_l1_0,100,2048,0.001,0.0,35,institution,772,194,0.6810598969459534,0.5567010309278351,0.5485930735930736,0.7138447165489197
ep_100_bs_2048_lr_0p001_l1_0,100,2048,0.001,0.0,35,retail,772,194,0.662662148475647,0.5360824742268041,0.5352922389013095,0.6763108968734741
ep_100_bs_2048_lr_0p001_l1_0,100,2048,0.001,0.0,36,foreign,765,194,0.6342099905014038,0.6288659793814433,0.6256432246998285,0.662971019744873
ep_100_bs_2048_lr_0p001_l1_0,100,2048,0.001,0.0,36,institution,765,194,0.6854526996612549,0.5567010309278351,0.5426535087719299,0.6905862092971802
ep_100_bs_2048_lr_0p001_l1_0,100,2048,0.001,0.0,36,retail,765,194,0.6561903357505798,0.5154639175257731,0.5141730605285593,0.6991984844207764
ep_100_bs_2048_lr_0p001_l1_0,100,2048,0.001,0.0,37,foreign,765,194,0.6344926953315735,0.6082474226804123,0.6021586616297896,0.6464093327522278
ep_100_bs_2048_lr_0p001_l1_0,100,2048,0.001,0.0,37,institution,765,194,0.684898853302002,0.5618556701030928,0.5434030181365084,0.6890178322792053
ep_100_bs_2048_lr_0p001_l1_0,100,2048,0.001,0.0,37,retail,765,194,0.6535801887512207,0.4948453608247423,0.484098556387713,0.697902262210846
ep_100_bs_2048_lr_0p001_l1_0,100,2048,0.001,0.0,38,foreign,768,197,0.6267752051353455,0.6040609137055838,0.5861344537815126,0.6833261251449585
ep_100_bs_2048_lr_0p001_l1_0,100,2048,0.001,0.0,38,institution,768,197,0.6855277419090271,0.5431472081218274,0.5430412371134021,0.6887251734733582
ep_100_bs_2048_lr_0p001_l1_0,100,2048,0.001,0.0,38,retail,768,197,0.6506863832473755,0.5076142131979695,0.4841679039006613,0.7214076519012451
ep_100_bs_2048_lr_0p001_l1_0,100,2048,0.001,0.0,39,foreign,772,194,0.6403325200080872,0.6597938144329897,0.6476609796367638,0.6300469636917114
ep_100_bs_2048_lr_0p001_l1_0,100,2048,0.001,0.0,39,institution,772,194,0.6808251142501831,0.5309278350515464,0.5089973578083715,0.7129415273666382
ep_100_bs_2048_lr_0p001_l1_0,100,2048,0.001,0.0,39,retail,772,194,0.6689901947975159,0.6185567010309279,0.6185567010309279,0.6525699496269226
ep_100_bs_2048_lr_0p001_l1_0,100,2048,0.001,0.0,40,foreign,765,194,0.6428943872451782,0.654639175257732,0.6541889483065954,0.6094306111335754
ep_100_bs_2048_lr_0p001_l1_0,100,2048,0.001,0.0,40,institution,765,194,0.6779043078422546,0.5103092783505154,0.4938342808491939,0.7255920767784119
ep_100_bs_2048_lr_0p001_l1_0,100,2048,0.001,0.0,40,retail,765,194,0.6665221452713013,0.6134020618556701,0.6133095915167299,0.6524713635444641
ep_100_bs_2048_lr_0p001_l1_0,100,2048,0.001,0.0,41,foreign,768,197,0.6353867053985596,0.6548223350253807,0.6482142857142856,0.6455467939376831
ep_100_bs_2048_lr_0p001_l1_0,100,2048,0.001,0.0,41,institution,768,197,0.6779053211212158,0.5126903553299492,0.5090342679127726,0.7307001948356628
ep_100_bs_2048_lr_0p001_l1_0,100,2048,0.001,0.0,41,retail,768,197,0.6644593477249146,0.6243654822335025,0.6208385351643779,0.6848431825637817
ep_100_bs_2048_lr_0p001_l1_0,100,2048,0.001,0.0,42,foreign,772,194,0.6366668939590454,0.634020618556701,0.6335435123846012,0.6403104066848755
ep_100_bs_2048_lr_0p001_l1_0,100,2048,0.001,0.0,42,institution,772,194,0.6824210286140442,0.5360824742268041,0.490546218487395,0.7017507553100586
ep_100_bs_2048_lr_0p001_l1_0,100,2048,0.001,0.0,42,retail,772,194,0.65981125831604,0.5927835051546392,0.5925128286937331,0.6764688491821289
ep_100_bs_2048_lr_0p001_l1_0,100,2048,0.001,0.0,43,foreign,768,197,0.626903772354126,0.6192893401015228,0.6153245333125049,0.6908183693885803
ep_100_bs_2048_lr_0p001_l1_0,100,2048,0.001,0.0,43,institution,768,197,0.6818447709083557,0.4771573604060913,0.4771034660481896,0.7214078903198242
ep_100_bs_2048_lr_0p001_l1_0,100,2048,0.001,0.0,43,retail,768,197,0.6572548151016235,0.5989847715736041,0.5974912711754817,0.698525607585907
ep_100_bs_2048_lr_0p001_l1_0,100,2048,0.001,0.0,44,foreign,775,197,0.6272673606872559,0.6040609137055838,0.575618647812638,0.6822794079780579
ep_100_bs_2048_lr_0p001_l1_0,100,2048,0.001,0.0,44,institution,775,197,0.6833648085594177,0.5177664974619289,0.5169699316040779,0.697156548500061
ep_100_bs_2048_lr_0p001_l1_0,100,2048,0.001,0.0,44,retail,775,197,0.6569514274597168,0.583756345177665,0.5563063063063063,0.6919007301330566
